<joblist>
  <job>
    <defaultTab>nodes</defaultTab>
    <description>Ingest�o da tabela ALLERGY</description>
    <dispatch>
      <excludePrecedence>true</excludePrecedence>
      <keepgoing>false</keepgoing>
      <rankOrder>ascending</rankOrder>
      <successOnEmptyNodeFilter>false</successOnEmptyNodeFilter>
      <threadcount>1</threadcount>
    </dispatch>
    <executionEnabled>true</executionEnabled>
    <group>STG_MILLENNIUM - Modularizado/STAGE 06</group>
    <id>34ef376d-fa1d-4dfc-b659-03e0fcd4eb05</id>
    <loglevel>INFO</loglevel>
    <name>007 - ALLERGY</name>
    <nodeFilterEditable>false</nodeFilterEditable>
    <nodefilters>
      <filter>lpfbigdap02*</filter>
    </nodefilters>
    <nodesSelectedByDefault>true</nodesSelectedByDefault>
    <scheduleEnabled>true</scheduleEnabled>
    <sequence keepgoing='false' strategy='node-first'>
      <command>
        <description>ALLERGY</description>
        <script><![CDATA[cd $SCRIPTS_DIR/ingestions/
#sh ingestion.sh --env millennium --sourcetable $1 --all 1
sh ingestion-new.sh --env millennium --sourcetable allergy --all 1]]></script>
        <scriptargs>ALLERGY</scriptargs>
      </command>
    </sequence>
    <uuid>34ef376d-fa1d-4dfc-b659-03e0fcd4eb05</uuid>
  </job>
</joblist>