<joblist>
  <job>
    <defaultTab>nodes</defaultTab>
    <description>Ingest�o da Tabela ENCNTR_ALIAS, em modo DELTA LOAD e apenas para testes.</description>
    <dispatch>
      <excludePrecedence>true</excludePrecedence>
      <keepgoing>false</keepgoing>
      <rankOrder>ascending</rankOrder>
      <successOnEmptyNodeFilter>false</successOnEmptyNodeFilter>
      <threadcount>1</threadcount>
    </dispatch>
    <executionEnabled>true</executionEnabled>
    <group>STG_MILLENNIUM - Modularizado/STAGE 06</group>
    <id>5eab0a52-b7fc-444b-9d7c-4aa78a8acbb7</id>
    <loglevel>INFO</loglevel>
    <name>002 - ENCNTR_ALIAS_TEST</name>
    <nodeFilterEditable>false</nodeFilterEditable>
    <nodefilters>
      <filter>lpfbigdap02*</filter>
    </nodefilters>
    <nodesSelectedByDefault>true</nodesSelectedByDefault>
    <scheduleEnabled>true</scheduleEnabled>
    <sequence keepgoing='false' strategy='node-first'>
      <command>
        <description>ENCNTR_ALIAS</description>
        <script><![CDATA[cd $SCRIPTS_DIR/ingestions/
sh ingestion-new.sh --env millennium --sourcetable encntr_alias --all 1

# #echo "INGESTION_SQOOP_DIR: $INGESTION_SQOOP_DIR"
# #cd $INGESTION_SQOOP_DIR
# #echo "INICIANDO CARGA DA TABELA $1"
# #sh sqoop_import.sh --env millennium --sourcetable $1 --extraoptions "--map-column-java ENCNTR_ALIAS_ID=Long,ENCNTR_ID=Long,UPDT_CNT=Long,UPDT_DT_TM=String,UPDT_ID=Long,UPDT_TASK=Long,UPDT_APPLCTX=Long,ACTIVE_IND=Long,ACTIVE_STATUS_CD=Long,ACTIVE_STATUS_DT_TM=String,ACTIVE_STATUS_PRSNL_ID=Long,ALIAS_POOL_CD=Long,ENCNTR_ALIAS_TYPE_CD=Long,ENCNTR_ALIAS_SUB_TYPE_CD=Long,CHECK_DIGIT=Long,CHECK_DIGIT_METHOD_CD=Long,BEG_EFFECTIVE_DT_TM=String,END_EFFECTIVE_DT_TM=String,DATA_STATUS_CD=Long,DATA_STATUS_DT_TM=String,DATA_STATUS_PRSNL_ID=Long,CONTRIBUTOR_SYSTEM_CD=Long,ASSIGN_AUTHORITY_SYS_CD=Long"
# #impala-shell -i lpfda05.domhiae.einstein.br:21000 -q "invalidate metadata stg_millennium.$1"

# # echo "INGESTION_SQOOP_DIR: $INGESTION_SQOOP_DIR"
# # cd $INGESTION_SQOOP_DIR
# # echo "INICIANDO CARGA DA TABELA $1"
# # sh sqoop_import.sh --env millennium --sourcetable $1 --dias 1  --mode DELTA --splitby ENCNTR_ALIAS_ID  --updtcol UPDT_DT_TM --cols "encntr_alias_id, encntr_id, updt_cnt, updt_dt_tm, updt_id, updt_task, updt_applctx, active_ind, active_status_cd, active_status_dt_tm, active_status_prsnl_id, alias_pool_cd, encntr_alias_type_cd, alias, encntr_alias_sub_type_cd, check_digit, check_digit_method_cd, beg_effective_dt_tm, end_effective_dt_tm, data_status_cd, data_status_dt_tm, data_status_prsnl_id, contributor_system_cd, assign_authority_sys_cd" --extraoptions "--map-column-java ENCNTR_ALIAS_ID=Long,ENCNTR_ID=Long,UPDT_CNT=Long,UPDT_DT_TM=String,UPDT_ID=Long,UPDT_TASK=Long,UPDT_APPLCTX=Long,ACTIVE_IND=Long,ACTIVE_STATUS_CD=Long,ACTIVE_STATUS_DT_TM=String,ACTIVE_STATUS_PRSNL_ID=Long,ALIAS_POOL_CD=Long,ENCNTR_ALIAS_TYPE_CD=Long,ENCNTR_ALIAS_SUB_TYPE_CD=Long,CHECK_DIGIT=Long,CHECK_DIGIT_METHOD_CD=Long,BEG_EFFECTIVE_DT_TM=String,END_EFFECTIVE_DT_TM=String,DATA_STATUS_CD=Long,DATA_STATUS_DT_TM=String,DATA_STATUS_PRSNL_ID=Long,CONTRIBUTOR_SYSTEM_CD=Long,ASSIGN_AUTHORITY_SYS_CD=Long"
# # cd $SCRIPTS_DIR/work-hiae
# # sh pyspark_submit_fromUTCtoTZ_delta.sh stage-encntr_alias-delta ENCNTR_ALIAS_ID UPDT_DT_TM stg_millennium.encntr_alias


# full_sqoop(){
# echo "INGESTION_SQOOP_DIR: $INGESTION_SQOOP_DIR"
# cd $INGESTION_SQOOP_DIR
# echo "INICIANDO CARGA DA TABELA $1"
# sh sqoop_import.sh --env millennium --sourcetable $1 --extraoptions "--map-column-java ENCNTR_ALIAS_ID=Long,ENCNTR_ID=Long,UPDT_CNT=Long,UPDT_DT_TM=String,UPDT_ID=Long,UPDT_TASK=Long,UPDT_APPLCTX=Long,ACTIVE_IND=Long,ACTIVE_STATUS_CD=Long,ACTIVE_STATUS_DT_TM=String,ACTIVE_STATUS_PRSNL_ID=Long,ALIAS_POOL_CD=Long,ENCNTR_ALIAS_TYPE_CD=Long,ENCNTR_ALIAS_SUB_TYPE_CD=Long,CHECK_DIGIT=Long,CHECK_DIGIT_METHOD_CD=Long,BEG_EFFECTIVE_DT_TM=String,END_EFFECTIVE_DT_TM=String,DATA_STATUS_CD=Long,DATA_STATUS_DT_TM=String,DATA_STATUS_PRSNL_ID=Long,CONTRIBUTOR_SYSTEM_CD=Long,ASSIGN_AUTHORITY_SYS_CD=Long"
# #impala-shell -i lpfda05.domhiae.einstein.br:21000 -q "invalidate metadata stg_millennium.$1"
# }
# full_tz(){
# echo "INICIANDO MUDANCA DE TZ DA FULL TABELA $1"
# cd $SCRIPTS_DIR/work-hiae
# sh pyspark_submit_fromUTCtoTZ_Full.sh $1-Full stg_millennium.$1
# }
# delta_sqoop(){
# echo "INGESTION_SQOOP_DIR: $INGESTION_SQOOP_DIR"
# cd $INGESTION_SQOOP_DIR
# echo "INICIANDO CARGA DELTA DA TABELA $1"
# sh sqoop_import.sh --env millennium --sourcetable $1 --dias 1  --mode DELTA --splitby ENCNTR_ALIAS_ID  --updtcol UPDT_DT_TM --cols "encntr_alias_id, encntr_id, updt_cnt, updt_dt_tm, updt_id, updt_task, updt_applctx, active_ind, active_status_cd, active_status_dt_tm, active_status_prsnl_id, alias_pool_cd, encntr_alias_type_cd, alias, encntr_alias_sub_type_cd, check_digit, check_digit_method_cd, beg_effective_dt_tm, end_effective_dt_tm, data_status_cd, data_status_dt_tm, data_status_prsnl_id, contributor_system_cd, assign_authority_sys_cd" --extraoptions "--map-column-java ENCNTR_ALIAS_ID=Long,ENCNTR_ID=Long,UPDT_CNT=Long,UPDT_DT_TM=String,UPDT_ID=Long,UPDT_TASK=Long,UPDT_APPLCTX=Long,ACTIVE_IND=Long,ACTIVE_STATUS_CD=Long,ACTIVE_STATUS_DT_TM=String,ACTIVE_STATUS_PRSNL_ID=Long,ALIAS_POOL_CD=Long,ENCNTR_ALIAS_TYPE_CD=Long,ENCNTR_ALIAS_SUB_TYPE_CD=Long,CHECK_DIGIT=Long,CHECK_DIGIT_METHOD_CD=Long,BEG_EFFECTIVE_DT_TM=String,END_EFFECTIVE_DT_TM=String,DATA_STATUS_CD=Long,DATA_STATUS_DT_TM=String,DATA_STATUS_PRSNL_ID=Long,CONTRIBUTOR_SYSTEM_CD=Long,ASSIGN_AUTHORITY_SYS_CD=Long"
# }
# delta_tz(){
# cd $SCRIPTS_DIR/work-hiae
# sh pyspark_submit_fromUTCtoTZ_delta.sh stage-encntr_alias-delta ENCNTR_ALIAS_ID UPDT_DT_TM stg_millennium.encntr_alias
# }
# drop_tmp(){
# beeline -u "jdbc:hive2://lpfbigdap01.einstein.br:10000/default;principal=hive/lpfbigdap01.einstein.br@DOMHIAE.EINSTEIN.BR" -e "drop table stg_millennium.$1_tmp"
# beeline -u "jdbc:hive2://lpfbigdap01.einstein.br:10000/default;principal=hive/lpfbigdap01.einstein.br@DOMHIAE.EINSTEIN.BR" -e "drop table stg_millennium.$1_delta"
# }

# drop_table(){
# beeline -u "jdbc:hive2://lpfbigdap01.einstein.br:10000/default;principal=hive/lpfbigdap01.einstein.br@DOMHIAE.EINSTEIN.BR" -e "drop table stg_millennium.$1"  
# }

# add_role(){
# beeline -u "jdbc:hive2://lpfbigdap01.einstein.br:10000/default;principal=hive/lpfbigdap01.einstein.br@DOMHIAE.EINSTEIN.BR" -e "grant select on table stg_millennium.encntr_alias to role role_gov_hdrdt_producao_l"
# }

# drop_table $1 && full_sqoop $1 && full_tz $1 && drop_tmp $1 && add_role && echo "carga full finalizada com sucesso" || exit 1

# #delta_sqoop $1 && delta_tz $1 && drop_tmp $1 && echo "carga delta finalizada com sucesso" || exit 1
]]></script>
        <scriptargs>ENCNTR_ALIAS</scriptargs>
      </command>
    </sequence>
    <uuid>5eab0a52-b7fc-444b-9d7c-4aa78a8acbb7</uuid>
  </job>
</joblist>