<joblist>
  <job>
    <defaultTab>nodes</defaultTab>
    <description>Ingest�o da Tabela PERSON_ALIAS</description>
    <dispatch>
      <excludePrecedence>true</excludePrecedence>
      <keepgoing>false</keepgoing>
      <rankOrder>ascending</rankOrder>
      <successOnEmptyNodeFilter>false</successOnEmptyNodeFilter>
      <threadcount>1</threadcount>
    </dispatch>
    <executionEnabled>true</executionEnabled>
    <group>STG_MILLENNIUM - Modularizado/STAGE 06</group>
    <id>9b3f499d-7d51-4327-a347-a02bf14dbd86</id>
    <loglevel>INFO</loglevel>
    <name>003 - PERSON_ALIAS</name>
    <nodeFilterEditable>false</nodeFilterEditable>
    <nodefilters>
      <filter>lpfbigdap02*</filter>
    </nodefilters>
    <nodesSelectedByDefault>true</nodesSelectedByDefault>
    <scheduleEnabled>true</scheduleEnabled>
    <sequence keepgoing='false' strategy='node-first'>
      <command>
        <description>PERSON_ALIAS</description>
        <script><![CDATA[cd $SCRIPTS_DIR/ingestions/

sh ingestion-new.sh --env millennium --sourcetable $1 --all 1

#sh ingestion.sh --env millennium --sourcetable $1

# # echo "INGESTION_SQOOP_DIR: $INGESTION_SQOOP_DIR"
# # cd $INGESTION_SQOOP_DIR
# # echo "INICIANDO CARGA DA TABELA $1"
# # sh sqoop_import.sh --env millennium --sourcetable $1 --extraoptions "--map-column-java PERSON_ALIAS_RECORD_STATUS_CD=Long,ALIAS_EXPIRY_DT_TM=String,ALIAS=String,PERSON_ALIAS_SUB_TYPE_CD=Long,CHECK_DIGIT=Integer,CHECK_DIGIT_METHOD_CD=Long,BEG_EFFECTIVE_DT_TM=String,END_EFFECTIVE_DT_TM=String,DATA_STATUS_CD=Long,DATA_STATUS_DT_TM=String,DATA_STATUS_PRSNL_ID=Long,CONTRIBUTOR_SYSTEM_CD=Long,VISIT_SEQ_NBR=Integer,HEALTH_CARD_PROVINCE=String,HEALTH_CARD_VER_CODE=String,ASSIGN_AUTHORITY_SYS_CD=Long,HEALTH_CARD_ISSUE_DT_TM=String,HEALTH_CARD_EXPIRY_DT_TM=String,HEALTH_CARD_TYPE=String,PERSON_ALIAS_STATUS_CD=Long,PERSON_ALIAS_ID=Long,PERSON_ID=Long,UPDT_CNT=Integer,UPDT_DT_TM=String,UPDT_ID=Long,UPDT_TASK=Integer,UPDT_APPLCTX=Integer,ACTIVE_IND=Integer,ACTIVE_STATUS_CD=Long,ACTIVE_STATUS_DT_TM=String,ACTIVE_STATUS_PRSNL_ID=Long,ALIAS_POOL_CD=Long,PERSON_ALIAS_TYPE_CD=Long"
# # #impala-shell -i lpfda05.domhiae.einstein.br:21000 -q "invalidate metadata stg_millennium.$1"


# # echo "INGESTION_SQOOP_DIR: $INGESTION_SQOOP_DIR"
# # cd $INGESTION_SQOOP_DIR
# # echo "INICIANDO CARGA DELTA DA TABELA $1"
# # sh sqoop_import.sh --env millennium --sourcetable $1 --dias 1 --mode DELTA --splitby PERSON_ALIAS_ID  --updtcol UPDT_DT_TM --cols "*" --extraoptions "--map-column-java PERSON_ALIAS_RECORD_STATUS_CD=Long,ALIAS_EXPIRY_DT_TM=String,ALIAS=String,PERSON_ALIAS_SUB_TYPE_CD=Long,CHECK_DIGIT=Integer,CHECK_DIGIT_METHOD_CD=Long,BEG_EFFECTIVE_DT_TM=String,END_EFFECTIVE_DT_TM=String,DATA_STATUS_CD=Long,DATA_STATUS_DT_TM=String,DATA_STATUS_PRSNL_ID=Long,CONTRIBUTOR_SYSTEM_CD=Long,VISIT_SEQ_NBR=Integer,HEALTH_CARD_PROVINCE=String,HEALTH_CARD_VER_CODE=String,ASSIGN_AUTHORITY_SYS_CD=Long,HEALTH_CARD_ISSUE_DT_TM=String,HEALTH_CARD_EXPIRY_DT_TM=String,HEALTH_CARD_TYPE=String,PERSON_ALIAS_STATUS_CD=Long,PERSON_ALIAS_ID=Long,PERSON_ID=Long,UPDT_CNT=Integer,UPDT_DT_TM=String,UPDT_ID=Long,UPDT_TASK=Integer,UPDT_APPLCTX=Integer,ACTIVE_IND=Integer,ACTIVE_STATUS_CD=Long,ACTIVE_STATUS_DT_TM=String,ACTIVE_STATUS_PRSNL_ID=Long,ALIAS_POOL_CD=Long,PERSON_ALIAS_TYPE_CD=Long"
# # cd $SCRIPTS_DIR/work-hiae
# # sh pyspark_submit_fromUTCtoTZ_delta.sh stage-$1-delta PERSON_ALIAS_ID UPDT_DT_TM stg_millennium.$1
# # hive -e "drop table stg_millennium.$1_tmp"
# # hive -e "drop table stg_millennium.$1_delta"

# full_sqoop(){
# echo "INGESTION_SQOOP_DIR: $INGESTION_SQOOP_DIR"
# cd $INGESTION_SQOOP_DIR
# echo "INICIANDO CARGA DA TABELA $1"
# sh sqoop_import.sh --env millennium --sourcetable $1 --extraoptions "--map-column-java PERSON_ALIAS_RECORD_STATUS_CD=Long,ALIAS_EXPIRY_DT_TM=String,ALIAS=String,PERSON_ALIAS_SUB_TYPE_CD=Long,CHECK_DIGIT=Integer,CHECK_DIGIT_METHOD_CD=Long,BEG_EFFECTIVE_DT_TM=String,END_EFFECTIVE_DT_TM=String,DATA_STATUS_CD=Long,DATA_STATUS_DT_TM=String,DATA_STATUS_PRSNL_ID=Long,CONTRIBUTOR_SYSTEM_CD=Long,VISIT_SEQ_NBR=Integer,HEALTH_CARD_PROVINCE=String,HEALTH_CARD_VER_CODE=String,ASSIGN_AUTHORITY_SYS_CD=Long,HEALTH_CARD_ISSUE_DT_TM=String,HEALTH_CARD_EXPIRY_DT_TM=String,HEALTH_CARD_TYPE=String,PERSON_ALIAS_STATUS_CD=Long,PERSON_ALIAS_ID=Long,PERSON_ID=Long,UPDT_CNT=Integer,UPDT_DT_TM=String,UPDT_ID=Long,UPDT_TASK=Integer,UPDT_APPLCTX=Integer,ACTIVE_IND=Integer,ACTIVE_STATUS_CD=Long,ACTIVE_STATUS_DT_TM=String,ACTIVE_STATUS_PRSNL_ID=Long,ALIAS_POOL_CD=Long,PERSON_ALIAS_TYPE_CD=Long"
# #impala-shell -i lpfda05.domhiae.einstein.br:21000 -q "invalidate metadata stg_millennium.$1"
# }
# full_tz(){
# echo "INICIANDO MUDANCA DE TZ DA FULL TABELA $1"
# cd $SCRIPTS_DIR/work-hiae
# sh pyspark_submit_fromUTCtoTZ_Full.sh $1-Full stg_millennium.$1
# }
# delta_sqoop(){
# echo "INGESTION_SQOOP_DIR: $INGESTION_SQOOP_DIR"
# cd $INGESTION_SQOOP_DIR
# echo "INICIANDO CARGA DELTA DA TABELA $1"
# sh sqoop_import.sh --env millennium --sourcetable $1 --dias 1 --mode DELTA --splitby PERSON_ALIAS_ID  --updtcol UPDT_DT_TM --cols "*" --extraoptions "--map-column-java PERSON_ALIAS_RECORD_STATUS_CD=Long,ALIAS_EXPIRY_DT_TM=String,ALIAS=String,PERSON_ALIAS_SUB_TYPE_CD=Long,CHECK_DIGIT=Integer,CHECK_DIGIT_METHOD_CD=Long,BEG_EFFECTIVE_DT_TM=String,END_EFFECTIVE_DT_TM=String,DATA_STATUS_CD=Long,DATA_STATUS_DT_TM=String,DATA_STATUS_PRSNL_ID=Long,CONTRIBUTOR_SYSTEM_CD=Long,VISIT_SEQ_NBR=Integer,HEALTH_CARD_PROVINCE=String,HEALTH_CARD_VER_CODE=String,ASSIGN_AUTHORITY_SYS_CD=Long,HEALTH_CARD_ISSUE_DT_TM=String,HEALTH_CARD_EXPIRY_DT_TM=String,HEALTH_CARD_TYPE=String,PERSON_ALIAS_STATUS_CD=Long,PERSON_ALIAS_ID=Long,PERSON_ID=Long,UPDT_CNT=Integer,UPDT_DT_TM=String,UPDT_ID=Long,UPDT_TASK=Integer,UPDT_APPLCTX=Integer,ACTIVE_IND=Integer,ACTIVE_STATUS_CD=Long,ACTIVE_STATUS_DT_TM=String,ACTIVE_STATUS_PRSNL_ID=Long,ALIAS_POOL_CD=Long,PERSON_ALIAS_TYPE_CD=Long"
# }
# delta_tz(){
# cd $SCRIPTS_DIR/work-hiae
# sh pyspark_submit_fromUTCtoTZ_delta.sh stage-$1-delta PERSON_ALIAS_ID UPDT_DT_TM stg_millennium.$1
# }
# drop_tmp(){
# hive -e "drop table stg_millennium.$1_tmp"
# hive -e "drop table stg_millennium.$1_delta"
# }

# drop_table(){
#     hive -e "drop table stg_millennium.$1"
# }

# #drop_table $1 && full_sqoop $1 && full_tz $1 && drop_tmp $1 && echo "carga full finalizada com sucesso" || exit 1

# delta_sqoop $1 && delta_tz $1 && drop_tmp $1 && echo "carga delta finalizada com sucesso" || exit 1
]]></script>
        <scriptargs>PERSON_ALIAS</scriptargs>
      </command>
    </sequence>
    <uuid>9b3f499d-7d51-4327-a347-a02bf14dbd86</uuid>
  </job>
</joblist>