<joblist>
  <job>
    <defaultTab>nodes</defaultTab>
    <description>Ingest�o da tabela mic_order_lab</description>
    <dispatch>
      <excludePrecedence>true</excludePrecedence>
      <keepgoing>false</keepgoing>
      <rankOrder>ascending</rankOrder>
      <successOnEmptyNodeFilter>false</successOnEmptyNodeFilter>
      <threadcount>1</threadcount>
    </dispatch>
    <executionEnabled>true</executionEnabled>
    <group>STG_MILLENNIUM - Modularizado/STAGE 13</group>
    <id>576c0e97-a557-4f15-9a71-9c3a7d17ffdc</id>
    <loglevel>INFO</loglevel>
    <name>006 - MIC_ORDER_LAB</name>
    <nodeFilterEditable>false</nodeFilterEditable>
    <nodefilters>
      <filter>lpfbigdap02*</filter>
    </nodefilters>
    <nodesSelectedByDefault>true</nodesSelectedByDefault>
    <scheduleEnabled>true</scheduleEnabled>
    <sequence keepgoing='false' strategy='node-first'>
      <command>
        <description>MIC_ORDER_LAB</description>
        <script><![CDATA[cd $SCRIPTS_DIR/ingestions/

sh ingestion-new.sh --env millennium --sourcetable $1 --all 1

#cd $SCRIPTS_DIR/ingestions/
#sh ingestion.sh --env millennium --sourcetable $1

# full_sqoop(){
# echo "INGESTION_SQOOP_DIR: $INGESTION_SQOOP_DIR"
# cd $INGESTION_SQOOP_DIR
# echo "INICIANDO CARGA DA TABELA $1"
# sh sqoop_import.sh --env millennium --sourcetable $1 --extraoptions "--map-column-java ORDER_ID=Long,CATALOG_CD=Long,DOWNLOAD_IND=Long,ORDER_LOCK_ID=Long,ORDER_LOCK_DT_TM=String,POSITIVE_IND=Long,PRELIMINARY_POSITIVE_IND=Long,PURGE_DT_TM=String,RESTORED_DT_TM=String,ARCHIVE_DT_TM=String,SUSCEPTIBILITY_IND=Long,REPORT_IND=Long,STATUS_CD=Long,SUS_INSTR_ID_NBR=String,EVENT_FLAG=Long,CULTURE_START_DT_TM=String,COMPLETE_DT_TM=String,UPDT_CNT=Long,UPDT_DT_TM=String,UPDT_ID=Long,UPDT_TASK=Long,UPDT_APPLCTX=Long,INTERP_TEXT_ID=Long,SERVICE_RESOURCE_CD=Long,TASK_ASSAY_CD=Long,NOSOCOMIAL_IND=Long"
# }
# full_tz()
# {
# echo "INICIANDO MUDANCA DE TZ DA FULL TABELA $1"
# cd $SCRIPTS_DIR/work-hiae
# sh pyspark_submit_fromUTCtoTZ_Full.sh $1-Full stg_millennium.$1 6 3 5g
# }
# delta_sqoop(){
# echo "INGESTION_SQOOP_DIR: $INGESTION_SQOOP_DIR"
# cd $INGESTION_SQOOP_DIR
# echo "INICIANDO CARGA DA TABELA $1"
# sh sqoop_import.sh --env millennium --mode DELTA --dias 1 --sourcetable $1 --splitby ORDER_ID --updtcol UPDT_DT_TM --cols "ORDER_ID,CATALOG_CD,DOWNLOAD_IND,ORDER_LOCK_ID,ORDER_LOCK_DT_TM,POSITIVE_IND,PRELIMINARY_POSITIVE_IND,PURGE_DT_TM,RESTORED_DT_TM,ARCHIVE_DT_TM,SUSCEPTIBILITY_IND,REPORT_IND,STATUS_CD,SUS_INSTR_ID_NBR,EVENT_FLAG,CULTURE_START_DT_TM,COMPLETE_DT_TM,UPDT_CNT,UPDT_DT_TM,UPDT_ID,UPDT_TASK,UPDT_APPLCTX,INTERP_TEXT_ID,SERVICE_RESOURCE_CD,TASK_ASSAY_CD,NOSOCOMIAL_IND" --extraoptions "--map-column-java ORDER_ID=Long,CATALOG_CD=Long,DOWNLOAD_IND=Long,ORDER_LOCK_ID=Long,ORDER_LOCK_DT_TM=String,POSITIVE_IND=Long,PRELIMINARY_POSITIVE_IND=Long,PURGE_DT_TM=String,RESTORED_DT_TM=String,ARCHIVE_DT_TM=String,SUSCEPTIBILITY_IND=Long,REPORT_IND=Long,STATUS_CD=Long,SUS_INSTR_ID_NBR=String,EVENT_FLAG=Long,CULTURE_START_DT_TM=String,COMPLETE_DT_TM=String,UPDT_CNT=Long,UPDT_DT_TM=String,UPDT_ID=Long,UPDT_TASK=Long,UPDT_APPLCTX=Long,INTERP_TEXT_ID=Long,SERVICE_RESOURCE_CD=Long,TASK_ASSAY_CD=Long,NOSOCOMIAL_IND=Long"
# }
# delta_tz(){
# cd $SCRIPTS_DIR/work-hiae
# sh pyspark_submit_fromUTCtoTZ_delta.sh stg-$1-delta ORDER_ID UPDT_DT_TM stg_millennium.mic_order_lab 4 2 5g
# }
# drop_tmp()
# {
# hive -e "drop table stg_millennium.$1_tmp"
# hive -e "drop table stg_millennium.$1_delta"
# }
# drop_table(){
# hive -e "drop table stg_millennium.$1"  
# }


# drop_table $1 && full_sqoop $1 && full_tz $1 && drop_tmp $1 && echo "carga full finalizada com sucesso" || exit 1
# #delta_sqoop $1 && delta_tz $1 && drop_tmp $1 && echo "carga delta finalizada com sucesso" || exit 1
]]></script>
        <scriptargs>mic_order_lab</scriptargs>
      </command>
    </sequence>
    <uuid>576c0e97-a557-4f15-9a71-9c3a7d17ffdc</uuid>
  </job>
</joblist>