<joblist>
  <job>
    <defaultTab>nodes</defaultTab>
    <description>Ingest�o da tabela ORDER_CATALOG_SYNONYM</description>
    <dispatch>
      <excludePrecedence>true</excludePrecedence>
      <keepgoing>false</keepgoing>
      <rankOrder>ascending</rankOrder>
      <successOnEmptyNodeFilter>false</successOnEmptyNodeFilter>
      <threadcount>1</threadcount>
    </dispatch>
    <executionEnabled>true</executionEnabled>
    <group>STG_MILLENNIUM - Modularizado/STAGE 13</group>
    <id>baa3faba-087c-4d92-9dc3-70f65cdaa0c7</id>
    <loglevel>INFO</loglevel>
    <name>005 - ORDER_CATALOG_SYNONYM</name>
    <nodeFilterEditable>false</nodeFilterEditable>
    <nodefilters>
      <filter>lpfbigdap02*</filter>
    </nodefilters>
    <nodesSelectedByDefault>true</nodesSelectedByDefault>
    <scheduleEnabled>true</scheduleEnabled>
    <sequence keepgoing='false' strategy='node-first'>
      <command>
        <description>ORDER_CATALOG_SYNONYM</description>
        <script><![CDATA[cd $SCRIPTS_DIR/ingestions/

sh ingestion-new.sh --env millennium --sourcetable $1 --all 1

#cd $SCRIPTS_DIR/ingestions/
#sh ingestion.sh --env millennium --sourcetable $1

# # echo "INGESTION_SQOOP_DIR: $INGESTION_SQOOP_DIR"
# # cd $INGESTION_SQOOP_DIR
# # echo "INICIANDO CARGA DA TABELA $1"
# # sh sqoop_import.sh --env millennium --sourcetable $1 --dias 1 --mode DELTA --splitby SYNONYM_ID  --updtcol UPDT_DT_TM --cols "*" --extraoptions "--map-column-java SYNONYM_ID=Long,CATALOG_CD=Long,CATALOG_TYPE_CD=Long,MNEMONIC=String,MNEMONIC_KEY_CAP=String,MNEMONIC_TYPE_CD=Long,OE_FORMAT_ID=Long,ORDER_SENTENCE_ID=Long,ACTIVE_IND=Long,ACTIVITY_TYPE_CD=Long,UPDT_APPLCTX=Integer,UPDT_CNT=Integer,UPDT_DT_TM=String,UPDT_ID=Long,UPDT_TASK=Integer,ACTIVITY_SUBTYPE_CD=Long,ORDERABLE_TYPE_FLAG=Integer,ACTIVE_STATUS_CD=Long,ACTIVE_STATUS_DT_TM=String,ACTIVE_STATUS_PRSNL_ID=Long,REF_TEXT_MASK=Integer,CS_INDEX_CD=Long,MULTIPLE_ORD_SENT_IND=Long,HIDE_FLAG=Integer,RX_MASK=Integer,DCP_CLIN_CAT_CD=Long,FILTERED_OD_IND=Long,ITEM_ID=Long,CKI=String,MNEMONIC_KEY_CAP_NLS=String,VIRTUAL_VIEW=String,HEALTH_PLAN_VIEW=String,CONCEPT_CKI=String,CONCENTRATION_STRENGTH=Integer,CONCENTRATION_STRENGTH_UNIT_CD=Long,CONCENTRATION_VOLUME=Integer,CONCENTRATION_VOLUME_UNIT_CD=Long,TEMPLATE_MNEMONIC_FLAG=Integer,INGREDIENT_RATE_CONVERSION_IND=Long,WITNESS_FLAG=Integer,HIGH_ALERT_IND=Long,HIGH_ALERT_LONG_TEXT_ID=Long,HIGH_ALERT_REQUIRED_NTFY_IND=Long,INTERMITTENT_IND=Long,MNEMONIC_KEY_CAP_A_NLS=String,DISPLAY_ADDITIVES_FIRST_IND=Long,LAST_ADMIN_DISP_BASIS_FLAG=Integer,MED_INTERVAL_WARN_FLAG=Integer,ROUNDING_RULE_CD=Long,IGNORE_HIDE_CONVERT_IND=Long,LOCK_TARGET_DOSE_IND=Long,AUTOPROG_SYN_IND=Long,MAX_FINAL_DOSE=Integer,MAX_DOSE_CALC_BSA_VALUE=Long,PREFERRED_DOSE_FLAG=Integer,MAX_FINAL_DOSE_UNIT_CD=Long --map-column-hive AUTHENTIC_FLAG=TINYINT,PUBLISH_FLAG=TINYINT,EVENT_TAG_SET_FLAG=TINYINT,NOMEN_String_FLAG=TINYINT"
# # cd $SCRIPTS_DIR/work-hiae
# # sh pyspark_submit_fromUTCtoTZ_delta.sh stage-$1-delta SYNONYM_ID UPDT_DT_TM stg_millennium.$1


# full_sqoop(){
# echo "INGESTION_SQOOP_DIR: $INGESTION_SQOOP_DIR"
# cd $INGESTION_SQOOP_DIR
# echo "INICIANDO CARGA DA TABELA $1"
# sh sqoop_import.sh --env millennium --sourcetable $1 --extraoptions "--map-column-java SYNONYM_ID=Long,CATALOG_CD=Long,CATALOG_TYPE_CD=Long,MNEMONIC=String,MNEMONIC_KEY_CAP=String,MNEMONIC_TYPE_CD=Long,OE_FORMAT_ID=Long,ORDER_SENTENCE_ID=Long,ACTIVE_IND=Long,ACTIVITY_TYPE_CD=Long,UPDT_APPLCTX=Integer,UPDT_CNT=Integer,UPDT_DT_TM=String,UPDT_ID=Long,UPDT_TASK=Integer,ACTIVITY_SUBTYPE_CD=Long,ORDERABLE_TYPE_FLAG=Integer,ACTIVE_STATUS_CD=Long,ACTIVE_STATUS_DT_TM=String,ACTIVE_STATUS_PRSNL_ID=Long,REF_TEXT_MASK=Integer,CS_INDEX_CD=Long,MULTIPLE_ORD_SENT_IND=Long,HIDE_FLAG=Integer,RX_MASK=Integer,DCP_CLIN_CAT_CD=Long,FILTERED_OD_IND=Long,ITEM_ID=Long,CKI=String,MNEMONIC_KEY_CAP_NLS=String,VIRTUAL_VIEW=String,HEALTH_PLAN_VIEW=String,CONCEPT_CKI=String,CONCENTRATION_STRENGTH=Integer,CONCENTRATION_STRENGTH_UNIT_CD=Long,CONCENTRATION_VOLUME=Integer,CONCENTRATION_VOLUME_UNIT_CD=Long,TEMPLATE_MNEMONIC_FLAG=Integer,INGREDIENT_RATE_CONVERSION_IND=Long,WITNESS_FLAG=Integer,HIGH_ALERT_IND=Long,HIGH_ALERT_LONG_TEXT_ID=Long,HIGH_ALERT_REQUIRED_NTFY_IND=Long,INTERMITTENT_IND=Long,MNEMONIC_KEY_CAP_A_NLS=String,DISPLAY_ADDITIVES_FIRST_IND=Long,LAST_ADMIN_DISP_BASIS_FLAG=Integer,MED_INTERVAL_WARN_FLAG=Integer,ROUNDING_RULE_CD=Long,IGNORE_HIDE_CONVERT_IND=Long,LOCK_TARGET_DOSE_IND=Long,AUTOPROG_SYN_IND=Long,MAX_FINAL_DOSE=Integer,MAX_DOSE_CALC_BSA_VALUE=Long,PREFERRED_DOSE_FLAG=Integer,MAX_FINAL_DOSE_UNIT_CD=Long --map-column-hive AUTHENTIC_FLAG=TINYINT,PUBLISH_FLAG=TINYINT,EVENT_TAG_SET_FLAG=TINYINT,NOMEN_String_FLAG=TINYINT"
# #impala-shell -i lpfda05.domhiae.einstein.br:21000 -q "invalidate metadata stg_millennium.$1"
# }
# full_tz(){
# echo "INICIANDO MUDANCA DE TZ DA FULL TABELA $1"
# cd $SCRIPTS_DIR/work-hiae
# sh pyspark_submit_fromUTCtoTZ_Full.sh $1-Full stg_millennium.$1
# }
# delta_sqoop(){
# echo "INGESTION_SQOOP_DIR: $INGESTION_SQOOP_DIR"
# cd $INGESTION_SQOOP_DIR
# echo "INICIANDO CARGA DELTA DA TABELA $1"
# sh sqoop_import.sh --env millennium --sourcetable $1 --dias 1 --mode DELTA --splitby SYNONYM_ID  --updtcol UPDT_DT_TM --cols "*" --extraoptions "--map-column-java SYNONYM_ID=Long,CATALOG_CD=Long,CATALOG_TYPE_CD=Long,MNEMONIC=String,MNEMONIC_KEY_CAP=String,MNEMONIC_TYPE_CD=Long,OE_FORMAT_ID=Long,ORDER_SENTENCE_ID=Long,ACTIVE_IND=Long,ACTIVITY_TYPE_CD=Long,UPDT_APPLCTX=Integer,UPDT_CNT=Integer,UPDT_DT_TM=String,UPDT_ID=Long,UPDT_TASK=Integer,ACTIVITY_SUBTYPE_CD=Long,ORDERABLE_TYPE_FLAG=Integer,ACTIVE_STATUS_CD=Long,ACTIVE_STATUS_DT_TM=String,ACTIVE_STATUS_PRSNL_ID=Long,REF_TEXT_MASK=Integer,CS_INDEX_CD=Long,MULTIPLE_ORD_SENT_IND=Long,HIDE_FLAG=Integer,RX_MASK=Integer,DCP_CLIN_CAT_CD=Long,FILTERED_OD_IND=Long,ITEM_ID=Long,CKI=String,MNEMONIC_KEY_CAP_NLS=String,VIRTUAL_VIEW=String,HEALTH_PLAN_VIEW=String,CONCEPT_CKI=String,CONCENTRATION_STRENGTH=Integer,CONCENTRATION_STRENGTH_UNIT_CD=Long,CONCENTRATION_VOLUME=Integer,CONCENTRATION_VOLUME_UNIT_CD=Long,TEMPLATE_MNEMONIC_FLAG=Integer,INGREDIENT_RATE_CONVERSION_IND=Long,WITNESS_FLAG=Integer,HIGH_ALERT_IND=Long,HIGH_ALERT_LONG_TEXT_ID=Long,HIGH_ALERT_REQUIRED_NTFY_IND=Long,INTERMITTENT_IND=Long,MNEMONIC_KEY_CAP_A_NLS=String,DISPLAY_ADDITIVES_FIRST_IND=Long,LAST_ADMIN_DISP_BASIS_FLAG=Integer,MED_INTERVAL_WARN_FLAG=Integer,ROUNDING_RULE_CD=Long,IGNORE_HIDE_CONVERT_IND=Long,LOCK_TARGET_DOSE_IND=Long,AUTOPROG_SYN_IND=Long,MAX_FINAL_DOSE=Integer,MAX_DOSE_CALC_BSA_VALUE=Long,PREFERRED_DOSE_FLAG=Integer,MAX_FINAL_DOSE_UNIT_CD=Long --map-column-hive AUTHENTIC_FLAG=TINYINT,PUBLISH_FLAG=TINYINT,EVENT_TAG_SET_FLAG=TINYINT,NOMEN_String_FLAG=TINYINT"
# }
# delta_tz(){
# cd $SCRIPTS_DIR/work-hiae
# sh pyspark_submit_fromUTCtoTZ_delta.sh stage-$1-delta SYNONYM_ID UPDT_DT_TM stg_millennium.$1
# }
# drop_tmp(){
# hive -e "drop table stg_millennium.$1_tmp"
# hive -e "drop table stg_millennium.$1_delta"
# }

# drop_table(){
#     hive -e "drop table stg_millennium.$1"
# }

# #drop_table $1 && full_sqoop $1 && full_tz $1 && drop_tmp $1 && echo "carga full finalizada com sucesso" || exit 1

# delta_sqoop $1 && delta_tz $1 && drop_tmp $1 && echo "carga delta finalizada com sucesso" || exit 1
]]></script>
        <scriptargs>ORDER_CATALOG_SYNONYM</scriptargs>
      </command>
    </sequence>
    <uuid>baa3faba-087c-4d92-9dc3-70f65cdaa0c7</uuid>
  </job>
</joblist>