<joblist>
  <job>
    <defaultTab>nodes</defaultTab>
    <description>Ingest�o da tabela V500.TASK_ACTIVITY</description>
    <dispatch>
      <excludePrecedence>true</excludePrecedence>
      <keepgoing>false</keepgoing>
      <rankOrder>ascending</rankOrder>
      <successOnEmptyNodeFilter>false</successOnEmptyNodeFilter>
      <threadcount>1</threadcount>
    </dispatch>
    <executionEnabled>true</executionEnabled>
    <group>STG_MILLENNIUM - Modularizado/STAGE 13</group>
    <id>f82e85a6-5d88-4a0a-8cc8-bc9b75bd7a3f</id>
    <loglevel>INFO</loglevel>
    <name>TASK_ACTIVITY</name>
    <nodeFilterEditable>false</nodeFilterEditable>
    <nodefilters>
      <filter>lpfbigdap02*</filter>
    </nodefilters>
    <nodesSelectedByDefault>true</nodesSelectedByDefault>
    <scheduleEnabled>true</scheduleEnabled>
    <sequence keepgoing='false' strategy='node-first'>
      <command>
        <description>TASK_ACTIVITY</description>
        <script><![CDATA[cd $SCRIPTS_DIR/ingestions/
sh ingestion.sh --env millennium --sourcetable $1

# full_sqoop() {
# echo "INGESTION_SQOOP_DIR: $INGESTION_SQOOP_DIR"
# cd $INGESTION_SQOOP_DIR
# echo "INICIANDO CARGA DA TABELA $1"
# sh sqoop_import.sh --env millennium --sourcetable $1 --splitby TASK_ID --extraoptions "--map-column-java TASK_ID=Long,PERSON_ID=Long,LINKED_ORDER_IND=Integer,CATALOG_TYPE_CD=Long,CONTINUOUS_IND=Integer,PHYSICIAN_ORDER_IND=Integer,STAT_IND=Integer,ROUTINE_IND=Integer,ORDER_ID=Long,LOCATION_CD=Long,ENCNTR_ID=Long,REFERENCE_TASK_ID=Long,TASK_TYPE_CD=Long,TASK_CLASS_CD=Long,TASK_STATUS_CD=Long,CARESET_ID=Long,IV_IND=Integer,TPN_IND=Integer,TASK_DT_TM=String,UPDT_DT_TM=String,UPDT_ID=Long,UPDT_TASK=Long,UPDT_CNT=Long,UPDT_APPLCTX=Long,EVENT_ID=Long,TASK_ACTIVITY_CD=Long,MSG_TEXT_ID=Long,TASK_CREATE_DT_TM=String,CONFIDENTIAL_IND=Integer,READ_IND=Integer,DELIVERY_IND=Integer,EVENT_CLASS_CD=Long,MSG_SENDER_ID=Long,CATALOG_CD=Long,ACTIVE_IND=Integer,ACTIVE_STATUS_CD=Long,ACTIVE_STATUS_DT_TM=String,ACTIVE_STATUS_PRSNL_ID=Long,TASK_RTG_ID=Long,TASK_STATUS_REASON_CD=Long,MSG_SUBJECT_CD=Long,RESCHEDULE_IND=Integer,RESCHEDULE_REASON_CD=Long,TEMPLATE_TASK_FLAG=Integer,MED_ORDER_TYPE_CD=Long,LOC_BED_CD=Long,LOC_ROOM_CD=Long,CONTRIBUTOR_SYSTEM_CD=Long,TASK_PRIORITY_CD=Long,TASK_TZ=Integer,CHARTED_BY_AGENT_CD=Long,SCHEDULED_DT_TM=String,RESULT_SET_ID=Long,MSG_SENDER_PERSON_ID=Long,EVENT_CD=Long,MSG_SENDER_PRSNL_GROUP_ID=Long,REMIND_DT_TM=String,TASK_ACTIVITY_CLASS_CD=Long,SUGGESTED_ENTITY_ID=Long,PERFORMED_PRSNL_ID=Long,ORIG_POOL_TASK_ID=Long,CONTAINER_ID=Long,MSG_SENDER_EMAIL_INFO_ID=Long,CONVERSATION_ID=Long,IB_RX_REQ_PERSON_DEMOG_ID=Long,PFT_QUEUE_ITEM_WF_HIST_ID=Long,TASK_SUBTYPE_CD=Long,SEND_EVENT_VALID_FROM_DT_TM=String,RESPONSIBLE_PRSNL_ID=Long"
# }

# full_tz() {
# echo "INICIANDO MUDANCA DE TZ DA FULL TABELA $1"
# cd $SCRIPTS_DIR/work-hiae
# sh pyspark_submit_fromUTCtoTZ_Full.sh $1-Full stg_millennium.$1 4 3 5g
# }

# delta_sqoop() {
# echo "INGESTION_SQOOP_DIR: $INGESTION_SQOOP_DIR"
# cd $INGESTION_SQOOP_DIR
# echo "INICIANDO CARGA DELTA DA TABELA $1"
# sh sqoop_import.sh --env millennium --mode DELTA --dias 1 --sourcetable $1 --splitby TASK_ID --updtcol UPDT_DT_TM --cols "*" --extraoptions "--map-column-java TASK_ID=Long,PERSON_ID=Long,LINKED_ORDER_IND=Integer,CATALOG_TYPE_CD=Long,CONTINUOUS_IND=Integer,PHYSICIAN_ORDER_IND=Integer,STAT_IND=Integer,ROUTINE_IND=Integer,ORDER_ID=Long,LOCATION_CD=Long,ENCNTR_ID=Long,REFERENCE_TASK_ID=Long,TASK_TYPE_CD=Long,TASK_CLASS_CD=Long,TASK_STATUS_CD=Long,CARESET_ID=Long,IV_IND=Integer,TPN_IND=Integer,TASK_DT_TM=String,UPDT_DT_TM=String,UPDT_ID=Long,UPDT_TASK=Long,UPDT_CNT=Long,UPDT_APPLCTX=Long,EVENT_ID=Long,TASK_ACTIVITY_CD=Long,MSG_TEXT_ID=Long,TASK_CREATE_DT_TM=String,CONFIDENTIAL_IND=Integer,READ_IND=Integer,DELIVERY_IND=Integer,EVENT_CLASS_CD=Long,MSG_SENDER_ID=Long,CATALOG_CD=Long,ACTIVE_IND=Integer,ACTIVE_STATUS_CD=Long,ACTIVE_STATUS_DT_TM=String,ACTIVE_STATUS_PRSNL_ID=Long,TASK_RTG_ID=Long,TASK_STATUS_REASON_CD=Long,MSG_SUBJECT_CD=Long,RESCHEDULE_IND=Integer,RESCHEDULE_REASON_CD=Long,TEMPLATE_TASK_FLAG=Integer,MED_ORDER_TYPE_CD=Long,LOC_BED_CD=Long,LOC_ROOM_CD=Long,CONTRIBUTOR_SYSTEM_CD=Long,TASK_PRIORITY_CD=Long,TASK_TZ=Integer,CHARTED_BY_AGENT_CD=Long,SCHEDULED_DT_TM=String,RESULT_SET_ID=Long,MSG_SENDER_PERSON_ID=Long,EVENT_CD=Long,MSG_SENDER_PRSNL_GROUP_ID=Long,REMIND_DT_TM=String,TASK_ACTIVITY_CLASS_CD=Long,SUGGESTED_ENTITY_ID=Long,PERFORMED_PRSNL_ID=Long,ORIG_POOL_TASK_ID=Long,CONTAINER_ID=Long,MSG_SENDER_EMAIL_INFO_ID=Long,CONVERSATION_ID=Long,IB_RX_REQ_PERSON_DEMOG_ID=Long,PFT_QUEUE_ITEM_WF_HIST_ID=Long,TASK_SUBTYPE_CD=Long,SEND_EVENT_VALID_FROM_DT_TM=String,RESPONSIBLE_PRSNL_ID=Long"
# }

# delta_tz() {
# cd $SCRIPTS_DIR/work-hiae
# sh pyspark_submit_fromUTCtoTZ_delta.sh stg-$1-delta TASK_ID UPDT_DT_TM stg_millennium.$1 4 2 5g
# }

# drop_tmp() {
# hive -e "drop table stg_millennium.$1_tmp"
# hive -e "drop table stg_millennium.$1_delta"
# }

# drop_table() {
# hive -e "drop table stg_millennium.$1"  
# }

# #drop_table $1 && full_sqoop $1 && full_tz $1 && drop_tmp $1 && echo "carga full finalizada com sucesso" || exit 1
# delta_sqoop $1 && delta_tz $1 && drop_tmp $1 && echo "carga delta finalizada com sucesso" || exit 1
]]></script>
        <scriptargs>TASK_ACTIVITY</scriptargs>
      </command>
    </sequence>
    <uuid>f82e85a6-5d88-4a0a-8cc8-bc9b75bd7a3f</uuid>
  </job>
</joblist>