<joblist>
  <job>
    <defaultTab>nodes</defaultTab>
    <description>Execu��o do Sqoop eval de forma pontual.</description>
    <dispatch>
      <excludePrecedence>true</excludePrecedence>
      <keepgoing>false</keepgoing>
      <rankOrder>ascending</rankOrder>
      <successOnEmptyNodeFilter>false</successOnEmptyNodeFilter>
      <threadcount>1</threadcount>
    </dispatch>
    <executionEnabled>true</executionEnabled>
    <id>730ebc9f-2260-4be8-b8f9-0e177518aa57</id>
    <loglevel>INFO</loglevel>
    <name>SGH - STAGE3 Full</name>
    <nodeFilterEditable>false</nodeFilterEditable>
    <nodefilters>
      <filter>name: lpfbigdap02</filter>
    </nodefilters>
    <nodesSelectedByDefault>true</nodesSelectedByDefault>
    <scheduleEnabled>true</scheduleEnabled>
    <sequence keepgoing='true' strategy='node-first'>
      <command>
        <description>OE_ORDER</description>
        <script><![CDATA[full_sqoop() {
echo "INGESTION_SQOOP_DIR: $INGESTION_SQOOP_DIR"
cd $INGESTION_SQOOP_DIR
echo "INICIANDO CARGA FULL DA TABELA $1"
sh sqoop_import.sh --env sgh --sourcetable $1 --query '"select * from '$1' where \$CONDITIONS"' --splitby OEORD_RowId --extraoptions "--map-column-java OEORD_RowId1=Long,OEORD_Adm_DR=Long,OEORD_Date=String,OEORD_Time=String,OEORD_Doctor_DR=String,OEORD_ARCOP_DR=String,OEORD_OEOTC_DR=String,OEORD_SundryDebtor_DR=Long,OEORD_RowId=Long --driver com.intersys.jdbc.CacheDriver"
}

full_tz() {
    echo "INICIANDO MUDANCA DE TZ DA FULL TABELA $1"
    cd $SCRIPTS_DIR/work-hiae
    sh pyspark_submit_fromUTCtoTZ_Full.sh $1-Full stg_sgh.$1
}

drop_tmp() {
    hive -e "drop table stg_sgh.$1_tmp"
    hive -e "drop table stg_sgh.$1_delta"
}

drop_table() {
    hive -e "drop table stg_sgh.$1"
}

drop_table oe_order && full_sqoop oe_order && full_tz oe_order && drop_tmp oe_order && echo "carga full finalizada com sucesso" || exit 1]]></script>
        <scriptargs>OE_ORDER</scriptargs>
      </command>
      <command>
        <description>OE_ORDITEM</description>
        <script><![CDATA[cd $SCRIPTS_DIR/ingestions/sqoop/
echo "INICIANDO CARGA DA TABELA $1"
ONTEM="$(date +%F --date='yesterday')"
sqoop eval -Duser.timezone=UTC -Dhadoop.security.credential.provider.path=jceks://hdfs//user/_usr_bigdataprd/certs/sgh_bigdata.password.jceks \
    --connect jdbc:Cache://10.1.14.171:1972/TRAK/ --username bigdata --password-alias sgh_bigdata.password.alias \
    --query "select count(*) from OE_ORDITEM" \
    --driver com.intersys.jdbc.CacheDriver]]></script>
        <scriptargs>OE_ORDITEM</scriptargs>
      </command>
      <command>
        <description>PA_ADM</description>
        <script><![CDATA[cd $SCRIPTS_DIR/ingestions/sqoop/
echo "INICIANDO CARGA DA TABELA $1"
ONTEM="$(date +%F --date='yesterday')"
sqoop eval -Duser.timezone=UTC -Dhadoop.security.credential.provider.path=jceks://hdfs//user/_usr_bigdataprd/certs/sgh_bigdata.password.jceks \
    --connect jdbc:Cache://10.1.14.171:1972/TRAK/ --username bigdata --password-alias sgh_bigdata.password.alias \
    --query "select count(*) from PA_ADM" \
    --driver com.intersys.jdbc.CacheDriver
]]></script>
        <scriptargs>PA_ADM</scriptargs>
      </command>
      <command>
        <description>PA_PATMAS</description>
        <script><![CDATA[cd $SCRIPTS_DIR/ingestions/sqoop/
echo "INICIANDO CARGA DA TABELA $1"
ONTEM="$(date +%F --date='yesterday')"
sqoop eval -Duser.timezone=UTC -Dhadoop.security.credential.provider.path=jceks://hdfs//user/_usr_bigdataprd/certs/sgh_bigdata.password.jceks \
    --connect jdbc:Cache://10.1.14.171:1972/TRAK/ --username bigdata --password-alias sgh_bigdata.password.alias \
    --query "select * from '$1'" \
    --driver com.intersys.jdbc.CacheDriver]]></script>
        <scriptargs>PA_PATMAS</scriptargs>
      </command>
    </sequence>
    <uuid>730ebc9f-2260-4be8-b8f9-0e177518aa57</uuid>
  </job>
</joblist>