<joblist>
  <job>
    <defaultTab>nodes</defaultTab>
    <description>Execu��o do Sqoop eval de forma pontual.</description>
    <dispatch>
      <excludePrecedence>true</excludePrecedence>
      <keepgoing>false</keepgoing>
      <rankOrder>ascending</rankOrder>
      <successOnEmptyNodeFilter>false</successOnEmptyNodeFilter>
      <threadcount>1</threadcount>
    </dispatch>
    <executionEnabled>true</executionEnabled>
    <id>b3b5bd7b-f683-41f3-b591-d0fed9ca6dfa</id>
    <loglevel>INFO</loglevel>
    <name>Millennium - Sqoop Eval</name>
    <nodeFilterEditable>false</nodeFilterEditable>
    <nodefilters>
      <filter>name: lpfbigdap02</filter>
    </nodefilters>
    <nodesSelectedByDefault>true</nodesSelectedByDefault>
    <scheduleEnabled>true</scheduleEnabled>
    <sequence keepgoing='true' strategy='node-first'>
      <command>
        <description>RESULT_COMMENT</description>
        <script><![CDATA[cd $SCRIPTS_DIR/ingestions/sqoop/
echo "INICIANDO CARGA DA TABELA $1"
sqoop eval -Dhadoop.security.credential.provider.path=jceks://hdfs//user/_usr_bigdataprd/certs/millennium_bigdata.password.jceks \
    --connect "jdbc:oracle:thin:@(description=(address=(protocol=tcp)(host=lpfcmdb01.sdc.domhiae.einstein.br)(port=1521))(connect_data=(service_name=prods.world)))" \
    --username usr_big --password-alias millennium_bigdata.password.alias \
    --query  """WITH MAPPED AS (
  SELECT
	column_name,
	data_type,
	CASE
		WHEN data_type = 'NUMBER' AND (column_name LIKE '%_CD' OR column_name LIKE '%_ID')
			THEN column_name||'='||'Long'
		WHEN data_type = 'NUMBER' AND (column_name LIKE 'UPDT_ID' OR column_name LIKE 'UPDT_TASK' OR column_name LIKE 'UPDT_APPLCTX' OR column_name LIKE 'UPDT_CNT')
			THEN column_name||'='||'Long'
		WHEN data_type = 'NUMBER' AND (column_name LIKE '%_TZ' OR column_name LIKE '%_FLAG' OR column_name LIKE '%_IND')
			THEN column_name||'='||'Integer'	
		WHEN data_type = 'DATE' AND column_name LIKE '%_DT_TM'
			THEN column_name||'='||'String'
		ELSE 'NOTMAPPED'
	END mapping	
	FROM all_tab_columns
	where 
	table_name = '$1'
	ORDER BY COLUMN_ID 
)
SELECT WM_CONCAT(mapping) FROM MAPPED m WHERE  m.mapping <> 'NOTMAPPED'
UNION ALL
SELECT WM_CONCAT(column_name||'='||data_type) FROM MAPPED m WHERE  m.mapping LIKE 'NOTMAPPED' AND data_type NOT LIKE '%CHAR%'
"""]]></script>
        <scriptargs>RESULT_COMMENT</scriptargs>
      </command>
    </sequence>
    <uuid>b3b5bd7b-f683-41f3-b591-d0fed9ca6dfa</uuid>
  </job>
</joblist>