<joblist>
  <job>
    <defaultTab>nodes</defaultTab>
    <description>Ingest�o da Tabela PATHWAY</description>
    <dispatch>
      <excludePrecedence>true</excludePrecedence>
      <keepgoing>false</keepgoing>
      <rankOrder>ascending</rankOrder>
      <successOnEmptyNodeFilter>false</successOnEmptyNodeFilter>
      <threadcount>1</threadcount>
    </dispatch>
    <executionEnabled>true</executionEnabled>
    <group>Nova STG_MILLENNIUM - Modularizado/STAGE 13</group>
    <id>0f816227-9c37-4433-b96e-af666729f7f9</id>
    <loglevel>INFO</loglevel>
    <name>002 - PATHWAY</name>
    <nodeFilterEditable>false</nodeFilterEditable>
    <nodefilters>
      <filter>lpfbigdap02*</filter>
    </nodefilters>
    <nodesSelectedByDefault>true</nodesSelectedByDefault>
    <scheduleEnabled>true</scheduleEnabled>
    <sequence keepgoing='false' strategy='node-first'>
      <command>
        <description>PATHWAY</description>
        <script><![CDATA[# full_sqoop(){
# echo "INGESTION_SQOOP_DIR: $INGESTION_SQOOP_DIR"
# cd $INGESTION_SQOOP_DIR
# echo "INICIANDO CARGA DA TABELA $1"
# sh sqoop_import.sh --env millennium --sourcetable $1 --extraoptions "--map-column-java STATUS_DT_TM=String,ORDER_DT_TM=String,START_DT_TM=String,CALC_END_DT_TM=String,ACTUAL_END_DT_TM=String,DISCONTINUED_DT_TM=String,BEG_EFFECTIVE_DT_TM=String,END_EFFECTIVE_DT_TM=String,UPDT_DT_TM=String"
# }
# full_tz(){
# echo "INICIANDO MUDANCA DE TZ DA FULL TABELA $1"
# cd $SCRIPTS_DIR/work-hiae
# sh pyspark_submit_fromUTCtoTZ_Full.sh $1-Full stg_millennium.$1
# }
# delta_sqoop(){
# echo "INGESTION_SQOOP_DIR: $INGESTION_SQOOP_DIR"
# cd $INGESTION_SQOOP_DIR
# echo "INICIANDO CARGA DELTA DA TABELA $1"
# sh sqoop_import.sh --env millennium --sourcetable $1 --dias 1 --mode DELTA --splitby PATHWAY_ID --updtcol UPDT_DT_TM --cols "*" --extraoptions "--map-column-java STATUS_DT_TM=String,ORDER_DT_TM=String,START_DT_TM=String,CALC_END_DT_TM=String,ACTUAL_END_DT_TM=String,DISCONTINUED_DT_TM=String,BEG_EFFECTIVE_DT_TM=String,END_EFFECTIVE_DT_TM=String,UPDT_DT_TM=String"
# }
# delta_tz(){
# cd $SCRIPTS_DIR/work-hiae
# sh pyspark_submit_fromUTCtoTZ_delta.sh stage-$1-delta UPDT_DT_TM stg_millennium.$1
# }
# drop_tmp(){
# beeline -u "jdbc:hive2://lpfbigdap01.einstein.br:10000/default;principal=hive/lpfbigdap01.einstein.br@DOMHIAE.EINSTEIN.BR" -e "drop table stg_millennium.$1_tmp"
# beeline -u "jdbc:hive2://lpfbigdap01.einstein.br:10000/default;principal=hive/lpfbigdap01.einstein.br@DOMHIAE.EINSTEIN.BR" -e "drop table stg_millennium.$1_delta"
# }

# drop_table(){
# beeline -u "jdbc:hive2://lpfbigdap01.einstein.br:10000/default;principal=hive/lpfbigdap01.einstein.br@DOMHIAE.EINSTEIN.BR" -e "drop table stg_millennium.$1"  
# }

# drop_table $1 && full_sqoop $1 && full_tz $1 && drop_tmp $1 && echo "carga full finalizada com sucesso" || exit 1

cd $SCRIPTS_DIR/ingestions/
sh ingestion.sh --env millennium --sourcetable $1]]></script>
        <scriptargs>PATHWAY</scriptargs>
      </command>
    </sequence>
    <uuid>0f816227-9c37-4433-b96e-af666729f7f9</uuid>
  </job>
</joblist>