<joblist>
  <job>
    <defaultTab>nodes</defaultTab>
    <description>Ingest�o da Tabela PATHWAY_ACTION</description>
    <dispatch>
      <excludePrecedence>true</excludePrecedence>
      <keepgoing>false</keepgoing>
      <rankOrder>ascending</rankOrder>
      <successOnEmptyNodeFilter>false</successOnEmptyNodeFilter>
      <threadcount>1</threadcount>
    </dispatch>
    <executionEnabled>true</executionEnabled>
    <group>Nova STG_MILLENNIUM - Modularizado/STAGE 13</group>
    <id>77bc3475-3b75-4a16-b063-dc190e7cb72c</id>
    <loglevel>INFO</loglevel>
    <name>003 - PATHWAY_ACTION</name>
    <nodeFilterEditable>false</nodeFilterEditable>
    <nodefilters>
      <filter>lpfbigdap02*</filter>
    </nodefilters>
    <nodesSelectedByDefault>true</nodesSelectedByDefault>
    <scheduleEnabled>true</scheduleEnabled>
    <sequence keepgoing='false' strategy='node-first'>
      <command>
        <description>PATHWAY_ACTION</description>
        <script><![CDATA[# full_sqoop(){
# echo "INGESTION_SQOOP_DIR: $INGESTION_SQOOP_DIR"
# cd $INGESTION_SQOOP_DIR
# echo "INICIANDO CARGA DA TABELA $1"
# sh sqoop_import.sh --env millennium --sourcetable $1 --splitby PATHWAY_ACTION_ID --extraoptions "--map-column-java ACTION_DT_TM=String,START_DT_TM=String,END_DT_TM=String,UPDT_DT_TM=String"
# #impala-shell -i lpfda05.domhiae.einstein.br:21000 -q "invalidate metadata stg_millennium.$1"
# }
# full_tz(){
# echo "INICIANDO MUDANCA DE TZ DA FULL TABELA $1"
# cd $SCRIPTS_DIR/work-hiae
# sh pyspark_submit_fromUTCtoTZ_Full.sh $1-Full stg_millennium.$1
# }
# delta_sqoop(){
# echo "INGESTION_SQOOP_DIR: $INGESTION_SQOOP_DIR"
# cd $INGESTION_SQOOP_DIR
# echo "INICIANDO CARGA DELTA DA TABELA $1"
# sh sqoop_import.sh --env millennium --sourcetable $1 --dias 1 --mode DELTA --splitby PATHWAY_ACTION_ID --updtcol UPDT_DT_TM --cols "*" --extraoptions "--map-column-java ACTION_DT_TM=String,START_DT_TM=String,END_DT_TM=String,UPDT_DT_TM=String"
# }
# delta_tz(){
# cd $SCRIPTS_DIR/work-hiae
# sh pyspark_submit_fromUTCtoTZ_delta.sh stage-$1-delta UPDT_DT_TM stg_millennium.$1
# }
# drop_tmp(){
# #hive -e "drop table stg_millennium.$1_tmp"
# #hive -e "drop table stg_millennium.$1_delta"
# beeline -u "jdbc:hive2://lpfbigdap01.einstein.br:10000/default;principal=hive/lpfbigdap01.einstein.br@DOMHIAE.EINSTEIN.BR" -e "drop table stg_millennium.$1_tmp"
# beeline -u "jdbc:hive2://lpfbigdap01.einstein.br:10000/default;principal=hive/lpfbigdap01.einstein.br@DOMHIAE.EINSTEIN.BR" -e "drop table stg_millennium.$1_delta"
# }

# drop_table(){
# #hive -e "drop table stg_millennium.$1"
# beeline -u "jdbc:hive2://lpfbigdap01.einstein.br:10000/default;principal=hive/lpfbigdap01.einstein.br@DOMHIAE.EINSTEIN.BR" -e "drop table stg_millennium.$1"  
# }

# drop_table $1 && full_sqoop $1 && full_tz $1 && drop_tmp $1 && echo "carga full finalizada com sucesso" || exit 1
# #delta_sqoop $1 && delta_tz $1 && drop_tmp $1 && echo "carga delta finalizada com sucesso" || exit 1

cd $SCRIPTS_DIR/ingestions/
sh ingestion.sh --env millennium --sourcetable $1]]></script>
        <scriptargs>PATHWAY_ACTION</scriptargs>
      </command>
    </sequence>
    <uuid>77bc3475-3b75-4a16-b063-dc190e7cb72c</uuid>
  </job>
</joblist>