<joblist>
  <job>
    <defaultTab>nodes</defaultTab>
    <description>Ingest�o da Tabela CE_DYNAMIC_LABEL</description>
    <dispatch>
      <excludePrecedence>true</excludePrecedence>
      <keepgoing>false</keepgoing>
      <rankOrder>ascending</rankOrder>
      <successOnEmptyNodeFilter>false</successOnEmptyNodeFilter>
      <threadcount>1</threadcount>
    </dispatch>
    <executionEnabled>true</executionEnabled>
    <group>STG_MILLENNIUM - Modularizado/STAGE 02</group>
    <id>1b013ca5-e762-4b2d-b800-5a601e96fac6</id>
    <loglevel>INFO</loglevel>
    <name>010 - CE_DYNAMIC_LABEL</name>
    <nodeFilterEditable>false</nodeFilterEditable>
    <nodefilters>
      <filter>lpfbigdap02*</filter>
    </nodefilters>
    <nodesSelectedByDefault>true</nodesSelectedByDefault>
    <scheduleEnabled>true</scheduleEnabled>
    <sequence keepgoing='false' strategy='node-first'>
      <command>
        <description>CE_DYNAMIC_LABEL</description>
        <script><![CDATA[cd $SCRIPTS_DIR/ingestions/
#sh ingestion.sh --env millennium --sourcetable $1
sh ingestion-new.sh --env millennium --sourcetable $1 --all 1

# # echo "INGESTION_SQOOP_DIR: $INGESTION_SQOOP_DIR"
# # cd $INGESTION_SQOOP_DIR
# # echo "INICIANDO CARGA DA TABELA CE_DYNAMIC_LABEL"
# # sh sqoop_import.sh --env millennium --sourcetable CE_DYNAMIC_LABEL --query " \
# # 'SELECT \
# # v500.CCLSQL_UTC_RULE(VALID_FROM_DT_TM,210) AS VALID_FROM_DT_TM, \
# # v500.CCLSQL_UTC_RULE(CREATE_DT_TM,210) AS CREATE_DT_TM, \
# # v500.CCLSQL_UTC_RULE(VALID_UNTIL_DT_TM,210) AS VALID_UNTIL_DT_TM, \
# # UPDT_DT_TM, \
# # UPDT_APPLCTX, \
# # UPDT_CNT, \
# # UPDT_ID, \
# # UPDT_TASK, \
# # LABEL_SEQ_NBR, \
# # RESULT_SET_ID, \
# # PERSON_ID, \
# # LABEL_STATUS_CD, \
# # LABEL_TEMPLATE_ID, \
# # LABEL_PRSNL_ID, \
# # LONG_TEXT_ID, \
# # CE_DYNAMIC_LABEL_ID, \
# # PREV_DYNAMIC_LABEL_ID, \
# # LABEL_NAME \
# # FROM CE_DYNAMIC_LABEL where \$CONDITIONS'" --splitby CE_DYNAMIC_LABEL_ID --extraoptions "--map-column-java \
# # VALID_FROM_DT_TM=String,\
# # CREATE_DT_TM=String,\
# # VALID_UNTIL_DT_TM=String,\
# # UPDT_DT_TM=String,\
# # UPDT_APPLCTX=Long,\
# # UPDT_CNT=Long,\
# # UPDT_ID=Long,\
# # UPDT_TASK=String,\
# # LABEL_SEQ_NBR=Integer,\
# # RESULT_SET_ID=Long,\
# # PERSON_ID=Long,\
# # LABEL_STATUS_CD=Long,\
# # LABEL_TEMPLATE_ID=Long,\
# # LABEL_PRSNL_ID=Long,\
# # LONG_TEXT_ID=Long,\
# # CE_DYNAMIC_LABEL_ID=Long,\
# # PREV_DYNAMIC_LABEL_ID=Long,\
# # LABEL_NAME=String"

# # echo "INICIANDO MUDANCA DE TZ DA FULL TABELA $1"
# # cd $INGESTION_SQOOP_DIR
# # echo "INICIANDO CARGA DA TABELA CE_DYNAMIC_LABEL"
# # sh sqoop_import.sh --env millennium --sourcetable CE_DYNAMIC_LABEL --query " \
# # 'SELECT \
# # VALID_FROM_DT_TM, \
# # CREATE_DT_TM, \
# # VALID_UNTIL_DT_TM, \
# # UPDT_DT_TM, \
# # UPDT_APPLCTX, \
# # UPDT_CNT, \
# # UPDT_ID, \
# # UPDT_TASK, \
# # LABEL_SEQ_NBR, \
# # RESULT_SET_ID, \
# # PERSON_ID, \
# # LABEL_STATUS_CD, \
# # LABEL_TEMPLATE_ID, \
# # LABEL_PRSNL_ID, \
# # LONG_TEXT_ID, \
# # CE_DYNAMIC_LABEL_ID, \
# # PREV_DYNAMIC_LABEL_ID, \
# # LABEL_NAME \
# # FROM CE_DYNAMIC_LABEL where \$CONDITIONS'" --splitby CE_DYNAMIC_LABEL_ID --extraoptions "--map-column-java \
# # VALID_FROM_DT_TM=String,\
# # CREATE_DT_TM=String,\
# # VALID_UNTIL_DT_TM=String,\
# # UPDT_DT_TM=String,\
# # UPDT_APPLCTX=Long,\
# # UPDT_CNT=Long,\
# # UPDT_ID=Long,\
# # UPDT_TASK=String,\
# # LABEL_SEQ_NBR=Integer,\
# # RESULT_SET_ID=Long,\
# # PERSON_ID=Long,\
# # LABEL_STATUS_CD=Long,\
# # LABEL_TEMPLATE_ID=Long,\
# # LABEL_PRSNL_ID=Long,\
# # LONG_TEXT_ID=Long,\
# # CE_DYNAMIC_LABEL_ID=Long,\
# # PREV_DYNAMIC_LABEL_ID=Long,\
# # LABEL_NAME=String"
# # cd $SCRIPTS_DIR/work-hiae
# # sh pyspark_submit_fromUTCtoTZ_Full.sh $1-Full stg_millennium.$1
# # echo "INGESTION_SQOOP_DIR: $INGESTION_SQOOP_DIR"
# # cd $INGESTION_SQOOP_DIR
# # echo "INICIANDO CARGA DELTA DA TABELA $1"
# # sh sqoop_import.sh --env millennium --sourcetable $1 --dias 1 --mode DELTA --splitby CE_DYNAMIC_LABEL_ID  --updtcol UPDT_DT_TM --cols "VALID_FROM_DT_TM, \
# # CREATE_DT_TM, \
# # VALID_UNTIL_DT_TM, \
# # UPDT_DT_TM, \
# # UPDT_APPLCTX, \
# # UPDT_CNT, \
# # UPDT_ID, \
# # UPDT_TASK, \
# # LABEL_SEQ_NBR, \
# # RESULT_SET_ID, \
# # PERSON_ID, \
# # LABEL_STATUS_CD, \
# # LABEL_TEMPLATE_ID, \
# # LABEL_PRSNL_ID, \
# # LONG_TEXT_ID, \
# # CE_DYNAMIC_LABEL_ID, \
# # PREV_DYNAMIC_LABEL_ID, \
# # LABEL_NAME" --extraoptions "--map-column-java \
# # VALID_FROM_DT_TM=String,\
# # CREATE_DT_TM=String,\
# # VALID_UNTIL_DT_TM=String,\
# # UPDT_DT_TM=String,\
# # UPDT_APPLCTX=Long,\
# # UPDT_CNT=Long,\
# # UPDT_ID=Long,\
# # UPDT_TASK=String,\
# # LABEL_SEQ_NBR=Integer,\
# # RESULT_SET_ID=Long,\
# # PERSON_ID=Long,\
# # LABEL_STATUS_CD=Long,\
# # LABEL_TEMPLATE_ID=Long,\
# # LABEL_PRSNL_ID=Long,\
# # LONG_TEXT_ID=Long,\
# # CE_DYNAMIC_LABEL_ID=Long,\
# # PREV_DYNAMIC_LABEL_ID=Long,\
# # LABEL_NAME=String"
# # cd $SCRIPTS_DIR/work-hiae
# # sh pyspark_submit_fromUTCtoTZ_delta.sh stage-$1-delta CE_DYNAMIC_LABEL_ID UPDT_DT_TM stg_millennium.$1
# # hive -e "drop table stg_millennium.$1_tmp"
# # hive -e "drop table stg_millennium.$1_delta"


# full_sqoop(){
# echo "INICIANDO MUDANCA DE TZ DA FULL TABELA $1"
# cd $INGESTION_SQOOP_DIR
# echo "INICIANDO CARGA DA TABELA CE_DYNAMIC_LABEL"
# sh sqoop_import.sh --env millennium --sourcetable CE_DYNAMIC_LABEL --query " \
# 'SELECT \
# VALID_FROM_DT_TM, \
# CREATE_DT_TM, \
# VALID_UNTIL_DT_TM, \
# UPDT_DT_TM, \
# UPDT_APPLCTX, \
# UPDT_CNT, \
# UPDT_ID, \
# UPDT_TASK, \
# LABEL_SEQ_NBR, \
# RESULT_SET_ID, \
# PERSON_ID, \
# LABEL_STATUS_CD, \
# LABEL_TEMPLATE_ID, \
# LABEL_PRSNL_ID, \
# LONG_TEXT_ID, \
# CE_DYNAMIC_LABEL_ID, \
# PREV_DYNAMIC_LABEL_ID, \
# LABEL_NAME \
# FROM CE_DYNAMIC_LABEL where \$CONDITIONS'" --splitby CE_DYNAMIC_LABEL_ID --extraoptions "--map-column-java \
# VALID_FROM_DT_TM=String,\
# CREATE_DT_TM=String,\
# VALID_UNTIL_DT_TM=String,\
# UPDT_DT_TM=String,\
# UPDT_APPLCTX=Long,\
# UPDT_CNT=Long,\
# UPDT_ID=Long,\
# UPDT_TASK=String,\
# LABEL_SEQ_NBR=Integer,\
# RESULT_SET_ID=Long,\
# PERSON_ID=Long,\
# LABEL_STATUS_CD=Long,\
# LABEL_TEMPLATE_ID=Long,\
# LABEL_PRSNL_ID=Long,\
# LONG_TEXT_ID=Long,\
# CE_DYNAMIC_LABEL_ID=Long,\
# PREV_DYNAMIC_LABEL_ID=Long,\
# LABEL_NAME=String"

# }
# full_tz(){
# echo "INICIANDO MUDANCA DE TZ DA FULL TABELA $1"
# cd $SCRIPTS_DIR/work-hiae
# sh pyspark_submit_fromUTCtoTZ_Full.sh $1-Full stg_millennium.$1
# }
# delta_sqoop(){
# echo "INGESTION_SQOOP_DIR: $INGESTION_SQOOP_DIR"
# cd $INGESTION_SQOOP_DIR
# echo "INICIANDO CARGA DELTA DA TABELA $1"
# sh sqoop_import.sh --env millennium --sourcetable $1 --dias 1 --mode DELTA --splitby CE_DYNAMIC_LABEL_ID  --updtcol UPDT_DT_TM --cols "VALID_FROM_DT_TM, \
# CREATE_DT_TM, \
# VALID_UNTIL_DT_TM, \
# UPDT_DT_TM, \
# UPDT_APPLCTX, \
# UPDT_CNT, \
# UPDT_ID, \
# UPDT_TASK, \
# LABEL_SEQ_NBR, \
# RESULT_SET_ID, \
# PERSON_ID, \
# LABEL_STATUS_CD, \
# LABEL_TEMPLATE_ID, \
# LABEL_PRSNL_ID, \
# LONG_TEXT_ID, \
# CE_DYNAMIC_LABEL_ID, \
# PREV_DYNAMIC_LABEL_ID, \
# LABEL_NAME" --extraoptions "--map-column-java \
# VALID_FROM_DT_TM=String,\
# CREATE_DT_TM=String,\
# VALID_UNTIL_DT_TM=String,\
# UPDT_DT_TM=String,\
# UPDT_APPLCTX=Long,\
# UPDT_CNT=Long,\
# UPDT_ID=Long,\
# UPDT_TASK=String,\
# LABEL_SEQ_NBR=Integer,\
# RESULT_SET_ID=Long,\
# PERSON_ID=Long,\
# LABEL_STATUS_CD=Long,\
# LABEL_TEMPLATE_ID=Long,\
# LABEL_PRSNL_ID=Long,\
# LONG_TEXT_ID=Long,\
# CE_DYNAMIC_LABEL_ID=Long,\
# PREV_DYNAMIC_LABEL_ID=Long,\
# LABEL_NAME=String"
# }
# delta_tz(){
# cd $SCRIPTS_DIR/work-hiae
# sh pyspark_submit_fromUTCtoTZ_delta.sh stage-$1-delta CE_DYNAMIC_LABEL_ID UPDT_DT_TM stg_millennium.$1
# }
# drop_tmp(){
# hive -e "drop table stg_millennium.$1_tmp"
# hive -e "drop table stg_millennium.$1_delta"
# }

# drop_table(){
#     hive -e "drop table stg_millennium.$1"
# }

# drop_table $1 && full_sqoop $1 && full_tz $1 && drop_tmp $1 && echo "carga full finalizada com sucesso" || exit 1

# #delta_sqoop $1 && delta_tz $1 && drop_tmp $1 && echo "carga delta finalizada com sucesso" || exit 1
]]></script>
        <scriptargs>CE_DYNAMIC_LABEL</scriptargs>
      </command>
    </sequence>
    <uuid>1b013ca5-e762-4b2d-b800-5a601e96fac6</uuid>
  </job>
</joblist>