<joblist>
  <job>
    <defaultTab>nodes</defaultTab>
    <description>Ingest�o da tabela NOMENCLATURE</description>
    <dispatch>
      <excludePrecedence>true</excludePrecedence>
      <keepgoing>false</keepgoing>
      <rankOrder>ascending</rankOrder>
      <successOnEmptyNodeFilter>false</successOnEmptyNodeFilter>
      <threadcount>1</threadcount>
    </dispatch>
    <executionEnabled>true</executionEnabled>
    <group>STG_MILLENNIUM - Modularizado/STAGE 02</group>
    <id>645090c3-1a1f-42d0-89d1-66003315d34d</id>
    <loglevel>INFO</loglevel>
    <name>003 - NOMENCLATURE</name>
    <nodeFilterEditable>false</nodeFilterEditable>
    <nodefilters>
      <filter>lpfbigdap02*</filter>
    </nodefilters>
    <nodesSelectedByDefault>true</nodesSelectedByDefault>
    <scheduleEnabled>true</scheduleEnabled>
    <sequence keepgoing='false' strategy='node-first'>
      <command>
        <description>NOMENCLATURE</description>
        <script><![CDATA[cd $SCRIPTS_DIR/ingestions/
#sh ingestion.sh --env millennium --sourcetable $1

sh ingestion-new.sh --env millennium --sourcetable $1 --all 1

# # echo "INGESTION_SQOOP_DIR: $INGESTION_SQOOP_DIR"
# # cd $INGESTION_SQOOP_DIR
# # echo "INICIANDO CARGA DA TABELA $1"
# # sh sqoop_import.sh --env millennium --sourcetable $1 --extraoptions "--map-column-java NOMENCLATURE_ID=Long,PRINCIPLE_TYPE_CD=Long,UPDT_CNT=Long,UPDT_DT_TM=String,UPDT_ID=Long,UPDT_TASK=Long,UPDT_APPLCTX=Long,ACTIVE_IND=Integer,ACTIVE_STATUS_CD=Long,ACTIVE_STATUS_DT_TM=String,ACTIVE_STATUS_PRSNL_ID=Long,BEG_EFFECTIVE_DT_TM=String,END_EFFECTIVE_DT_TM=String,CONTRIBUTOR_SYSTEM_CD=Long,STRING_STATUS_CD=Long,TERM_ID=Long,LANGUAGE_CD=Long,SOURCE_VOCABULARY_CD=Long,NOM_VER_GRP_ID=Long,DATA_STATUS_CD=Long,DATA_STATUS_DT_TM=String,DATA_STATUS_PRSNL_ID=Long,CONCEPT_SOURCE_CD=Long,STRING_SOURCE_CD=Long,VOCAB_AXIS_CD=Long,PRIMARY_VTERM_IND=Integer,PRIMARY_CTERM_IND=Integer,DISALLOWED_IND=Integer"
# # #impala-shell -i lpfda05.domhiae.einstein.br:21000 -q "invalidate metadata stg_millennium.$1"

# # echo "INICIANDO MUDANCA DE TZ DA FULL TABELA $1"
# # cd $SCRIPTS_DIR/work-hiae
# # sh pyspark_submit_fromUTCtoTZ_Full.sh $1-Full stg_millennium.$1
# # echo "INGESTION_SQOOP_DIR: $INGESTION_SQOOP_DIR"
# # cd $INGESTION_SQOOP_DIR
# # echo "INICIANDO CARGA DELTA DA TABELA $1"
# # sh sqoop_import.sh --env millennium --sourcetable $1 --dias 1 --mode DELTA --splitby NOMENCLATURE_ID  --updtcol UPDT_DT_TM --cols "*" --extraoptions "--map-column-java NOMENCLATURE_ID=Long,PRINCIPLE_TYPE_CD=Long,UPDT_CNT=Long,UPDT_DT_TM=String,UPDT_ID=Long,UPDT_TASK=Long,UPDT_APPLCTX=Long,ACTIVE_IND=Integer,ACTIVE_STATUS_CD=Long,ACTIVE_STATUS_DT_TM=String,ACTIVE_STATUS_PRSNL_ID=Long,BEG_EFFECTIVE_DT_TM=String,END_EFFECTIVE_DT_TM=String,CONTRIBUTOR_SYSTEM_CD=Long,STRING_STATUS_CD=Long,TERM_ID=Long,LANGUAGE_CD=Long,SOURCE_VOCABULARY_CD=Long,NOM_VER_GRP_ID=Long,DATA_STATUS_CD=Long,DATA_STATUS_DT_TM=String,DATA_STATUS_PRSNL_ID=Long,CONCEPT_SOURCE_CD=Long,STRING_SOURCE_CD=Long,VOCAB_AXIS_CD=Long,PRIMARY_VTERM_IND=Integer,PRIMARY_CTERM_IND=Integer,DISALLOWED_IND=Integer"
# # cd $SCRIPTS_DIR/work-hiae
# # sh pyspark_submit_fromUTCtoTZ_delta.sh stage-$1-delta NOMENCLATURE_ID UPDT_DT_TM stg_millennium.$1
# # hive -e "drop table stg_millennium.$1_tmp"
# # hive -e "drop table stg_millennium.$1_delta"

# full_sqoop(){
# echo "INGESTION_SQOOP_DIR: $INGESTION_SQOOP_DIR"
# cd $INGESTION_SQOOP_DIR
# echo "INICIANDO CARGA DA TABELA $1"
# sh sqoop_import.sh --env millennium --sourcetable $1 --extraoptions "--map-column-java NOMENCLATURE_ID=Long,PRINCIPLE_TYPE_CD=Long,UPDT_CNT=Long,UPDT_DT_TM=String,UPDT_ID=Long,UPDT_TASK=Long,UPDT_APPLCTX=Long,ACTIVE_IND=Integer,ACTIVE_STATUS_CD=Long,ACTIVE_STATUS_DT_TM=String,ACTIVE_STATUS_PRSNL_ID=Long,BEG_EFFECTIVE_DT_TM=String,END_EFFECTIVE_DT_TM=String,CONTRIBUTOR_SYSTEM_CD=Long,STRING_STATUS_CD=Long,TERM_ID=Long,LANGUAGE_CD=Long,SOURCE_VOCABULARY_CD=Long,NOM_VER_GRP_ID=Long,DATA_STATUS_CD=Long,DATA_STATUS_DT_TM=String,DATA_STATUS_PRSNL_ID=Long,CONCEPT_SOURCE_CD=Long,STRING_SOURCE_CD=Long,VOCAB_AXIS_CD=Long,PRIMARY_VTERM_IND=Integer,PRIMARY_CTERM_IND=Integer,DISALLOWED_IND=Integer"
# #impala-shell -i lpfda05.domhiae.einstein.br:21000 -q "invalidate metadata stg_millennium.$1"
# }
# full_tz(){
# echo "INICIANDO MUDANCA DE TZ DA FULL TABELA $1"
# cd $SCRIPTS_DIR/work-hiae
# sh pyspark_submit_fromUTCtoTZ_Full.sh $1-Full stg_millennium.$1
# }
# delta_sqoop(){
# echo "INGESTION_SQOOP_DIR: $INGESTION_SQOOP_DIR"
# cd $INGESTION_SQOOP_DIR
# echo "INICIANDO CARGA DELTA DA TABELA $1"
# sh sqoop_import.sh --env millennium --sourcetable $1 --dias 1 --mode DELTA --splitby NOMENCLATURE_ID  --updtcol UPDT_DT_TM --cols "*" --extraoptions "--map-column-java NOMENCLATURE_ID=Long,PRINCIPLE_TYPE_CD=Long,UPDT_CNT=Long,UPDT_DT_TM=String,UPDT_ID=Long,UPDT_TASK=Long,UPDT_APPLCTX=Long,ACTIVE_IND=Integer,ACTIVE_STATUS_CD=Long,ACTIVE_STATUS_DT_TM=String,ACTIVE_STATUS_PRSNL_ID=Long,BEG_EFFECTIVE_DT_TM=String,END_EFFECTIVE_DT_TM=String,CONTRIBUTOR_SYSTEM_CD=Long,STRING_STATUS_CD=Long,TERM_ID=Long,LANGUAGE_CD=Long,SOURCE_VOCABULARY_CD=Long,NOM_VER_GRP_ID=Long,DATA_STATUS_CD=Long,DATA_STATUS_DT_TM=String,DATA_STATUS_PRSNL_ID=Long,CONCEPT_SOURCE_CD=Long,STRING_SOURCE_CD=Long,VOCAB_AXIS_CD=Long,PRIMARY_VTERM_IND=Integer,PRIMARY_CTERM_IND=Integer,DISALLOWED_IND=Integer"
# }
# delta_tz(){
# cd $SCRIPTS_DIR/work-hiae
# sh pyspark_submit_fromUTCtoTZ_delta.sh stage-$1-delta NOMENCLATURE_ID UPDT_DT_TM stg_millennium.$1
# }
# drop_tmp(){
# hive -e "drop table stg_millennium.$1_tmp"
# hive -e "drop table stg_millennium.$1_delta"
# }

# drop_table(){
#     hive -e "drop table stg_millennium.$1"
# }

# #drop_table $1 && full_sqoop $1 && full_tz $1 && drop_tmp $1 && echo "carga full finalizada com sucesso" || exit 1

# #delta_sqoop $1 && delta_tz $1 && drop_tmp $1 && echo "carga delta finalizada com sucesso" || exit 1
]]></script>
        <scriptargs>NOMENCLATURE</scriptargs>
      </command>
    </sequence>
    <uuid>645090c3-1a1f-42d0-89d1-66003315d34d</uuid>
  </job>
</joblist>