<joblist>
  <job>
    <defaultTab>nodes</defaultTab>
    <description>Ingest�o da tabela: CE_INTAKE_OUTPUT_RESULT</description>
    <dispatch>
      <excludePrecedence>true</excludePrecedence>
      <keepgoing>false</keepgoing>
      <rankOrder>ascending</rankOrder>
      <successOnEmptyNodeFilter>false</successOnEmptyNodeFilter>
      <threadcount>1</threadcount>
    </dispatch>
    <executionEnabled>true</executionEnabled>
    <group>STG_MILLENNIUM - Modularizado/STAGE 02</group>
    <id>8d956576-cfef-43cf-acaa-cc72675738fe</id>
    <loglevel>INFO</loglevel>
    <name>002 - CE_INTAKE_OUTPUT_RESULT</name>
    <nodeFilterEditable>false</nodeFilterEditable>
    <nodefilters>
      <filter>lpfbigdap02*</filter>
    </nodefilters>
    <nodesSelectedByDefault>true</nodesSelectedByDefault>
    <scheduleEnabled>true</scheduleEnabled>
    <sequence keepgoing='false' strategy='node-first'>
      <command>
        <description>CE_INTAKE_OUTPUT_RESULT</description>
        <script><![CDATA[cd $SCRIPTS_DIR/ingestions/

#sh ingestion.sh --env millennium --sourcetable $1

sh ingestion-new.sh --env millennium --sourcetable $1 --all 1
]]></script>
        <scriptargs>CE_INTAKE_OUTPUT_RESULT</scriptargs>
      </command>
    </sequence>
    <uuid>8d956576-cfef-43cf-acaa-cc72675738fe</uuid>
  </job>
</joblist>