<joblist>
  <job>
    <defaultTab>nodes</defaultTab>
    <description>Ingest�o da tabela CE_MICROBIOLOGY</description>
    <dispatch>
      <excludePrecedence>true</excludePrecedence>
      <keepgoing>false</keepgoing>
      <rankOrder>ascending</rankOrder>
      <successOnEmptyNodeFilter>false</successOnEmptyNodeFilter>
      <threadcount>1</threadcount>
    </dispatch>
    <executionEnabled>true</executionEnabled>
    <group>STG_MILLENNIUM - Modularizado/STAGE 02</group>
    <id>976f82ea-6816-420c-8179-2a44ee988a2f</id>
    <loglevel>INFO</loglevel>
    <name>009 - CE_MICROBIOLOGY</name>
    <nodeFilterEditable>false</nodeFilterEditable>
    <nodefilters>
      <filter>lpfbigdap02*</filter>
    </nodefilters>
    <nodesSelectedByDefault>true</nodesSelectedByDefault>
    <scheduleEnabled>true</scheduleEnabled>
    <sequence keepgoing='false' strategy='node-first'>
      <command>
        <description> CE_MICROBIOLOGY</description>
        <script><![CDATA[cd $SCRIPTS_DIR/ingestions/
#sh ingestion.sh --env millennium --sourcetable $1
sh ingestion-new.sh --env millennium --sourcetable $1 --all 1


# full_sqoop(){
# echo "INGESTION_SQOOP_DIR: $INGESTION_SQOOP_DIR"
# cd $INGESTION_SQOOP_DIR
# echo "INICIANDO CARGA DA TABELA $1"
# sh sqoop_import.sh --env millennium --sourcetable $1 --extraoptions "--map-column-java EVENT_ID=Long,MICRO_SEQ_NBR=Long,VALID_UNTIL_DT_TM=String,VALID_FROM_DT_TM=String,ORGANISM_CD=Long,ORGANISM_OCCURRENCE_NBR=Long,ORGANISM_TYPE_CD=Long,OBSERVATION_PRSNL_ID=Long,BIOTYPE=String,PROBABILITY=Long,UPDT_DT_TM=String,UPDT_ID=Long,UPDT_TASK=Long,UPDT_CNT=Long,UPDT_APPLCTX=Long,POSITIVE_IND=Long"
# }
# full_tz()
# {
# echo "INICIANDO MUDANCA DE TZ DA FULL TABELA $1"
# cd $SCRIPTS_DIR/work-hiae
# sh pyspark_submit_fromUTCtoTZ_Full.sh $1-Full stg_millennium.$1 6 3 5g
# }
# delta_sqoop(){
# echo "INGESTION_SQOOP_DIR: $INGESTION_SQOOP_DIR"
# cd $INGESTION_SQOOP_DIR
# echo "INICIANDO CARGA DA TABELA $1"
# sh sqoop_import.sh --env millennium --mode DELTA --dias 1 --sourcetable $1 --splitby EVENT_ID --updtcol UPDT_DT_TM --cols "EVENT_ID,MICRO_SEQ_NBR,VALID_UNTIL_DT_TM,VALID_FROM_DT_TM,ORGANISM_CD,ORGANISM_OCCURRENCE_NBR,ORGANISM_TYPE_CD,OBSERVATION_PRSNL_ID,BIOTYPE,PROBABILITY,UPDT_DT_TM,UPDT_ID,UPDT_TASK,UPDT_CNT,UPDT_APPLCTX,POSITIVE_IND" --extraoptions "--map-column-java EVENT_ID=Long,MICRO_SEQ_NBR=Long,VALID_UNTIL_DT_TM=String,VALID_FROM_DT_TM=String,ORGANISM_CD=Long,ORGANISM_OCCURRENCE_NBR=Long,ORGANISM_TYPE_CD=Long,OBSERVATION_PRSNL_ID=Long,BIOTYPE=String,PROBABILITY=Long,UPDT_DT_TM=String,UPDT_ID=Long,UPDT_TASK=Long,UPDT_CNT=Long,UPDT_APPLCTX=Long,POSITIVE_IND=Long"
# }
# delta_tz(){
# cd $SCRIPTS_DIR/work-hiae
# sh pyspark_submit_fromUTCtoTZ_delta.sh stg-$1-delta EVENT_ID UPDT_DT_TM stg_millennium.ce_microbiology 4 2 5g
# }
# drop_tmp()
# {
# hive -e "drop table stg_millennium.$1_tmp"
# hive -e "drop table stg_millennium.$1_delta"
# }
# drop_table(){
# hive -e "drop table stg_millennium.$1"  
# }


# drop_table $1 && full_sqoop $1 && full_tz $1 && drop_tmp $1 && echo "carga full finalizada com sucesso" || exit 1
# #delta_sqoop $1 && delta_tz $1 && drop_tmp $1 && echo "carga delta finalizada com sucesso" || exit 1]]></script>
        <scriptargs> CE_MICROBIOLOGY</scriptargs>
      </command>
    </sequence>
    <uuid>976f82ea-6816-420c-8179-2a44ee988a2f</uuid>
  </job>
</joblist>