<joblist>
  <job>
    <defaultTab>nodes</defaultTab>
    <description>Ingest�o da Tabela V500_SPECIMEN</description>
    <dispatch>
      <excludePrecedence>true</excludePrecedence>
      <keepgoing>false</keepgoing>
      <rankOrder>ascending</rankOrder>
      <successOnEmptyNodeFilter>false</successOnEmptyNodeFilter>
      <threadcount>1</threadcount>
    </dispatch>
    <executionEnabled>true</executionEnabled>
    <group>STG_MILLENNIUM - Modularizado/STAGE 02</group>
    <id>cf5e6308-305d-4b78-ace8-05560133455a</id>
    <loglevel>INFO</loglevel>
    <name>008 - V500_SPECIMEN</name>
    <nodeFilterEditable>false</nodeFilterEditable>
    <nodefilters>
      <filter>lpfbigdap02*</filter>
    </nodefilters>
    <nodesSelectedByDefault>true</nodesSelectedByDefault>
    <scheduleEnabled>true</scheduleEnabled>
    <sequence keepgoing='false' strategy='node-first'>
      <command>
        <description>V500_SPECIMEN</description>
        <script><![CDATA[cd $SCRIPTS_DIR/ingestions/
#sh ingestion.sh --env millennium --sourcetable $1
sh ingestion-new.sh --env millennium --sourcetable $1 --all 1

# full_sqoop(){
# echo "INGESTION_SQOOP_DIR: $INGESTION_SQOOP_DIR"
# cd $INGESTION_SQOOP_DIR
# echo "INICIANDO CARGA DA TABELA $1"
# sh sqoop_import.sh --env millennium --sourcetable $1 --extraoptions --extraoptions "--map-column-java SPECIMEN_ID=Long,ADDITIONAL_SPECIMEN_ID=Long,SPECIMEN_TYPE_CD=Long,SPECIMEN_SRC_CD=Long,EVENT_ID=Long,SPECIMEN_COLLECT_PRIORITY_CD=Long,SPECIMEN_DANGER_CD=Long,SPECIMEN_STATUS_CD=Long,BODY_SITE_CD=Long,QNS_IND=Integer,REJECTION_IND=Integer,REJECTION_REASON_CD=Long,DRAWN_DT_TM=String,DRAWN_ID=Long,COLLECTION_METHOD_CD=Long,UPDT_CNT=Long,UPDT_DT_TM=String,UPDT_ID=Long,UPDT_TASK=Long,UPDT_APPLCTX=Long,PREV_SPECIMEN_ID=Long,LONG_TEXT_ID=Long,CREATION_DT_TM=String,CREATION_PRSNL_ID=Long,SPECIMEN_COLLECT_VOL=Double,COLLECTION_MODE=Integer"

# }
# full_tz(){
# echo "INICIANDO MUDANCA DE TZ DA FULL TABELA $1"
# cd $SCRIPTS_DIR/work-hiae
# sh pyspark_submit_fromUTCtoTZ_Full.sh $1-Full stg_millennium.$1
# hive -e "drop table stg_millennium.$1_tmp"
# }
# delta_sqoop(){
# echo "INGESTION_SQOOP_DIR: $INGESTION_SQOOP_DIR"
# cd $INGESTION_SQOOP_DIR
# echo "INICIANDO CARGA DELTA DA TABELA $1"
# sh sqoop_import.sh --env millennium --sourcetable $1 --dias 1 --mode DELTA --splitby SPECIMEN_ID  --updtcol UPDT_DT_TM --cols "*" --extraoptions "--map-column-java SPECIMEN_ID=Long,ADDITIONAL_SPECIMEN_ID=Long,SPECIMEN_TYPE_CD=Long,SPECIMEN_SRC_CD=Long,EVENT_ID=Long,SPECIMEN_COLLECT_PRIORITY_CD=Long,SPECIMEN_DANGER_CD=Long,SPECIMEN_STATUS_CD=Long,BODY_SITE_CD=Long,QNS_IND=Integer,REJECTION_IND=Integer,REJECTION_REASON_CD=Long,DRAWN_DT_TM=String,DRAWN_ID=Long,COLLECTION_METHOD_CD=Long,UPDT_CNT=Long,UPDT_DT_TM=String,UPDT_ID=Long,UPDT_TASK=Long,UPDT_APPLCTX=Long,PREV_SPECIMEN_ID=Long,LONG_TEXT_ID=Long,CREATION_DT_TM=String,CREATION_PRSNL_ID=Long,SPECIMEN_COLLECT_VOL=Double,COLLECTION_MODE=Integer"
# }
# delta_tz(){
# cd $SCRIPTS_DIR/work-hiae
# sh pyspark_submit_fromUTCtoTZ_delta.sh stage-$1-delta SPECIMEN_ID UPDT_DT_TM stg_millennium.$1
# }
# drop_tmp(){
# hive -e "drop table stg_millennium.$1_tmp"
# hive -e "drop table stg_millennium.$1_delta"
# }

# drop_table(){
#     hive -e "drop table stg_millennium.$1"
# }

# drop_table $1 && full_sqoop $1 && full_tz $1 && drop_tmp $1 && echo "carga full finalizada com sucesso" || exit 1

# #delta_sqoop $1 && delta_tz $1 && drop_tmp $1 && echo "carga delta finalizada com sucesso" || exit 1
]]></script>
        <scriptargs>V500_SPECIMEN</scriptargs>
      </command>
    </sequence>
    <uuid>cf5e6308-305d-4b78-ace8-05560133455a</uuid>
  </job>
</joblist>