<joblist>
  <job>
    <defaultTab>nodes</defaultTab>
    <description><![CDATA[Ingest�o da Tabela SHX_ACTIVITY
]]></description>
    <dispatch>
      <excludePrecedence>true</excludePrecedence>
      <keepgoing>false</keepgoing>
      <rankOrder>ascending</rankOrder>
      <successOnEmptyNodeFilter>false</successOnEmptyNodeFilter>
      <threadcount>1</threadcount>
    </dispatch>
    <executionEnabled>true</executionEnabled>
    <group>STG_MILLENNIUM - Modularizado/STAGE 02</group>
    <id>fc71d9c4-a858-4641-ac77-68f7ce9e97dc</id>
    <loglevel>INFO</loglevel>
    <name>006 - SHX_ACTIVITY</name>
    <nodeFilterEditable>false</nodeFilterEditable>
    <nodefilters>
      <filter>lpfbigdap02*</filter>
    </nodefilters>
    <nodesSelectedByDefault>true</nodesSelectedByDefault>
    <scheduleEnabled>true</scheduleEnabled>
    <sequence keepgoing='false' strategy='node-first'>
      <command>
        <description>SHX_ACTIVITY</description>
        <script><![CDATA[cd $SCRIPTS_DIR/ingestions/

sh ingestion-new.sh --env millennium --sourcetable $1 --all 1
#sh ingestion.sh --env millennium --sourcetable $1

# # echo "INGESTION_SQOOP_DIR: $INGESTION_SQOOP_DIR"
# # cd $INGESTION_SQOOP_DIR
# # echo "INICIANDO CARGA DA TABELA $1"
# # sh sqoop_import.sh --env millennium --sourcetable $1 --extraoptions "--map-column-java PERFORM_DT_TM=String,BEG_EFFECTIVE_DT_TM=String,END_EFFECTIVE_DT_TM=String,UPDT_DT_TM=String"
# # echo "INICIANDO MUDANCA DE TZ DA FULL TABELA $1"
# # cd $SCRIPTS_DIR/work-hiae
# # sh pyspark_submit_fromUTCtoTZ_Full.sh $1-Full stg_millennium.$1
# # hive -e "drop table stg_millennium.$1_tmp"

# full_sqoop(){
# echo "INGESTION_SQOOP_DIR: $INGESTION_SQOOP_DIR"
# cd $INGESTION_SQOOP_DIR
# echo "INICIANDO CARGA DA TABELA $1"
# sh sqoop_import.sh --env millennium --sourcetable $1 --extraoptions "--map-column-java PERFORM_DT_TM=String,BEG_EFFECTIVE_DT_TM=String,END_EFFECTIVE_DT_TM=String,UPDT_DT_TM=String"
# #impala-shell -i lpfda05.domhiae.einstein.br:21000 -q "invalidate metadata stg_millennium.$1"
# }
# full_tz(){
# echo "INICIANDO MUDANCA DE TZ DA FULL TABELA $1"
# cd $SCRIPTS_DIR/work-hiae
# sh pyspark_submit_fromUTCtoTZ_Full.sh $1-Full stg_millennium.$1
# }
# delta_sqoop(){
# echo "INGESTION_SQOOP_DIR: $INGESTION_SQOOP_DIR"
# cd $INGESTION_SQOOP_DIR
# echo "INICIANDO CARGA DELTA DA TABELA $1"
# sh sqoop_import.sh --env millennium --sourcetable $1 --dias 1 --mode DELTA --splitby   --updtcol UPDT_DT_TM --cols "*" --extraoptions "--map-column-java PERFORM_DT_TM=String,BEG_EFFECTIVE_DT_TM=String,END_EFFECTIVE_DT_TM=String,UPDT_DT_TM=String"
# }
# delta_tz(){
# cd $SCRIPTS_DIR/work-hiae
# sh pyspark_submit_fromUTCtoTZ_delta.sh stage-$1-delta  UPDT_DT_TM stg_millennium.$1
# }
# drop_tmp(){
# hive -e "drop table stg_millennium.$1_tmp"
# hive -e "drop table stg_millennium.$1_delta"
# }

# drop_table(){
#     hive -e "drop table stg_millennium.$1"
# }

# #drop_table $1 && full_sqoop $1 && full_tz $1 && drop_tmp $1 && echo "carga full finalizada com sucesso" || exit 1

# #delta_sqoop $1 && delta_tz $1 && drop_tmp $1 && echo "carga delta finalizada com sucesso" || exit 1
]]></script>
        <scriptargs>SHX_ACTIVITY</scriptargs>
      </command>
    </sequence>
    <uuid>fc71d9c4-a858-4641-ac77-68f7ce9e97dc</uuid>
  </job>
</joblist>