<joblist>
  <job>
    <defaultTab>nodes</defaultTab>
    <description>Ingest�o da tabela rb_appointment</description>
    <dispatch>
      <excludePrecedence>true</excludePrecedence>
      <keepgoing>false</keepgoing>
      <rankOrder>ascending</rankOrder>
      <successOnEmptyNodeFilter>false</successOnEmptyNodeFilter>
      <threadcount>1</threadcount>
    </dispatch>
    <executionEnabled>true</executionEnabled>
    <group>STG_SGH - Modularizado/STAGE 01</group>
    <id>c7ac7288-b9ce-4df4-a41c-9587343f69e3</id>
    <loglevel>INFO</loglevel>
    <name>001 - rb_appointment</name>
    <nodeFilterEditable>false</nodeFilterEditable>
    <nodefilters>
      <filter>lpfbigdap02*</filter>
    </nodefilters>
    <nodesSelectedByDefault>true</nodesSelectedByDefault>
    <scheduleEnabled>true</scheduleEnabled>
    <sequence keepgoing='false' strategy='node-first'>
      <command>
        <description>rb_appointment</description>
        <script><![CDATA[cd $SCRIPTS_DIR/ingestions/
sh ingestion-new.sh --env sgh --sourcetable $1 --all 1]]></script>
        <scriptargs>rb_appointment</scriptargs>
      </command>
    </sequence>
    <uuid>c7ac7288-b9ce-4df4-a41c-9587343f69e3</uuid>
  </job>
</joblist>