<joblist>
  <job>
    <defaultTab>nodes</defaultTab>
    <description>Ingest�o da LONG_TEXT</description>
    <dispatch>
      <excludePrecedence>true</excludePrecedence>
      <keepgoing>false</keepgoing>
      <rankOrder>ascending</rankOrder>
      <successOnEmptyNodeFilter>false</successOnEmptyNodeFilter>
      <threadcount>1</threadcount>
    </dispatch>
    <executionEnabled>true</executionEnabled>
    <group>STG_MILLENNIUM - Modularizado/Outros</group>
    <id>083c1593-b1bc-4275-a1b1-414eff296e1c</id>
    <loglevel>INFO</loglevel>
    <name>LONG_TEXT</name>
    <nodeFilterEditable>false</nodeFilterEditable>
    <nodefilters>
      <filter>lpfbigdap02*</filter>
    </nodefilters>
    <nodesSelectedByDefault>true</nodesSelectedByDefault>
    <scheduleEnabled>true</scheduleEnabled>
    <sequence keepgoing='false' strategy='node-first'>
      <command>
        <description>LONG_TEXT</description>
        <script><![CDATA[cd $SCRIPTS_DIR/ingestions/
sh ingestion_split_by_mod.sh --env millennium --sourcetable $1

#cd $SCRIPTS_DIR/ingestions/
#sh ingestion.sh --env millennium --sourcetable long_text
# sh ingestion.sh --env millennium --sourcetable $1

## V-16/07/2022
#sh ingestion-new.sh --env millennium --sourcetable long_text --all 1
]]></script>
        <scriptargs>LONG_TEXT</scriptargs>
      </command>
    </sequence>
    <uuid>083c1593-b1bc-4275-a1b1-414eff296e1c</uuid>
  </job>
</joblist>