<joblist>
  <job>
    <defaultTab>nodes</defaultTab>
    <description>Ingest�o da tabela ORDERS</description>
    <dispatch>
      <excludePrecedence>true</excludePrecedence>
      <keepgoing>false</keepgoing>
      <rankOrder>ascending</rankOrder>
      <successOnEmptyNodeFilter>false</successOnEmptyNodeFilter>
      <threadcount>1</threadcount>
    </dispatch>
    <executionEnabled>true</executionEnabled>
    <group>STG_MILLENNIUM - Modularizado/Outros</group>
    <id>0d726b34-fff8-4fee-9982-a5c31d7b5aa5</id>
    <loglevel>INFO</loglevel>
    <name>ORDERS</name>
    <nodeFilterEditable>false</nodeFilterEditable>
    <nodefilters>
      <filter>lpfbigdap02*</filter>
    </nodefilters>
    <nodesSelectedByDefault>true</nodesSelectedByDefault>
    <scheduleEnabled>true</scheduleEnabled>
    <sequence keepgoing='false' strategy='node-first'>
      <command>
        <description>ORDERS</description>
        <script><![CDATA[cd $SCRIPTS_DIR/ingestions/

sh ingestion-new.sh --env millennium --sourcetable $1 --all 1

#cd $SCRIPTS_DIR/ingestions/
#sh ingestion.sh --env millennium --sourcetable $1

# full_sqoop()
# {
# echo "INGESTION_SQOOP_DIR: $INGESTION_SQOOP_DIR"
# cd $INGESTION_SQOOP_DIR
# echo "INICIANDO CARGA DA TABELA $1"
# sh sqoop_import.sh --env millennium --sourcetable $1 --extraoptions "--boundary-query 'select min(ORDER_ID),max(ORDER_ID) from V500.ORDERS' --map-column-java ORIGINATING_ENCNTR_ID=Long,ORDER_REVIEW_STATUS_REASON_BIT=Long,ORDERED_AS_MNEMONIC=String,INCOMPLETE_ORDER_IND=Integer,LAST_INGRED_ACTION_SEQUENCE=Long,STOP_TYPE_CD=Long,TEMPLATE_CORE_ACTION_SEQUENCE=Long,ESO_NEW_ORDER_IND=Integer,FREQUENCY_ID=Long,FREQ_TYPE_FLAG=Long,LAST_CORE_ACTION_SEQUENCE=Long,MODIFIED_START_DT_TM=String,COMMENT_TYPE_MASK=Long,OVERRIDE_FLAG=Long,REMAINING_DOSE_CNT=Long,VALID_DOSE_DT_TM=String,SOFT_STOP_TZ=Long,PROJECTED_STOP_TZ=Long,RESUME_EFFECTIVE_TZ=Long,DISCONTINUE_EFFECTIVE_TZ=Long,ORIG_ORDER_TZ=Long,SUSPEND_EFFECTIVE_TZ=Long,CURRENT_START_TZ=Long,LINK_TYPE_FLAG=Long,LINK_NBR=Double,AD_HOC_ORDER_FLAG=Long,PATHWAY_CATALOG_ID=Long,SIMPLIFIED_DISPLAY_LINE=String,NEED_RX_CLIN_REVIEW_FLAG=Long,PRESCRIPTION_ORDER_ID=Long,SOURCE_CD=Long,CLIN_RELEVANT_UPDT_DT_TM=String,CLIN_RELEVANT_UPDT_TZ=Long,IV_SET_SYNONYM_ID=Long,ORDER_SCHEDULE_PRECISION_BIT=Long,FUTURE_LOCATION_FACILITY_CD=Long,FUTURE_LOCATION_NURSE_UNIT_CD=Long,PRESCRIPTION_GROUP_VALUE=Long,PROTOCOL_ORDER_ID=Long,DAY_OF_TREATMENT_SEQUENCE=Long,FORMULARY_STATUS_CD=Long,DOSING_METHOD_FLAG=Long,WARNING_LEVEL_BIT=Long,TEMPLATE_DOSE_SEQUENCE=Long,LATEST_COMMUNICATION_TYPE_CD=Long,ORDER_STATUS_REASON_BIT=Long,ORDER_ID=Long,OE_FORMAT_ID=Long,ENCNTR_ID=Long,PERSON_ID=Long,CATALOG_CD=Long,SUSPEND_IND=Integer,CONTRIBUTOR_SYSTEM_CD=Long,CATALOG_TYPE_CD=Long,ORIG_ORDER_DT_TM=String,ORDER_STATUS_CD=Long,ORDER_MNEMONIC=String,LAST_ACTION_SEQUENCE=Long,LAST_UPDATE_PROVIDER_ID=Long,ACTIVITY_TYPE_CD=Long,ORDER_DETAIL_DISPLAY_LINE=String,TEMPLATE_ORDER_ID=Long,TEMPLATE_ORDER_FLAG=Long,SYNONYM_ID=Long,LINK_ORDER_FLAG=Long,LINK_ORDER_ID=Long,GROUP_ORDER_ID=Long,GROUP_ORDER_FLAG=Long,STATUS_DT_TM=String,STATUS_PRSNL_ID=Long,IV_IND=Integer,CONSTANT_IND=Integer,PRN_IND=Integer,ORDER_COMMENT_IND=Integer,NEED_RX_VERIFY_IND=Integer,NEED_NURSE_REVIEW_IND=Integer,NEED_DOCTOR_COSIGN_IND=Integer,CURRENT_START_DT_TM=String,PROJECTED_STOP_DT_TM=String,UPDT_DT_TM=String,UPDT_ID=Long,UPDT_TASK=Long,UPDT_CNT=Long,UPDT_APPLCTX=Long,ENCNTR_FINANCIAL_ID=Long,SUSPEND_EFFECTIVE_DT_TM=String,RESUME_IND=Integer,RESUME_EFFECTIVE_DT_TM=String,DISCONTINUE_IND=Integer,DISCONTINUE_EFFECTIVE_DT_TM=String,PRODUCT_ID=Long,CS_ORDER_ID=Long,CS_FLAG=Long,ACTIVE_STATUS_CD=Long,ACTIVE_STATUS_DT_TM=String,ACTIVE_STATUS_PRSNL_ID=Long,ACTIVE_IND=Integer,HNA_ORDER_MNEMONIC=String,ORIG_ORD_AS_FLAG=Long,INGREDIENT_IND=Integer,DEPT_STATUS_CD=Long,REF_TEXT_MASK=Long,CLINICAL_DISPLAY_LINE=String,INTEREST_DT_TM=String,DISCONTINUE_TYPE_CD=Long,RX_MASK=Long,SCH_STATE_CD=Long,ORIG_ORDER_CONVS_SEQ=Long,DCP_CLIN_CAT_CD=Long,DEPT_MISC_LINE=String,HIDE_FLAG=Long,INTERVAL_IND=Integer,ORDERABLE_TYPE_FLAG=Long,CKI=String,NEED_PHYSICIAN_VALIDATE_IND=Integer,MED_ORDER_TYPE_CD=Long,SOFT_STOP_DT_TM=String"
# }

# full_tz()
# {
# echo "INICIANDO MUDANCA DE TZ DA FULL TABELA $1"
# cd /data/projects/stg_millennium/orders
# sh pyspark_submit_fromUTCtoTZ_Full.sh $1-Full stg_millennium.$1 4 3 30g
# }
# delta_sqoop(){
# echo "INGESTION_SQOOP_DIR: $INGESTION_SQOOP_DIR"
# cd $INGESTION_SQOOP_DIR
# echo "INICIANDO CARGA DELTA DA TABELA $1"
# sh sqoop_import.sh --env millennium --sourcetable $1 --dias 1 --mode DELTA --splitby ORDER_ID  --updtcol UPDT_DT_TM --cols "*" --extraoptions "--map-column-java ORIGINATING_ENCNTR_ID=Long,ORDER_REVIEW_STATUS_REASON_BIT=Long,ORDERED_AS_MNEMONIC=String,INCOMPLETE_ORDER_IND=Integer,LAST_INGRED_ACTION_SEQUENCE=Long,STOP_TYPE_CD=Long,TEMPLATE_CORE_ACTION_SEQUENCE=Long,ESO_NEW_ORDER_IND=Integer,FREQUENCY_ID=Long,FREQ_TYPE_FLAG=Long,LAST_CORE_ACTION_SEQUENCE=Long,MODIFIED_START_DT_TM=String,COMMENT_TYPE_MASK=Long,OVERRIDE_FLAG=Long,REMAINING_DOSE_CNT=Long,VALID_DOSE_DT_TM=String,SOFT_STOP_TZ=Long,PROJECTED_STOP_TZ=Long,RESUME_EFFECTIVE_TZ=Long,DISCONTINUE_EFFECTIVE_TZ=Long,ORIG_ORDER_TZ=Long,SUSPEND_EFFECTIVE_TZ=Long,CURRENT_START_TZ=Long,LINK_TYPE_FLAG=Long,LINK_NBR=Double,AD_HOC_ORDER_FLAG=Long,PATHWAY_CATALOG_ID=Long,SIMPLIFIED_DISPLAY_LINE=String,NEED_RX_CLIN_REVIEW_FLAG=Long,PRESCRIPTION_ORDER_ID=Long,SOURCE_CD=Long,CLIN_RELEVANT_UPDT_DT_TM=String,CLIN_RELEVANT_UPDT_TZ=Long,IV_SET_SYNONYM_ID=Long,ORDER_SCHEDULE_PRECISION_BIT=Long,FUTURE_LOCATION_FACILITY_CD=Long,FUTURE_LOCATION_NURSE_UNIT_CD=Long,PRESCRIPTION_GROUP_VALUE=Long,PROTOCOL_ORDER_ID=Long,DAY_OF_TREATMENT_SEQUENCE=Long,FORMULARY_STATUS_CD=Long,DOSING_METHOD_FLAG=Long,WARNING_LEVEL_BIT=Long,TEMPLATE_DOSE_SEQUENCE=Long,LATEST_COMMUNICATION_TYPE_CD=Long,ORDER_STATUS_REASON_BIT=Long,ORDER_ID=Long,OE_FORMAT_ID=Long,ENCNTR_ID=Long,PERSON_ID=Long,CATALOG_CD=Long,SUSPEND_IND=Integer,CONTRIBUTOR_SYSTEM_CD=Long,CATALOG_TYPE_CD=Long,ORIG_ORDER_DT_TM=String,ORDER_STATUS_CD=Long,ORDER_MNEMONIC=String,LAST_ACTION_SEQUENCE=Long,LAST_UPDATE_PROVIDER_ID=Long,ACTIVITY_TYPE_CD=Long,ORDER_DETAIL_DISPLAY_LINE=String,TEMPLATE_ORDER_ID=Long,TEMPLATE_ORDER_FLAG=Long,SYNONYM_ID=Long,LINK_ORDER_FLAG=Long,LINK_ORDER_ID=Long,GROUP_ORDER_ID=Long,GROUP_ORDER_FLAG=Long,STATUS_DT_TM=String,STATUS_PRSNL_ID=Long,IV_IND=Integer,CONSTANT_IND=Integer,PRN_IND=Integer,ORDER_COMMENT_IND=Integer,NEED_RX_VERIFY_IND=Integer,NEED_NURSE_REVIEW_IND=Integer,NEED_DOCTOR_COSIGN_IND=Integer,CURRENT_START_DT_TM=String,PROJECTED_STOP_DT_TM=String,UPDT_DT_TM=String,UPDT_ID=Long,UPDT_TASK=Long,UPDT_CNT=Long,UPDT_APPLCTX=Long,ENCNTR_FINANCIAL_ID=Long,SUSPEND_EFFECTIVE_DT_TM=String,RESUME_IND=Integer,RESUME_EFFECTIVE_DT_TM=String,DISCONTINUE_IND=Integer,DISCONTINUE_EFFECTIVE_DT_TM=String,PRODUCT_ID=Long,CS_ORDER_ID=Long,CS_FLAG=Long,ACTIVE_STATUS_CD=Long,ACTIVE_STATUS_DT_TM=String,ACTIVE_STATUS_PRSNL_ID=Long,ACTIVE_IND=Integer,HNA_ORDER_MNEMONIC=String,ORIG_ORD_AS_FLAG=Long,INGREDIENT_IND=Integer,DEPT_STATUS_CD=Long,REF_TEXT_MASK=Long,CLINICAL_DISPLAY_LINE=String,INTEREST_DT_TM=String,DISCONTINUE_TYPE_CD=Long,RX_MASK=Long,SCH_STATE_CD=Long,ORIG_ORDER_CONVS_SEQ=Long,DCP_CLIN_CAT_CD=Long,DEPT_MISC_LINE=String,HIDE_FLAG=Long,INTERVAL_IND=Integer,ORDERABLE_TYPE_FLAG=Long,CKI=String,NEED_PHYSICIAN_VALIDATE_IND=Integer,MED_ORDER_TYPE_CD=Long,SOFT_STOP_DT_TM=String"
# }
# delta_tz(){
# cd /data/projects/stg_millennium/orders
# sh pyspark_submit_fromUTCtoTZ_delta.sh stage-$1-delta ORDER_ID UPDT_DT_TM stg_millennium.$1 4 5 30g
# }
# drop_tmp()
# {
# hive -e "drop table stg_millennium.$1_tmp"
# hive -e "drop table stg_millennium.$1_delta"
# }

# drop_table(){
# hive -e "drop table stg_millennium.$1"  
# }

# #drop_table $1 && full_sqoop $1 && full_tz $1 && drop_tmp $1 && echo "carga full finalizada com sucesso" || exit 1
# delta_sqoop $1 && delta_tz $1 && echo "carga delta finalizada com sucesso" || exit 1]]></script>
        <scriptargs>ORDERS</scriptargs>
      </command>
    </sequence>
    <uuid>0d726b34-fff8-4fee-9982-a5c31d7b5aa5</uuid>
  </job>
</joblist>