<joblist>
  <job>
    <defaultTab>nodes</defaultTab>
    <description>Ingest�o da tabela CLINICAL_EVENT</description>
    <dispatch>
      <excludePrecedence>true</excludePrecedence>
      <keepgoing>false</keepgoing>
      <rankOrder>ascending</rankOrder>
      <successOnEmptyNodeFilter>false</successOnEmptyNodeFilter>
      <threadcount>1</threadcount>
    </dispatch>
    <executionEnabled>true</executionEnabled>
    <group>STG_MILLENNIUM - Modularizado/Outros</group>
    <id>1369c2b9-3c38-4afe-92a3-885b5d19fd2d</id>
    <loglevel>INFO</loglevel>
    <name>[DELETAR] - CLINICAL_EVENT</name>
    <nodeFilterEditable>false</nodeFilterEditable>
    <nodefilters>
      <filter>lpfbigdap02*</filter>
    </nodefilters>
    <nodesSelectedByDefault>true</nodesSelectedByDefault>
    <scheduleEnabled>true</scheduleEnabled>
    <sequence keepgoing='false' strategy='node-first'>
      <command>
        <description>CLINICAL_EVENT</description>
        <script><![CDATA[cd $SCRIPTS_DIR/ingestions/
sh ingestion.sh --env millennium --sourcetable $1

# full_sqoop(){
# echo "INGESTION_SQOOP_DIR: $INGESTION_SQOOP_DIR"
# cd $INGESTION_SQOOP_DIR
# echo "INICIANDO CARGA DA TABELA $1"
# sh sqoop_import.sh --env millennium --sourcetable $1 --extraoptions "--map-column-java CLINICAL_EVENT_ID=Long,ENCNTR_ID=Long,PERSON_ID=Long,EVENT_START_DT_TM=String,ENCNTR_FINANCIAL_ID=Long,EVENT_ID=Long,VALID_UNTIL_DT_TM=String,EVENT_TITLE_TEXT=String,VIEW_LEVEL=Integer,ORDER_ID=Long,CATALOG_CD=Long,SERIES_REF_NBR=String,ACCESSION_NBR=String,CONTRIBUTOR_SYSTEM_CD=Long,REFERENCE_NBR=String,PARENT_EVENT_ID=Long,EVENT_RELTN_CD=Long,VALID_FROM_DT_TM=String,EVENT_CLASS_CD=Long,EVENT_CD=Long,EVENT_TAG=String,EVENT_END_DT_TM=String,EVENT_END_DT_TM_OS=Long,RESULT_VAL=String,RESULT_UNITS_CD=Long,RESULT_TIME_UNITS_CD=Long,TASK_ASSAY_CD=Long,RECORD_STATUS_CD=Long,RESULT_STATUS_CD=Long,AUTHENTIC_FLAG=Integer,PUBLISH_FLAG=Integer,QC_REVIEW_CD=Long,NORMALCY_CD=Long,NORMALCY_METHOD_CD=Long,INQUIRE_SECURITY_CD=Long,RESOURCE_GROUP_CD=Long,RESOURCE_CD=Long,SUBTABLE_BIT_MAP=Long,COLLATING_SEQ=String,VERIFIED_DT_TM=String,VERIFIED_PRSNL_ID=Long,PERFORMED_DT_TM=String,PERFORMED_PRSNL_ID=Long,UPDT_DT_TM=String,UPDT_ID=Long,UPDT_TASK=Long,UPDT_CNT=Long,UPDT_APPLCTX=Long,NORMAL_LOW=String,NORMAL_HIGH=String,CRITICAL_LOW=String,CRITICAL_HIGH=String,EXPIRATION_DT_TM=String,EVENT_TAG_SET_FLAG=Integer,NOTE_IMPORTANCE_BIT_MAP=Long,CLINSIG_UPDT_DT_TM=String,ORDER_ACTION_SEQUENCE=Long,ENTRY_MODE_CD=Long,SOURCE_CD=Long,CLINICAL_SEQ=String,EVENT_END_TZ=Long,EVENT_START_TZ=Long,PERFORMED_TZ=Long,VERIFIED_TZ=Long,TASK_ASSAY_VERSION_NBR=Long,MODIFIER_LONG_TEXT_ID=Long,SRC_EVENT_ID=Long,SRC_CLINSIG_UPDT_DT_TM=String,CE_DYNAMIC_LABEL_ID=Long,NOMEN_STRING_FLAG=Integer,DEVICE_FREE_TXT=String,TRAIT_BIT_MAP=Long --map-column-hive AUTHENTIC_FLAG=TINYINT,PUBLISH_FLAG=TINYINT,EVENT_TAG_SET_FLAG=TINYINT,NOMEN_STRING_FLAG=TINYINT"
# }
# full_tz()
# {
# echo "INICIANDO MUDANCA DE TZ DA FULL TABELA $1"
# cd /data/projects/stg_millennium/clinical_event
# sh pyspark_submit_fromUTCtoTZ_Full.sh $1-Full stg_millennium.$1 9 5 23g
# }

# delta_sqoop(){
# echo "INGESTION_SQOOP_DIR: $INGESTION_SQOOP_DIR"
# cd $INGESTION_SQOOP_DIR
# echo "INICIANDO CARGA DA TABELA $1"
# sh sqoop_import.sh --env millennium --mode DELTA --dias 1 --sourcetable $1 --splitby CLINICAL_EVENT_ID --updtcol UPDT_DT_TM --cols "clinical_event_id, encntr_id, person_id,   event_start_dt_tm ,   encntr_financial_id ,   event_id ,   valid_until_dt_tm ,   event_title_text ,   view_level ,   order_id ,   catalog_cd ,   series_ref_nbr ,   accession_nbr ,   contributor_system_cd ,   reference_nbr ,   parent_event_id ,   event_reltn_cd ,   valid_from_dt_tm ,   event_class_cd ,   event_cd ,   event_tag ,   event_end_dt_tm ,   event_end_dt_tm_os ,   result_val ,   result_units_cd ,   result_time_units_cd ,   task_assay_cd ,   record_status_cd ,   result_status_cd ,   authentic_flag ,   publish_flag ,   qc_review_cd ,   normalcy_cd ,   normalcy_method_cd ,   inquire_security_cd ,   resource_group_cd ,   resource_cd ,   subtable_bit_map ,   collating_seq ,   verified_dt_tm ,   verified_prsnl_id ,   performed_dt_tm ,   performed_prsnl_id ,   updt_dt_tm ,   updt_id ,   updt_task ,   updt_cnt ,   updt_applctx ,   normal_low ,   normal_high ,   critical_low ,   critical_high ,   expiration_dt_tm ,   event_tag_set_flag ,   note_importance_bit_map ,   clinsig_updt_dt_tm ,   order_action_sequence ,   entry_mode_cd ,   source_cd ,   clinical_seq ,   event_end_tz ,   event_start_tz ,   performed_tz ,   verified_tz ,   task_assay_version_nbr ,   modifier_long_text_id ,   src_event_id ,   src_clinsig_updt_dt_tm ,   ce_dynamic_label_id ,   nomen_string_flag ,   device_free_txt ,   trait_bit_map" --extraoptions "--map-column-java CLINICAL_EVENT_ID=Long,ENCNTR_ID=Long,PERSON_ID=Long,EVENT_START_DT_TM=String,ENCNTR_FINANCIAL_ID=Long,EVENT_ID=Long,VALID_UNTIL_DT_TM=String,EVENT_TITLE_TEXT=String,VIEW_LEVEL=Integer,ORDER_ID=Long,CATALOG_CD=Long,SERIES_REF_NBR=String,ACCESSION_NBR=String,CONTRIBUTOR_SYSTEM_CD=Long,REFERENCE_NBR=String,PARENT_EVENT_ID=Long,EVENT_RELTN_CD=Long,VALID_FROM_DT_TM=String,EVENT_CLASS_CD=Long,EVENT_CD=Long,EVENT_TAG=String,EVENT_END_DT_TM=String,EVENT_END_DT_TM_OS=Long,RESULT_VAL=String,RESULT_UNITS_CD=Long,RESULT_TIME_UNITS_CD=Long,TASK_ASSAY_CD=Long,RECORD_STATUS_CD=Long,RESULT_STATUS_CD=Long,AUTHENTIC_FLAG=Integer,PUBLISH_FLAG=Integer,QC_REVIEW_CD=Long,NORMALCY_CD=Long,NORMALCY_METHOD_CD=Long,INQUIRE_SECURITY_CD=Long,RESOURCE_GROUP_CD=Long,RESOURCE_CD=Long,SUBTABLE_BIT_MAP=Long,COLLATING_SEQ=String,VERIFIED_DT_TM=String,VERIFIED_PRSNL_ID=Long,PERFORMED_DT_TM=String,PERFORMED_PRSNL_ID=Long,UPDT_DT_TM=String,UPDT_ID=Long,UPDT_TASK=Long,UPDT_CNT=Long,UPDT_APPLCTX=Long,NORMAL_LOW=String,NORMAL_HIGH=String,CRITICAL_LOW=String,CRITICAL_HIGH=String,EXPIRATION_DT_TM=String,EVENT_TAG_SET_FLAG=Integer,NOTE_IMPORTANCE_BIT_MAP=Long,CLINSIG_UPDT_DT_TM=String,ORDER_ACTION_SEQUENCE=Long,ENTRY_MODE_CD=Long,SOURCE_CD=Long,CLINICAL_SEQ=String,EVENT_END_TZ=Long,EVENT_START_TZ=Long,PERFORMED_TZ=Long,VERIFIED_TZ=Long,TASK_ASSAY_VERSION_NBR=Long,MODIFIER_LONG_TEXT_ID=Long,SRC_EVENT_ID=Long,SRC_CLINSIG_UPDT_DT_TM=String,CE_DYNAMIC_LABEL_ID=Long,NOMEN_STRING_FLAG=Integer,DEVICE_FREE_TXT=String,TRAIT_BIT_MAP=Long --map-column-hive AUTHENTIC_FLAG=TINYINT,PUBLISH_FLAG=TINYINT,EVENT_TAG_SET_FLAG=TINYINT,NOMEN_STRING_FLAG=TINYINT"
# }
# delta_tz(){
# cd /data/projects/stg_millennium/clinical_event
# sh pyspark_submit_fromUTCtoTZ_delta.sh stg-$1-delta CLINICAL_EVENT_ID UPDT_DT_TM stg_millennium.clinical_event 9 5 23g
# }
# drop_tmp()
# {
# beeline -u "jdbc:hive2://lpfbigdap01.einstein.br:10000/default;principal=hive/lpfbigdap01.einstein.br@DOMHIAE.EINSTEIN.BR" -e "drop table stg_millennium.$1_tmp"
# beeline -u "jdbc:hive2://lpfbigdap01.einstein.br:10000/default;principal=hive/lpfbigdap01.einstein.br@DOMHIAE.EINSTEIN.BR" -e "drop table stg_millennium.$1_delta"
# }
# drop_table(){
# beeline -u "jdbc:hive2://lpfbigdap01.einstein.br:10000/default;principal=hive/lpfbigdap01.einstein.br@DOMHIAE.EINSTEIN.BR" -e "drop table stg_millennium.$1"  
# }
# add_role(){
# beeline -u "jdbc:hive2://lpfbigdap01.einstein.br:10000/default;principal=hive/lpfbigdap01.einstein.br@DOMHIAE.EINSTEIN.BR" -e "grant select on table stg_millennium.clinical_event to role role_gov_hdrdt_institucional_l"
# }

# drop_table $1 && full_sqoop $1 && full_tz $1 && drop_tmp $1 && add_role && echo "carga full finalizada com sucesso" || exit 1
# #delta_sqoop $1 && delta_tz $1 && drop_tmp $1 && echo "carga delta finalizada com sucesso" || exit 1]]></script>
        <scriptargs>CLINICAL_EVENT</scriptargs>
      </command>
    </sequence>
    <uuid>1369c2b9-3c38-4afe-92a3-885b5d19fd2d</uuid>
  </job>
</joblist>