<joblist>
  <job>
    <defaultTab>nodes</defaultTab>
    <description>Ingest�o da tabela MIC_IC_ORDERS</description>
    <dispatch>
      <excludePrecedence>true</excludePrecedence>
      <keepgoing>false</keepgoing>
      <rankOrder>ascending</rankOrder>
      <successOnEmptyNodeFilter>false</successOnEmptyNodeFilter>
      <threadcount>1</threadcount>
    </dispatch>
    <executionEnabled>true</executionEnabled>
    <group>Nova STG_MILLENNIUM - Modularizado/STAGE 09</group>
    <id>44a729ad-4a41-4eb4-bf51-89ec2fd716a7</id>
    <loglevel>INFO</loglevel>
    <name>004 - MIC_IC_ORDERS</name>
    <nodeFilterEditable>false</nodeFilterEditable>
    <nodefilters>
      <filter>lpfbigdap02*</filter>
    </nodefilters>
    <nodesSelectedByDefault>true</nodesSelectedByDefault>
    <scheduleEnabled>true</scheduleEnabled>
    <sequence keepgoing='false' strategy='node-first'>
      <command>
        <description>MIC_IC_ORDERS</description>
        <script><![CDATA[cd $SCRIPTS_DIR/ingestions/
sh ingestion.sh --env millennium --sourcetable $1

# full_sqoop(){
# echo "INGESTION_SQOOP_DIR: $INGESTION_SQOOP_DIR"
# cd $INGESTION_SQOOP_DIR
# echo "INICIANDO CARGA DA TABELA $1"
# sh sqoop_import.sh --env millennium --sourcetable $1 --extraoptions "--map-column-java ORDER_ID=Long,PERSON_ID=Long,ENCNTR_ID=Long,ACTIVITY_TYPE_CD=Long,COMPLETE_DT_TM=String,PROCEDURE_ORDER_DT_TM=String,DRAWN_DT_TM=String,RECEIVED_DT_TM=String,ORDER_PROVIDER_ID=Long,CATALOG_CD=Long,POSITIVE_IND=Long,NOSOCOMIAL_IND=Long,ACCESSION_NBR=String,CULTURE_START_DT_TM=String,SOURCE_CD=Long,BODY_SITE_CD=Long,UPDT_DT_TM=String,UPDT_ID=Long,UPDT_TASK=Long,UPDT_CNT=Long,UPDT_APPLCTX=Long"
# }
# full_tz()
# {
# echo "INICIANDO MUDANCA DE TZ DA FULL TABELA $1"
# cd $SCRIPTS_DIR/work-hiae
# sh pyspark_submit_fromUTCtoTZ_Full.sh $1-Full stg_millennium.$1 6 3 5g
# }
# delta_sqoop(){
# echo "INGESTION_SQOOP_DIR: $INGESTION_SQOOP_DIR"
# cd $INGESTION_SQOOP_DIR
# echo "INICIANDO CARGA DA TABELA $1"
# sh sqoop_import.sh --env millennium --mode DELTA --dias 1 --sourcetable $1 --splitby EVENT_ID --updtcol UPDT_DT_TM --cols "ORDER_ID,PERSON_ID,ENCNTR_ID,ACTIVITY_TYPE_CD,COMPLETE_DT_TM,PROCEDURE_ORDER_DT_TM,DRAWN_DT_TM,RECEIVED_DT_TM,ORDER_PROVIDER_ID,CATALOG_CD,POSITIVE_IND,NOSOCOMIAL_IND,ACCESSION_NBR,CULTURE_START_DT_TM,SOURCE_CD,BODY_SITE_CD,UPDT_DT_TM,UPDT_ID,UPDT_TASK,UPDT_CNT,UPDT_APPLCTX" --extraoptions "--map-column-java ORDER_ID=Long,PERSON_ID=Long,ENCNTR_ID=Long,ACTIVITY_TYPE_CD=Long,COMPLETE_DT_TM=String,PROCEDURE_ORDER_DT_TM=String,DRAWN_DT_TM=String,RECEIVED_DT_TM=String,ORDER_PROVIDER_ID=Long,CATALOG_CD=Long,POSITIVE_IND=Long,NOSOCOMIAL_IND=Long,ACCESSION_NBR=String,CULTURE_START_DT_TM=String,SOURCE_CD=Long,BODY_SITE_CD=Long,UPDT_DT_TM=String,UPDT_ID=Long,UPDT_TASK=Long,UPDT_CNT=Long,UPDT_APPLCTX=Long"
# }
# delta_tz(){
# cd $SCRIPTS_DIR/work-hiae
# sh pyspark_submit_fromUTCtoTZ_delta.sh stg-$1-delta EVENT_ID UPDT_DT_TM stg_millennium.mic_ic_orders 4 2 5g
# }
# drop_tmp()
# {
# hive -e "drop table stg_millennium.$1_tmp"
# hive -e "drop table stg_millennium.$1_delta"
# }
# drop_table(){
# hive -e "drop table stg_millennium.$1"  
# }
# 0
# 0
# drop_table $1 && full_sqoop $1 && full_tz $1 && drop_tmp $1 && echo "carga full finalizada com sucesso" || exit 1
# #delta_sqoop $1 && delta_tz $1 && drop_tmp $1 && echo "carga delta finalizada com sucesso" || exit 1
]]></script>
        <scriptargs>MIC_IC_ORDERS</scriptargs>
      </command>
    </sequence>
    <uuid>44a729ad-4a41-4eb4-bf51-89ec2fd716a7</uuid>
  </job>
</joblist>