<joblist>
  <job>
    <defaultTab>nodes</defaultTab>
    <description>Ingest�o da tabela CODE_VALUE_SET</description>
    <dispatch>
      <excludePrecedence>true</excludePrecedence>
      <keepgoing>false</keepgoing>
      <rankOrder>ascending</rankOrder>
      <successOnEmptyNodeFilter>false</successOnEmptyNodeFilter>
      <threadcount>1</threadcount>
    </dispatch>
    <executionEnabled>true</executionEnabled>
    <group>Nova STG_MILLENNIUM - Modularizado/STAGE 09</group>
    <id>c19f697e-e0f9-4fe2-abff-1211e7ed3235</id>
    <loglevel>INFO</loglevel>
    <name>001 - CODE_VALUE_SET</name>
    <nodeFilterEditable>false</nodeFilterEditable>
    <nodefilters>
      <filter>lpfbigdap02*</filter>
    </nodefilters>
    <nodesSelectedByDefault>true</nodesSelectedByDefault>
    <scheduleEnabled>true</scheduleEnabled>
    <sequence keepgoing='false' strategy='node-first'>
      <command>
        <description>CODE_VALUE_SET</description>
        <script><![CDATA[cd $SCRIPTS_DIR/ingestions/
sh ingestion.sh --env millennium --sourcetable $1

# full_sqoop(){
# echo "INGESTION_SQOOP_DIR: $INGESTION_SQOOP_DIR"
# cd $INGESTION_SQOOP_DIR
# echo "INICIANDO CARGA DA TABELA $1"
# sh sqoop_import.sh --env millennium --sourcetable $1 --extraoptions "--map-column-java ACTIVE_IND_DUP_IND=Long,ADD_ACCESS_IND=Long,ALIAS_DUP_IND=Long,CACHE_IND=Long,CDF_MEANING_DUP_IND=Long,CHG_ACCESS_IND=Long,CODE_SET=Long,CODE_SET_HITS=Long,CODE_VALUES_CNT=Long,CONTRIBUTOR=String,DEFINITION=String,DEFINITION_DUP_IND=Long,DEF_DUP_RULE_FLAG=Long,DEL_ACCESS_IND=Long,DESCRIPTION=String,DISPLAY=String,DISPLAY_DUP_IND=Long,DISPLAY_KEY=String,DISPLAY_KEY_DUP_IND=Long,DOMAIN_CODE_SET=Long,DOMAIN_QUALIFIER_IND=Long,EXTENSION_IND=Long,INQ_ACCESS_IND=Long,OWNER_MODULE=String,TABLE_NAME=String,UPDT_APPLCTX=Long,UPDT_CNT=Long,UPDT_DT_TM=String,UPDT_ID=Long,UPDT_TASK=Long"
# }
# full_tz()
# {
# echo "INICIANDO MUDANCA DE TZ DA FULL TABELA $1"
# cd $SCRIPTS_DIR/work-hiae
# sh pyspark_submit_fromUTCtoTZ_Full.sh $1-Full stg_millennium.$1 6 3 5g
# }

# delta_sqoop(){
# echo "INGESTION_SQOOP_DIR: $INGESTION_SQOOP_DIR"
# cd $INGESTION_SQOOP_DIR
# echo "INICIANDO CARGA DA TABELA $1"
# sh sqoop_import.sh --env millennium --mode DELTA --dias 1 --sourcetable $1 --splitby CODE_SET --updtcol UPDT_DT_TM --cols "ACTIVE_IND_DUP_IND,ADD_ACCESS_IND,ALIAS_DUP_IND,CACHE_IND,CDF_MEANING_DUP_IND,CHG_ACCESS_IND,CODE_SET,CODE_SET_HITS,CODE_VALUES_CNT,CONTRIBUTOR,DEFINITION,DEFINITION_DUP_IND,DEF_DUP_RULE_FLAG,DEL_ACCESS_IND,DESCRIPTION,DISPLAY,DISPLAY_DUP_IND,DISPLAY_KEY,DISPLAY_KEY_DUP_IND,DOMAIN_CODE_SET,DOMAIN_QUALIFIER_IND,EXTENSION_IND,INQ_ACCESS_IND,OWNER_MODULE,TABLE_NAME,UPDT_APPLCTX,UPDT_CNT,UPDT_DT_TM,UPDT_ID,UPDT_TASK" --extraoptions "--map-column-java ACTIVE_IND_DUP_IND=Long,ADD_ACCESS_IND=Long,ALIAS_DUP_IND=Long,CACHE_IND=Long,CDF_MEANING_DUP_IND=Long,CHG_ACCESS_IND=Long,CODE_SET=Long,CODE_SET_HITS=Long,CODE_VALUES_CNT=Long,CONTRIBUTOR=String,DEFINITION=String,DEFINITION_DUP_IND=Long,DEF_DUP_RULE_FLAG=Long,DEL_ACCESS_IND=Long,DESCRIPTION=String,DISPLAY=String,DISPLAY_DUP_IND=Long,DISPLAY_KEY=String,DISPLAY_KEY_DUP_IND=Long,DOMAIN_CODE_SET=Long,DOMAIN_QUALIFIER_IND=Long,EXTENSION_IND=Long,INQ_ACCESS_IND=Long,OWNER_MODULE=String,TABLE_NAME=String,UPDT_APPLCTX=Long,UPDT_CNT=Long,UPDT_DT_TM=String,UPDT_ID=Long,UPDT_TASK=Long"
# }
# delta_tz(){
# cd $SCRIPTS_DIR/work-hiae
# sh pyspark_submit_fromUTCtoTZ_delta.sh stg-$1-delta CODE_SET UPDT_DT_TM stg_millennium.code_value_set 4 2 5g
# }
# drop_tmp()
# {
# hive -e "drop table stg_millennium.$1_tmp"
# hive -e "drop table stg_millennium.$1_delta"
# }
# drop_table(){
# hive -e "drop table stg_millennium.$1"  
# }


# drop_table $1 && full_sqoop $1 && full_tz $1 && drop_tmp $1 && echo "carga full finalizada com sucesso" || exit 1
# #delta_sqoop $1 && delta_tz $1 && drop_tmp $1 && echo "carga delta finalizada com sucesso" || exit 1]]></script>
        <scriptargs>CODE_VALUE_SET</scriptargs>
      </command>
    </sequence>
    <uuid>c19f697e-e0f9-4fe2-abff-1211e7ed3235</uuid>
  </job>
</joblist>