<joblist>
  <job>
    <defaultTab>nodes</defaultTab>
    <description>Ingest�o da tabela CE_DATE_RESULT</description>
    <dispatch>
      <excludePrecedence>true</excludePrecedence>
      <keepgoing>false</keepgoing>
      <rankOrder>ascending</rankOrder>
      <successOnEmptyNodeFilter>false</successOnEmptyNodeFilter>
      <threadcount>1</threadcount>
    </dispatch>
    <executionEnabled>true</executionEnabled>
    <group>Nova STG_MILLENNIUM - Modularizado/STAGE 09</group>
    <id>fbf46d45-7ebf-4c31-b50a-919e90aa2baa</id>
    <loglevel>INFO</loglevel>
    <name>003 - CE_DATE_RESULT</name>
    <nodeFilterEditable>false</nodeFilterEditable>
    <nodefilters>
      <filter>lpfbigdap02*</filter>
    </nodefilters>
    <nodesSelectedByDefault>true</nodesSelectedByDefault>
    <scheduleEnabled>true</scheduleEnabled>
    <sequence keepgoing='false' strategy='node-first'>
      <command>
        <description> CE_DATE_RESULT</description>
        <script><![CDATA[cd $SCRIPTS_DIR/ingestions/
sh ingestion.sh --env millennium --sourcetable $1

# full_sqoop(){
# echo "INGESTION_SQOOP_DIR: $INGESTION_SQOOP_DIR"
# cd $INGESTION_SQOOP_DIR
# echo "INICIANDO CARGA DA TABELA $1"
# sh sqoop_import.sh --env millennium --sourcetable $1 --extraoptions "--map-column-java  EVENT_ID=Long,VALID_UNTIL_DT_TM=String,VALID_FROM_DT_TM=String,RESULT_DT_TM=String,UPDT_DT_TM=String,UPDT_ID=Long,UPDT_TASK=Long,UPDT_CNT=Long,UPDT_APPLCTX=Long,DATE_TYPE_FLAG=Integer,RESULT_TZ=Integer,RESULT_DT_TM_OS=Float"
# #impala-shell -i lpfda05.domhiae.einstein.br:21000 -q "invalidate metadata stg_millennium.$1"
# }
# full_tz(){
# echo "INICIANDO MUDANCA DE TZ DA FULL TABELA $1"
# cd $SCRIPTS_DIR/work-hiae
# sh pyspark_submit_fromUTCtoTZ_Full.sh $1-Full stg_millennium.$1
# }
# delta_sqoop(){
# echo "INGESTION_SQOOP_DIR: $INGESTION_SQOOP_DIR"
# cd $INGESTION_SQOOP_DIR
# echo "INICIANDO CARGA DELTA DA TABELA $1"
# sh sqoop_import.sh --env millennium --sourcetable $1 --dias 1 --mode DELTA --splitby EVENT_ID  --updtcol UPDT_DT_TM --cols "*" --extraoptions "--map-column-java EVENT_ID=Long,VALID_UNTIL_DT_TM=String,VALID_FROM_DT_TM=String,RESULT_DT_TM=String,UPDT_DT_TM=String,UPDT_ID=Long,UPDT_TASK=Long,UPDT_CNT=Long,UPDT_APPLCTX=Long,DATE_TYPE_FLAG=Integer,RESULT_TZ=Integer,RESULT_DT_TM_OS=Float"
# }
# delta_tz(){
# cd $SCRIPTS_DIR/work-hiae
# sh pyspark_submit_fromUTCtoTZ_delta.sh stage-$1-delta EVENT_ID UPDT_DT_TM stg_millennium.$1
# }
# drop_tmp(){
# hive -e "drop table stg_millennium.$1_tmp"
# hive -e "drop table stg_millennium.$1_delta"
# }

# drop_table(){
#     hive -e "drop table stg_millennium.$1"
# }

# drop_table $1 && full_sqoop $1 && full_tz $1 && drop_tmp $1 && echo "carga full finalizada com sucesso" || exit 1
# #delta_sqoop $1 && delta_tz $1 && drop_tmp $1 && echo "carga delta finalizada com sucesso" || exit 1
]]></script>
        <scriptargs> CE_DATE_RESULT</scriptargs>
      </command>
    </sequence>
    <uuid>fbf46d45-7ebf-4c31-b50a-919e90aa2baa</uuid>
  </job>
</joblist>