<joblist>
  <job>
    <defaultTab>nodes</defaultTab>
    <description>Ingest�o da tabela CE_STRING_RESULT</description>
    <dispatch>
      <excludePrecedence>true</excludePrecedence>
      <keepgoing>false</keepgoing>
      <rankOrder>ascending</rankOrder>
      <successOnEmptyNodeFilter>false</successOnEmptyNodeFilter>
      <threadcount>1</threadcount>
    </dispatch>
    <executionEnabled>true</executionEnabled>
    <group>Nova STG_MILLENNIUM - Modularizado/outros</group>
    <id>6e1ddf13-8dce-415a-a659-7debbee0ec44</id>
    <loglevel>INFO</loglevel>
    <name>CE_STRING_RESULT</name>
    <nodeFilterEditable>false</nodeFilterEditable>
    <nodefilters>
      <filter>lpfbigdap02*</filter>
    </nodefilters>
    <nodesSelectedByDefault>true</nodesSelectedByDefault>
    <scheduleEnabled>true</scheduleEnabled>
    <sequence keepgoing='false' strategy='node-first'>
      <command>
        <description>CE_STRING_RESULT</description>
        <script><![CDATA[cd $SCRIPTS_DIR/ingestions/
sh ingestion.sh --env millennium --sourcetable $1


# # echo "INGESTION_SQOOP_DIR: $INGESTION_SQOOP_DIR"
# # cd $INGESTION_SQOOP_DIR
# # echo "INICIANDO CARGA DA TABELA $1"
# # sh sqoop_import.sh --env millennium --sourcetable $1 --query " \
# # 'SELECT \
# # v500.CCLSQL_UTC_RULE(VALID_UNTIL_DT_TM,210) AS VALID_UNTIL_DT_TM, \
# # v500.CCLSQL_UTC_RULE(VALID_FROM_DT_TM,210) AS VALID_FROM_DT_TM, \
# # v500.CCLSQL_UTC_RULE(LAST_NORM_DT_TM,210) AS LAST_NORM_DT_TM, \
# # UPDT_DT_TM, \
# # MODIFY_FLAG, \
# # STRING_LONG_TEXT_ID, \
# # UPDT_CNT, \
# # UPDT_APPLCTX, \
# # UPDT_TASK, \
# # UPDT_ID, \
# # INACCURATE_IND, \
# # FEASIBLE_IND, \
# # UNIT_OF_MEASURE_CD, \
# # EQUATION_ID, \
# # STRING_RESULT_FORMAT_CD, \
# # EVENT_ID, \
# # STRING_RESULT_TEXT, \
# # CALCULATION_EQUATION, \
# # NORMAL_LOW, \
# # NORMAL_HIGH, \
# # CRITICAL_LOW, \
# # CRITICAL_HIGH \
# # FROM CE_STRING_RESULT where \$CONDITIONS'" --splitby EVENT_ID --extraoptions "--map-column-java EVENT_ID=Long,VALID_UNTIL_DT_TM=String,VALID_FROM_DT_TM=String,STRING_RESULT_FORMAT_CD=Long,EQUATION_ID=Long,LAST_NORM_DT_TM=String,UNIT_OF_MEASURE_CD=Long,FEASIBLE_IND=Integer,INACCURATE_IND=Integer,UPDT_DT_TM=String,UPDT_ID=Long,UPDT_TASK=Long,UPDT_CNT=Long,UPDT_APPLCTX=Long,MODIFY_FLAG=Integer,STRING_LONG_TEXT_ID=Long"
# #impala-shell -i lpfda05.domhiae.einstein.br:21000 -q "invalidate metadata stg_millennium.$1"


# full_sqoop(){
# echo "INICIANDO MUDANCA DE TZ DA FULL TABELA $1"
# hive -e "drop table stg_millennium.$1"
# cd $INGESTION_SQOOP_DIR
# echo "INICIANDO CARGA DA TABELA $1"
# sh sqoop_import.sh --env millennium --sourcetable $1 --query " \
# 'SELECT \
# VALID_UNTIL_DT_TM, \
# VALID_FROM_DT_TM, \
# LAST_NORM_DT_TM, \
# UPDT_DT_TM, \
# MODIFY_FLAG, \
# STRING_LONG_TEXT_ID, \
# UPDT_CNT, \
# UPDT_APPLCTX, \
# UPDT_TASK, \
# UPDT_ID, \
# INACCURATE_IND, \
# FEASIBLE_IND, \
# UNIT_OF_MEASURE_CD, \
# EQUATION_ID, \
# STRING_RESULT_FORMAT_CD, \
# EVENT_ID, \
# STRING_RESULT_TEXT, \
# CALCULATION_EQUATION, \
# NORMAL_LOW, \
# NORMAL_HIGH, \
# CRITICAL_LOW, \
# CRITICAL_HIGH \
# FROM CE_STRING_RESULT where \$CONDITIONS'" --splitby EVENT_ID --extraoptions "--map-column-java EVENT_ID=Long,VALID_UNTIL_DT_TM=String,VALID_FROM_DT_TM=String,STRING_RESULT_FORMAT_CD=Long,EQUATION_ID=Long,LAST_NORM_DT_TM=String,UNIT_OF_MEASURE_CD=Long,FEASIBLE_IND=Integer,INACCURATE_IND=Integer,UPDT_DT_TM=String,UPDT_ID=Long,UPDT_TASK=Long,UPDT_CNT=Long,UPDT_APPLCTX=Long,MODIFY_FLAG=Integer,STRING_LONG_TEXT_ID=Long"
# }
# full_tz(){
# echo "INICIANDO MUDANCA DE TZ DA FULL TABELA $1"
# cd $SCRIPTS_DIR/work-hiae
# sh pyspark_submit_fromUTCtoTZ_Full.sh $1-Full stg_millennium.$1
# hive -e "drop table stg_millennium.$1_tmp"
# }
# delta_sqoop(){

# echo "INGESTION_SQOOP_DIR: $INGESTION_SQOOP_DIR"
# cd $INGESTION_SQOOP_DIR
# echo "INICIANDO CARGA DELTA DA TABELA $1"
# sh sqoop_import.sh --env millennium --sourcetable $1 --dias 1 --mode DELTA --splitby EVENT_ID  --updtcol UPDT_DT_TM --cols "VALID_UNTIL_DT_TM, \
# VALID_FROM_DT_TM, \
# LAST_NORM_DT_TM, \
# UPDT_DT_TM, \
# MODIFY_FLAG, \
# STRING_LONG_TEXT_ID, \
# UPDT_CNT, \
# UPDT_APPLCTX, \
# UPDT_TASK, \
# UPDT_ID, \
# INACCURATE_IND, \
# FEASIBLE_IND, \
# UNIT_OF_MEASURE_CD, \
# EQUATION_ID, \
# STRING_RESULT_FORMAT_CD, \
# EVENT_ID, \
# STRING_RESULT_TEXT, \
# CALCULATION_EQUATION, \
# NORMAL_LOW, \
# NORMAL_HIGH, \
# CRITICAL_LOW, \
# CRITICAL_HIGH" --extraoptions "--map-column-java EVENT_ID=Long,VALID_UNTIL_DT_TM=String,VALID_FROM_DT_TM=String,STRING_RESULT_FORMAT_CD=Long,EQUATION_ID=Long,LAST_NORM_DT_TM=String,UNIT_OF_MEASURE_CD=Long,FEASIBLE_IND=Integer,INACCURATE_IND=Integer,UPDT_DT_TM=String,UPDT_ID=Long,UPDT_TASK=Long,UPDT_CNT=Long,UPDT_APPLCTX=Long,MODIFY_FLAG=Integer,STRING_LONG_TEXT_ID=Long"

# }
# delta_tz(){
# cd $SCRIPTS_DIR/work-hiae
# sh pyspark_submit_fromUTCtoTZ_delta.sh stage-$1-delta EVENT_ID,VALID_UNTIL_DT_TM UPDT_DT_TM stg_millennium.$1 
# }
# drop_tmp(){
# hive -e "drop table stg_millennium.$1_tmp"
# hive -e "drop table stg_millennium.$1_delta"
# }

# drop_table(){
#     hive -e "drop table stg_millennium.$1"
# }

# #drop_table $1 && full_sqoop $1 && full_tz $1 && drop_tmp $1 && echo "carga full finalizada com sucesso" || exit 1

# delta_sqoop $1 && delta_tz $1 && drop_tmp $1 && echo "carga delta finalizada com sucesso" || exit 1

]]></script>
        <scriptargs>CE_STRING_RESULT</scriptargs>
      </command>
    </sequence>
    <uuid>6e1ddf13-8dce-415a-a659-7debbee0ec44</uuid>
  </job>
</joblist>