<joblist>
  <job>
    <defaultTab>nodes</defaultTab>
    <description>Ingest�o da Tabela SCH_APPT</description>
    <dispatch>
      <excludePrecedence>true</excludePrecedence>
      <keepgoing>false</keepgoing>
      <rankOrder>ascending</rankOrder>
      <successOnEmptyNodeFilter>false</successOnEmptyNodeFilter>
      <threadcount>1</threadcount>
    </dispatch>
    <executionEnabled>true</executionEnabled>
    <group>Nova STG_MILLENNIUM - Modularizado/outros</group>
    <id>a6dd5e5b-bd90-4556-be50-6d204f65c105</id>
    <loglevel>INFO</loglevel>
    <name>SCH_APPT</name>
    <nodeFilterEditable>false</nodeFilterEditable>
    <nodefilters>
      <filter>lpfbigdap02*</filter>
    </nodefilters>
    <nodesSelectedByDefault>true</nodesSelectedByDefault>
    <scheduleEnabled>true</scheduleEnabled>
    <sequence keepgoing='false' strategy='node-first'>
      <command>
        <description>SCH_APPT</description>
        <script><![CDATA[cd $SCRIPTS_DIR/ingestions/
sh ingestion.sh --env millennium --sourcetable $1

# # echo "INGESTION_SQOOP_DIR: $INGESTION_SQOOP_DIR"
# # cd $INGESTION_SQOOP_DIR
# # echo "INICIANDO CARGA DA TABELA SCH_APPT"
# # sh sqoop_import.sh --env millennium --sourcetable SCH_APPT --query " \
# # 'SELECT \
# # v500.CCLSQL_UTC_RULE(ACTIVE_STATUS_DT_TM,210) AS ACTIVE_STATUS_DT_TM, \
# # v500.CCLSQL_UTC_RULE(END_EFFECTIVE_DT_TM,210) AS END_EFFECTIVE_DT_TM, \
# # RESERVE_RELEASE_DT_TM, \
# # VERSION_DT_TM, \
# # v500.CCLSQL_UTC_RULE(BEG_DT_TM,210) AS BEG_DT_TM, \
# # v500.CCLSQL_UTC_RULE(END_DT_TM,210) AS END_DT_TM, \
# # VIS_BEG_DT_TM, \
# # VIS_END_DT_TM, \
# # SLOT_VIS_BEG_DT_TM, \
# # SLOT_VIS_END_DT_TM, \
# # v500.CCLSQL_UTC_RULE(ORIG_BEG_DT_TM,210) AS ORIG_BEG_DT_TM, \
# # v500.CCLSQL_UTC_RULE(ORIG_END_DT_TM,210) AS ORIG_END_DT_TM, \
# # NULL_DT_TM, \
# # v500.CCLSQL_UTC_RULE(BEG_EFFECTIVE_DT_TM,210) AS BEG_EFFECTIVE_DT_TM, \
# # UPDT_DT_TM, \
# # ACTIVE_STATUS_PRSNL_ID, \
# # UPDT_APPLCTX, \
# # UPDT_ID, \
# # UPDT_CNT, \
# # UPDT_TASK, \
# # LIST_ROLE_ID, \
# # DEFINING_IND, \
# # ROLE_SEQ, \
# # BIT_MASK, \
# # WARN_BIT_MASK, \
# # APPT_LOCATION_CD, \
# # SCH_TYPE_ID, \
# # SETUP_DURATION, \
# # ALERT_BIT_MASK, \
# # APPLY_DEF_ID, \
# # CLEANUP_DURATION, \
# # EXCLUDE_IND, \
# # HOLIDAY_WEEKEND_FLAG, \
# # BORDER_STYLE, \
# # BORDER_SIZE, \
# # BORDER_COLOR, \
# # SHAPE, \
# # PEN_SHAPE, \
# # GRPSESSION_ID, \
# # REFERRING_ORG_ID, \
# # ALLOCATED_PRSNL_ID, \
# # SCH_DATE_APPLY_ID, \
# # GROUP_SLOT_LINK_VALUE, \
# # SCH_APPT_ID, \
# # RESOURCE_CD, \
# # PERSON_ID, \
# # SERVICE_RESOURCE_CD, \
# # DURATION, \
# # ACTIVITY_CD, \
# # TIME_TYPE_FLAG, \
# # SLOT_TYPE_ID, \
# # SLOT_STATE_CD, \
# # SLOT_SCHEME_ID, \
# # CONTIGUOUS_IND, \
# # APPLY_LIST_ID, \
# # DEF_SLOT_ID, \
# # APPLY_SLOT_ID, \
# # APPT_SCHEME_ID, \
# # SCH_STATE_CD, \
# # SCH_ROLE_CD, \
# # PRIMARY_ROLE_IND, \
# # SCH_EVENT_ID, \
# # SCHEDULE_SEQ, \
# # SCHEDULE_ID, \
# # BOOKING_ID, \
# # ENCNTR_ID, \
# # CANDIDATE_ID, \
# # ACTIVE_IND, \
# # ACTIVE_STATUS_CD, \
# # ROLE_DESCRIPTION, \
# # ROLE_MEANING, \
# # SLOT_STATE_MEANING, \
# # SLOT_MNEMONIC, \
# # DESCRIPTION, \
# # ACTIVITY_MEANING, \
# # STATE_MEANING \
# # FROM SCH_APPT where \$CONDITIONS'" --splitby SCH_APPT_ID --extraoptions "--map-column-java \
# # ACTIVE_STATUS_DT_TM=String,\
# # END_EFFECTIVE_DT_TM=String,\
# # RESERVE_RELEASE_DT_TM=String,\
# # VERSION_DT_TM=String,\
# # BEG_DT_TM=String,\
# # END_DT_TM=String,\
# # VIS_BEG_DT_TM=String,\
# # VIS_END_DT_TM=String,\
# # SLOT_VIS_BEG_DT_TM=String,\
# # SLOT_VIS_END_DT_TM=String,\
# # ORIG_BEG_DT_TM=String,\
# # ORIG_END_DT_TM=String,\
# # NULL_DT_TM=String,\
# # BEG_EFFECTIVE_DT_TM=String,\
# # UPDT_DT_TM=String,\
# # ACTIVE_STATUS_PRSNL_ID=Long,\
# # UPDT_APPLCTX=Long,\
# # UPDT_ID=Long,\
# # UPDT_CNT=Long,\
# # UPDT_TASK=String,\
# # LIST_ROLE_ID=Long,\
# # DEFINING_IND=Integer,\
# # ROLE_SEQ=Integer,\
# # BIT_MASK=String,\
# # WARN_BIT_MASK=String,\
# # APPT_LOCATION_CD=Long,\
# # SCH_TYPE_ID=Long,\
# # SETUP_DURATION=String,\
# # ALERT_BIT_MASK=String,\
# # APPLY_DEF_ID=Long,\
# # CLEANUP_DURATION=String,\
# # EXCLUDE_IND=Integer,\
# # HOLIDAY_WEEKEND_FLAG=String,\
# # BORDER_STYLE=String,\
# # BORDER_SIZE=String,\
# # BORDER_COLOR=String,\
# # SHAPE=String,\
# # PEN_SHAPE=String,\
# # GRPSESSION_ID=Long,\
# # REFERRING_ORG_ID=Long,\
# # ALLOCATED_PRSNL_ID=Long,\
# # SCH_DATE_APPLY_ID=Long,\
# # GROUP_SLOT_LINK_VALUE=String,\
# # SCH_APPT_ID=Long,\
# # RESOURCE_CD=Long,\
# # PERSON_ID=Long,\
# # SERVICE_RESOURCE_CD=Long,\
# # DURATION=String,\
# # ACTIVITY_CD=Long,\
# # TIME_TYPE_FLAG=String,\
# # SLOT_TYPE_ID=Long,\
# # SLOT_STATE_CD=Long,\
# # SLOT_SCHEME_ID=Long,\
# # CONTIGUOUS_IND=Integer,\
# # APPLY_LIST_ID=Long,\
# # DEF_SLOT_ID=Long,\
# # APPLY_SLOT_ID=Long,\
# # APPT_SCHEME_ID=Long,\
# # SCH_STATE_CD=Long,\
# # SCH_ROLE_CD=Long,\
# # PRIMARY_ROLE_IND=Integer,\
# # SCH_EVENT_ID=Long,\
# # SCHEDULE_SEQ=Integer,\
# # SCHEDULE_ID=Long,\
# # BOOKING_ID=Long,\
# # ENCNTR_ID=Long,\
# # CANDIDATE_ID=Long,\
# # ACTIVE_IND=Integer,\
# # ACTIVE_STATUS_CD=Long,\
# # ROLE_DESCRIPTION=String,\
# # ROLE_MEANING=String,\
# # SLOT_STATE_MEANING=String,\
# # SLOT_MNEMONIC=String,\
# # DESCRIPTION=String,\
# # ACTIVITY_MEANING=String,\
# # STATE_MEANING=String"

# # echo "INICIANDO MUDANCA DE TZ DA FULL TABELA $1"
# # cd $INGESTION_SQOOP_DIR
# # echo "INICIANDO CARGA DA TABELA SCH_APPT"
# # sh sqoop_import.sh --env millennium --sourcetable SCH_APPT --query " \
# # 'SELECT \
# # ACTIVE_STATUS_DT_TM, \
# # END_EFFECTIVE_DT_TM, \
# # RESERVE_RELEASE_DT_TM, \
# # VERSION_DT_TM, \
# # BEG_DT_TM, \
# # END_DT_TM, \
# # VIS_BEG_DT_TM, \
# # VIS_END_DT_TM, \
# # SLOT_VIS_BEG_DT_TM, \
# # SLOT_VIS_END_DT_TM, \
# # ORIG_BEG_DT_TM, \
# # ORIG_END_DT_TM, \
# # NULL_DT_TM, \
# # BEG_EFFECTIVE_DT_TM, \
# # UPDT_DT_TM, \
# # ACTIVE_STATUS_PRSNL_ID, \
# # UPDT_APPLCTX, \
# # UPDT_ID, \
# # UPDT_CNT, \
# # UPDT_TASK, \
# # LIST_ROLE_ID, \
# # DEFINING_IND, \
# # ROLE_SEQ, \
# # BIT_MASK, \
# # WARN_BIT_MASK, \
# # APPT_LOCATION_CD, \
# # SCH_TYPE_ID, \
# # SETUP_DURATION, \
# # ALERT_BIT_MASK, \
# # APPLY_DEF_ID, \
# # CLEANUP_DURATION, \
# # EXCLUDE_IND, \
# # HOLIDAY_WEEKEND_FLAG, \
# # BORDER_STYLE, \
# # BORDER_SIZE, \
# # BORDER_COLOR, \
# # SHAPE, \
# # PEN_SHAPE, \
# # GRPSESSION_ID, \
# # REFERRING_ORG_ID, \
# # ALLOCATED_PRSNL_ID, \
# # SCH_DATE_APPLY_ID, \
# # GROUP_SLOT_LINK_VALUE, \
# # SCH_APPT_ID, \
# # RESOURCE_CD, \
# # PERSON_ID, \
# # SERVICE_RESOURCE_CD, \
# # DURATION, \
# # ACTIVITY_CD, \
# # TIME_TYPE_FLAG, \
# # SLOT_TYPE_ID, \
# # SLOT_STATE_CD, \
# # SLOT_SCHEME_ID, \
# # CONTIGUOUS_IND, \
# # APPLY_LIST_ID, \
# # DEF_SLOT_ID, \
# # APPLY_SLOT_ID, \
# # APPT_SCHEME_ID, \
# # SCH_STATE_CD, \
# # SCH_ROLE_CD, \
# # PRIMARY_ROLE_IND, \
# # SCH_EVENT_ID, \
# # SCHEDULE_SEQ, \
# # SCHEDULE_ID, \
# # BOOKING_ID, \
# # ENCNTR_ID, \
# # CANDIDATE_ID, \
# # ACTIVE_IND, \
# # ACTIVE_STATUS_CD, \
# # ROLE_DESCRIPTION, \
# # ROLE_MEANING, \
# # SLOT_STATE_MEANING, \
# # SLOT_MNEMONIC, \
# # DESCRIPTION, \
# # ACTIVITY_MEANING, \
# # STATE_MEANING \
# # FROM SCH_APPT where \$CONDITIONS'" --splitby SCH_APPT_ID --extraoptions "--map-column-java \
# # ACTIVE_STATUS_DT_TM=String,\
# # END_EFFECTIVE_DT_TM=String,\
# # RESERVE_RELEASE_DT_TM=String,\
# # VERSION_DT_TM=String,\
# # BEG_DT_TM=String,\
# # END_DT_TM=String,\
# # VIS_BEG_DT_TM=String,\
# # VIS_END_DT_TM=String,\
# # SLOT_VIS_BEG_DT_TM=String,\
# # SLOT_VIS_END_DT_TM=String,\
# # ORIG_BEG_DT_TM=String,\
# # ORIG_END_DT_TM=String,\
# # NULL_DT_TM=String,\
# # BEG_EFFECTIVE_DT_TM=String,\
# # UPDT_DT_TM=String,\
# # ACTIVE_STATUS_PRSNL_ID=Long,\
# # UPDT_APPLCTX=Long,\
# # UPDT_ID=Long,\
# # UPDT_CNT=Long,\
# # UPDT_TASK=String,\
# # LIST_ROLE_ID=Long,\
# # DEFINING_IND=Integer,\
# # ROLE_SEQ=Integer,\
# # BIT_MASK=String,\
# # WARN_BIT_MASK=String,\
# # APPT_LOCATION_CD=Long,\
# # SCH_TYPE_ID=Long,\
# # SETUP_DURATION=String,\
# # ALERT_BIT_MASK=String,\
# # APPLY_DEF_ID=Long,\
# # CLEANUP_DURATION=String,\
# # EXCLUDE_IND=Integer,\
# # HOLIDAY_WEEKEND_FLAG=String,\
# # BORDER_STYLE=String,\
# # BORDER_SIZE=String,\
# # BORDER_COLOR=String,\
# # SHAPE=String,\
# # PEN_SHAPE=String,\
# # GRPSESSION_ID=Long,\
# # REFERRING_ORG_ID=Long,\
# # ALLOCATED_PRSNL_ID=Long,\
# # SCH_DATE_APPLY_ID=Long,\
# # GROUP_SLOT_LINK_VALUE=String,\
# # SCH_APPT_ID=Long,\
# # RESOURCE_CD=Long,\
# # PERSON_ID=Long,\
# # SERVICE_RESOURCE_CD=Long,\
# # DURATION=String,\
# # ACTIVITY_CD=Long,\
# # TIME_TYPE_FLAG=String,\
# # SLOT_TYPE_ID=Long,\
# # SLOT_STATE_CD=Long,\
# # SLOT_SCHEME_ID=Long,\
# # CONTIGUOUS_IND=Integer,\
# # APPLY_LIST_ID=Long,\
# # DEF_SLOT_ID=Long,\
# # APPLY_SLOT_ID=Long,\
# # APPT_SCHEME_ID=Long,\
# # SCH_STATE_CD=Long,\
# # SCH_ROLE_CD=Long,\
# # PRIMARY_ROLE_IND=Integer,\
# # SCH_EVENT_ID=Long,\
# # SCHEDULE_SEQ=Integer,\
# # SCHEDULE_ID=Long,\
# # BOOKING_ID=Long,\
# # ENCNTR_ID=Long,\
# # CANDIDATE_ID=Long,\
# # ACTIVE_IND=Integer,\
# # ACTIVE_STATUS_CD=Long,\
# # ROLE_DESCRIPTION=String,\
# # ROLE_MEANING=String,\
# # SLOT_STATE_MEANING=String,\
# # SLOT_MNEMONIC=String,\
# # DESCRIPTION=String,\
# # ACTIVITY_MEANING=String,\
# # STATE_MEANING=String"
# # cd $SCRIPTS_DIR/work-hiae
# # sh pyspark_submit_fromUTCtoTZ_Full.sh $1-Full stg_millennium.$1

# # echo "INGESTION_SQOOP_DIR: $INGESTION_SQOOP_DIR"
# # cd $INGESTION_SQOOP_DIR
# # echo "INICIANDO CARGA DELTA DA TABELA $1"
# # sh sqoop_import.sh --env millennium --sourcetable $1 --dias 1 --mode DELTA --splitby SCH_APPT_ID  --updtcol UPDT_DT_TM --cols "ACTIVE_STATUS_DT_TM, \
# # END_EFFECTIVE_DT_TM, \
# # RESERVE_RELEASE_DT_TM, \
# # VERSION_DT_TM, \
# # BEG_DT_TM, \
# # END_DT_TM, \
# # VIS_BEG_DT_TM, \
# # VIS_END_DT_TM, \
# # SLOT_VIS_BEG_DT_TM, \
# # SLOT_VIS_END_DT_TM, \
# # ORIG_BEG_DT_TM, \
# # ORIG_END_DT_TM, \
# # NULL_DT_TM, \
# # BEG_EFFECTIVE_DT_TM, \
# # UPDT_DT_TM, \
# # ACTIVE_STATUS_PRSNL_ID, \
# # UPDT_APPLCTX, \
# # UPDT_ID, \
# # UPDT_CNT, \
# # UPDT_TASK, \
# # LIST_ROLE_ID, \
# # DEFINING_IND, \
# # ROLE_SEQ, \
# # BIT_MASK, \
# # WARN_BIT_MASK, \
# # APPT_LOCATION_CD, \
# # SCH_TYPE_ID, \
# # SETUP_DURATION, \
# # ALERT_BIT_MASK, \
# # APPLY_DEF_ID, \
# # CLEANUP_DURATION, \
# # EXCLUDE_IND, \
# # HOLIDAY_WEEKEND_FLAG, \
# # BORDER_STYLE, \
# # BORDER_SIZE, \
# # BORDER_COLOR, \
# # SHAPE, \
# # PEN_SHAPE, \
# # GRPSESSION_ID, \
# # REFERRING_ORG_ID, \
# # ALLOCATED_PRSNL_ID, \
# # SCH_DATE_APPLY_ID, \
# # GROUP_SLOT_LINK_VALUE, \
# # SCH_APPT_ID, \
# # RESOURCE_CD, \
# # PERSON_ID, \
# # SERVICE_RESOURCE_CD, \
# # DURATION, \
# # ACTIVITY_CD, \
# # TIME_TYPE_FLAG, \
# # SLOT_TYPE_ID, \
# # SLOT_STATE_CD, \
# # SLOT_SCHEME_ID, \
# # CONTIGUOUS_IND, \
# # APPLY_LIST_ID, \
# # DEF_SLOT_ID, \
# # APPLY_SLOT_ID, \
# # APPT_SCHEME_ID, \
# # SCH_STATE_CD, \
# # SCH_ROLE_CD, \
# # PRIMARY_ROLE_IND, \
# # SCH_EVENT_ID, \
# # SCHEDULE_SEQ, \
# # SCHEDULE_ID, \
# # BOOKING_ID, \
# # ENCNTR_ID, \
# # CANDIDATE_ID, \
# # ACTIVE_IND, \
# # ACTIVE_STATUS_CD, \
# # ROLE_DESCRIPTION, \
# # ROLE_MEANING, \
# # SLOT_STATE_MEANING, \
# # SLOT_MNEMONIC, \
# # DESCRIPTION, \
# # ACTIVITY_MEANING, \
# # STATE_MEANING" --extraoptions "--map-column-java \
# # ACTIVE_STATUS_DT_TM=String,\
# # END_EFFECTIVE_DT_TM=String,\
# # RESERVE_RELEASE_DT_TM=String,\
# # VERSION_DT_TM=String,\
# # BEG_DT_TM=String,\
# # END_DT_TM=String,\
# # VIS_BEG_DT_TM=String,\
# # VIS_END_DT_TM=String,\
# # SLOT_VIS_BEG_DT_TM=String,\
# # SLOT_VIS_END_DT_TM=String,\
# # ORIG_BEG_DT_TM=String,\
# # ORIG_END_DT_TM=String,\
# # NULL_DT_TM=String,\
# # BEG_EFFECTIVE_DT_TM=String,\
# # UPDT_DT_TM=String,\
# # ACTIVE_STATUS_PRSNL_ID=Long,\
# # UPDT_APPLCTX=Long,\
# # UPDT_ID=Long,\
# # UPDT_CNT=Long,\
# # UPDT_TASK=String,\
# # LIST_ROLE_ID=Long,\
# # DEFINING_IND=Integer,\
# # ROLE_SEQ=Integer,\
# # BIT_MASK=String,\
# # WARN_BIT_MASK=String,\
# # APPT_LOCATION_CD=Long,\
# # SCH_TYPE_ID=Long,\
# # SETUP_DURATION=String,\
# # ALERT_BIT_MASK=String,\
# # APPLY_DEF_ID=Long,\
# # CLEANUP_DURATION=String,\
# # EXCLUDE_IND=Integer,\
# # HOLIDAY_WEEKEND_FLAG=String,\
# # BORDER_STYLE=String,\
# # BORDER_SIZE=String,\
# # BORDER_COLOR=String,\
# # SHAPE=String,\
# # PEN_SHAPE=String,\
# # GRPSESSION_ID=Long,\
# # REFERRING_ORG_ID=Long,\
# # ALLOCATED_PRSNL_ID=Long,\
# # SCH_DATE_APPLY_ID=Long,\
# # GROUP_SLOT_LINK_VALUE=String,\
# # SCH_APPT_ID=Long,\
# # RESOURCE_CD=Long,\
# # PERSON_ID=Long,\
# # SERVICE_RESOURCE_CD=Long,\
# # DURATION=String,\
# # ACTIVITY_CD=Long,\
# # TIME_TYPE_FLAG=String,\
# # SLOT_TYPE_ID=Long,\
# # SLOT_STATE_CD=Long,\
# # SLOT_SCHEME_ID=Long,\
# # CONTIGUOUS_IND=Integer,\
# # APPLY_LIST_ID=Long,\
# # DEF_SLOT_ID=Long,\
# # APPLY_SLOT_ID=Long,\
# # APPT_SCHEME_ID=Long,\
# # SCH_STATE_CD=Long,\
# # SCH_ROLE_CD=Long,\
# # PRIMARY_ROLE_IND=Integer,\
# # SCH_EVENT_ID=Long,\
# # SCHEDULE_SEQ=Integer,\
# # SCHEDULE_ID=Long,\
# # BOOKING_ID=Long,\
# # ENCNTR_ID=Long,\
# # CANDIDATE_ID=Long,\
# # ACTIVE_IND=Integer,\
# # ACTIVE_STATUS_CD=Long,\
# # ROLE_DESCRIPTION=String,\
# # ROLE_MEANING=String,\
# # SLOT_STATE_MEANING=String,\
# # SLOT_MNEMONIC=String,\
# # DESCRIPTION=String,\
# # ACTIVITY_MEANING=String,\
# # STATE_MEANING=String"
# # cd $SCRIPTS_DIR/work-hiae
# # sh pyspark_submit_fromUTCtoTZ_delta.sh stage-$1-delta SCH_APPT_ID UPDT_DT_TM stg_millennium.$1
# # hive -e "drop table stg_millennium.$1_tmp"
# # hive -e "drop table stg_millennium.$1_delta"


# full_sqoop(){
# echo "INICIANDO MUDANCA DE TZ DA FULL TABELA $1"
# cd $INGESTION_SQOOP_DIR
# echo "INICIANDO CARGA DA TABELA SCH_APPT"
# sh sqoop_import.sh --env millennium --sourcetable SCH_APPT --query " \
# 'SELECT \
# ACTIVE_STATUS_DT_TM, \
# END_EFFECTIVE_DT_TM, \
# RESERVE_RELEASE_DT_TM, \
# VERSION_DT_TM, \
# BEG_DT_TM, \
# END_DT_TM, \
# VIS_BEG_DT_TM, \
# VIS_END_DT_TM, \
# SLOT_VIS_BEG_DT_TM, \
# SLOT_VIS_END_DT_TM, \
# ORIG_BEG_DT_TM, \
# ORIG_END_DT_TM, \
# NULL_DT_TM, \
# BEG_EFFECTIVE_DT_TM, \
# UPDT_DT_TM, \
# ACTIVE_STATUS_PRSNL_ID, \
# UPDT_APPLCTX, \
# UPDT_ID, \
# UPDT_CNT, \
# UPDT_TASK, \
# LIST_ROLE_ID, \
# DEFINING_IND, \
# ROLE_SEQ, \
# BIT_MASK, \
# WARN_BIT_MASK, \
# APPT_LOCATION_CD, \
# SCH_TYPE_ID, \
# SETUP_DURATION, \
# ALERT_BIT_MASK, \
# APPLY_DEF_ID, \
# CLEANUP_DURATION, \
# EXCLUDE_IND, \
# HOLIDAY_WEEKEND_FLAG, \
# BORDER_STYLE, \
# BORDER_SIZE, \
# BORDER_COLOR, \
# SHAPE, \
# PEN_SHAPE, \
# GRPSESSION_ID, \
# REFERRING_ORG_ID, \
# ALLOCATED_PRSNL_ID, \
# SCH_DATE_APPLY_ID, \
# GROUP_SLOT_LINK_VALUE, \
# SCH_APPT_ID, \
# RESOURCE_CD, \
# PERSON_ID, \
# SERVICE_RESOURCE_CD, \
# DURATION, \
# ACTIVITY_CD, \
# TIME_TYPE_FLAG, \
# SLOT_TYPE_ID, \
# SLOT_STATE_CD, \
# SLOT_SCHEME_ID, \
# CONTIGUOUS_IND, \
# APPLY_LIST_ID, \
# DEF_SLOT_ID, \
# APPLY_SLOT_ID, \
# APPT_SCHEME_ID, \
# SCH_STATE_CD, \
# SCH_ROLE_CD, \
# PRIMARY_ROLE_IND, \
# SCH_EVENT_ID, \
# SCHEDULE_SEQ, \
# SCHEDULE_ID, \
# BOOKING_ID, \
# ENCNTR_ID, \
# CANDIDATE_ID, \
# ACTIVE_IND, \
# ACTIVE_STATUS_CD, \
# ROLE_DESCRIPTION, \
# ROLE_MEANING, \
# SLOT_STATE_MEANING, \
# SLOT_MNEMONIC, \
# DESCRIPTION, \
# ACTIVITY_MEANING, \
# STATE_MEANING \
# FROM SCH_APPT where \$CONDITIONS'" --splitby SCH_APPT_ID --extraoptions "--map-column-java \
# ACTIVE_STATUS_DT_TM=String,\
# END_EFFECTIVE_DT_TM=String,\
# RESERVE_RELEASE_DT_TM=String,\
# VERSION_DT_TM=String,\
# BEG_DT_TM=String,\
# END_DT_TM=String,\
# VIS_BEG_DT_TM=String,\
# VIS_END_DT_TM=String,\
# SLOT_VIS_BEG_DT_TM=String,\
# SLOT_VIS_END_DT_TM=String,\
# ORIG_BEG_DT_TM=String,\
# ORIG_END_DT_TM=String,\
# NULL_DT_TM=String,\
# BEG_EFFECTIVE_DT_TM=String,\
# UPDT_DT_TM=String,\
# ACTIVE_STATUS_PRSNL_ID=Long,\
# UPDT_APPLCTX=Long,\
# UPDT_ID=Long,\
# UPDT_CNT=Long,\
# UPDT_TASK=String,\
# LIST_ROLE_ID=Long,\
# DEFINING_IND=Integer,\
# ROLE_SEQ=Integer,\
# BIT_MASK=String,\
# WARN_BIT_MASK=String,\
# APPT_LOCATION_CD=Long,\
# SCH_TYPE_ID=Long,\
# SETUP_DURATION=String,\
# ALERT_BIT_MASK=String,\
# APPLY_DEF_ID=Long,\
# CLEANUP_DURATION=String,\
# EXCLUDE_IND=Integer,\
# HOLIDAY_WEEKEND_FLAG=String,\
# BORDER_STYLE=String,\
# BORDER_SIZE=String,\
# BORDER_COLOR=String,\
# SHAPE=String,\
# PEN_SHAPE=String,\
# GRPSESSION_ID=Long,\
# REFERRING_ORG_ID=Long,\
# ALLOCATED_PRSNL_ID=Long,\
# SCH_DATE_APPLY_ID=Long,\
# GROUP_SLOT_LINK_VALUE=String,\
# SCH_APPT_ID=Long,\
# RESOURCE_CD=Long,\
# PERSON_ID=Long,\
# SERVICE_RESOURCE_CD=Long,\
# DURATION=String,\
# ACTIVITY_CD=Long,\
# TIME_TYPE_FLAG=String,\
# SLOT_TYPE_ID=Long,\
# SLOT_STATE_CD=Long,\
# SLOT_SCHEME_ID=Long,\
# CONTIGUOUS_IND=Integer,\
# APPLY_LIST_ID=Long,\
# DEF_SLOT_ID=Long,\
# APPLY_SLOT_ID=Long,\
# APPT_SCHEME_ID=Long,\
# SCH_STATE_CD=Long,\
# SCH_ROLE_CD=Long,\
# PRIMARY_ROLE_IND=Integer,\
# SCH_EVENT_ID=Long,\
# SCHEDULE_SEQ=Integer,\
# SCHEDULE_ID=Long,\
# BOOKING_ID=Long,\
# ENCNTR_ID=Long,\
# CANDIDATE_ID=Long,\
# ACTIVE_IND=Integer,\
# ACTIVE_STATUS_CD=Long,\
# ROLE_DESCRIPTION=String,\
# ROLE_MEANING=String,\
# SLOT_STATE_MEANING=String,\
# SLOT_MNEMONIC=String,\
# DESCRIPTION=String,\
# ACTIVITY_MEANING=String,\
# STATE_MEANING=String"
# }
# full_tz(){
# echo "INICIANDO MUDANCA DE TZ DA FULL TABELA $1"
# cd $SCRIPTS_DIR/work-hiae
# sh pyspark_submit_fromUTCtoTZ_Full.sh $1-Full stg_millennium.$1
# }
# delta_sqoop(){
# echo "INGESTION_SQOOP_DIR: $INGESTION_SQOOP_DIR"
# cd $INGESTION_SQOOP_DIR
# echo "INICIANDO CARGA DELTA DA TABELA $1"
# sh sqoop_import.sh --env millennium --sourcetable $1 --dias 1 --mode DELTA --splitby SCH_APPT_ID  --updtcol UPDT_DT_TM --cols "ACTIVE_STATUS_DT_TM, \
# END_EFFECTIVE_DT_TM, \
# RESERVE_RELEASE_DT_TM, \
# VERSION_DT_TM, \
# BEG_DT_TM, \
# END_DT_TM, \
# VIS_BEG_DT_TM, \
# VIS_END_DT_TM, \
# SLOT_VIS_BEG_DT_TM, \
# SLOT_VIS_END_DT_TM, \
# ORIG_BEG_DT_TM, \
# ORIG_END_DT_TM, \
# NULL_DT_TM, \
# BEG_EFFECTIVE_DT_TM, \
# UPDT_DT_TM, \
# ACTIVE_STATUS_PRSNL_ID, \
# UPDT_APPLCTX, \
# UPDT_ID, \
# UPDT_CNT, \
# UPDT_TASK, \
# LIST_ROLE_ID, \
# DEFINING_IND, \
# ROLE_SEQ, \
# BIT_MASK, \
# WARN_BIT_MASK, \
# APPT_LOCATION_CD, \
# SCH_TYPE_ID, \
# SETUP_DURATION, \
# ALERT_BIT_MASK, \
# APPLY_DEF_ID, \
# CLEANUP_DURATION, \
# EXCLUDE_IND, \
# HOLIDAY_WEEKEND_FLAG, \
# BORDER_STYLE, \
# BORDER_SIZE, \
# BORDER_COLOR, \
# SHAPE, \
# PEN_SHAPE, \
# GRPSESSION_ID, \
# REFERRING_ORG_ID, \
# ALLOCATED_PRSNL_ID, \
# SCH_DATE_APPLY_ID, \
# GROUP_SLOT_LINK_VALUE, \
# SCH_APPT_ID, \
# RESOURCE_CD, \
# PERSON_ID, \
# SERVICE_RESOURCE_CD, \
# DURATION, \
# ACTIVITY_CD, \
# TIME_TYPE_FLAG, \
# SLOT_TYPE_ID, \
# SLOT_STATE_CD, \
# SLOT_SCHEME_ID, \
# CONTIGUOUS_IND, \
# APPLY_LIST_ID, \
# DEF_SLOT_ID, \
# APPLY_SLOT_ID, \
# APPT_SCHEME_ID, \
# SCH_STATE_CD, \
# SCH_ROLE_CD, \
# PRIMARY_ROLE_IND, \
# SCH_EVENT_ID, \
# SCHEDULE_SEQ, \
# SCHEDULE_ID, \
# BOOKING_ID, \
# ENCNTR_ID, \
# CANDIDATE_ID, \
# ACTIVE_IND, \
# ACTIVE_STATUS_CD, \
# ROLE_DESCRIPTION, \
# ROLE_MEANING, \
# SLOT_STATE_MEANING, \
# SLOT_MNEMONIC, \
# DESCRIPTION, \
# ACTIVITY_MEANING, \
# STATE_MEANING" --extraoptions "--map-column-java \
# ACTIVE_STATUS_DT_TM=String,\
# END_EFFECTIVE_DT_TM=String,\
# RESERVE_RELEASE_DT_TM=String,\
# VERSION_DT_TM=String,\
# BEG_DT_TM=String,\
# END_DT_TM=String,\
# VIS_BEG_DT_TM=String,\
# VIS_END_DT_TM=String,\
# SLOT_VIS_BEG_DT_TM=String,\
# SLOT_VIS_END_DT_TM=String,\
# ORIG_BEG_DT_TM=String,\
# ORIG_END_DT_TM=String,\
# NULL_DT_TM=String,\
# BEG_EFFECTIVE_DT_TM=String,\
# UPDT_DT_TM=String,\
# ACTIVE_STATUS_PRSNL_ID=Long,\
# UPDT_APPLCTX=Long,\
# UPDT_ID=Long,\
# UPDT_CNT=Long,\
# UPDT_TASK=String,\
# LIST_ROLE_ID=Long,\
# DEFINING_IND=Integer,\
# ROLE_SEQ=Integer,\
# BIT_MASK=String,\
# WARN_BIT_MASK=String,\
# APPT_LOCATION_CD=Long,\
# SCH_TYPE_ID=Long,\
# SETUP_DURATION=String,\
# ALERT_BIT_MASK=String,\
# APPLY_DEF_ID=Long,\
# CLEANUP_DURATION=String,\
# EXCLUDE_IND=Integer,\
# HOLIDAY_WEEKEND_FLAG=String,\
# BORDER_STYLE=String,\
# BORDER_SIZE=String,\
# BORDER_COLOR=String,\
# SHAPE=String,\
# PEN_SHAPE=String,\
# GRPSESSION_ID=Long,\
# REFERRING_ORG_ID=Long,\
# ALLOCATED_PRSNL_ID=Long,\
# SCH_DATE_APPLY_ID=Long,\
# GROUP_SLOT_LINK_VALUE=String,\
# SCH_APPT_ID=Long,\
# RESOURCE_CD=Long,\
# PERSON_ID=Long,\
# SERVICE_RESOURCE_CD=Long,\
# DURATION=String,\
# ACTIVITY_CD=Long,\
# TIME_TYPE_FLAG=String,\
# SLOT_TYPE_ID=Long,\
# SLOT_STATE_CD=Long,\
# SLOT_SCHEME_ID=Long,\
# CONTIGUOUS_IND=Integer,\
# APPLY_LIST_ID=Long,\
# DEF_SLOT_ID=Long,\
# APPLY_SLOT_ID=Long,\
# APPT_SCHEME_ID=Long,\
# SCH_STATE_CD=Long,\
# SCH_ROLE_CD=Long,\
# PRIMARY_ROLE_IND=Integer,\
# SCH_EVENT_ID=Long,\
# SCHEDULE_SEQ=Integer,\
# SCHEDULE_ID=Long,\
# BOOKING_ID=Long,\
# ENCNTR_ID=Long,\
# CANDIDATE_ID=Long,\
# ACTIVE_IND=Integer,\
# ACTIVE_STATUS_CD=Long,\
# ROLE_DESCRIPTION=String,\
# ROLE_MEANING=String,\
# SLOT_STATE_MEANING=String,\
# SLOT_MNEMONIC=String,\
# DESCRIPTION=String,\
# ACTIVITY_MEANING=String,\
# STATE_MEANING=String"
# }
# delta_tz(){
# cd $SCRIPTS_DIR/work-hiae
# sh pyspark_submit_fromUTCtoTZ_delta.sh stage-$1-delta SCH_APPT_ID UPDT_DT_TM stg_millennium.$1
# }
# drop_tmp(){
# hive -e "drop table stg_millennium.$1_tmp"
# hive -e "drop table stg_millennium.$1_delta"
# }

# drop_table(){
#     hive -e "drop table stg_millennium.$1"
# }

# #drop_table $1 && full_sqoop $1 && full_tz $1 && drop_tmp $1 && echo "carga full finalizada com sucesso" || exit 1

# delta_sqoop $1 && delta_tz $1 && drop_tmp $1 && echo "carga delta finalizada com sucesso" || exit 1
]]></script>
        <scriptargs>SCH_APPT</scriptargs>
      </command>
    </sequence>
    <uuid>a6dd5e5b-bd90-4556-be50-6d204f65c105</uuid>
  </job>
</joblist>