<joblist>
  <job>
    <defaultTab>nodes</defaultTab>
    <description>Ingest�o da tabela tr00107_prfl_saude</description>
    <dispatch>
      <excludePrecedence>true</excludePrecedence>
      <keepgoing>false</keepgoing>
      <rankOrder>ascending</rankOrder>
      <successOnEmptyNodeFilter>false</successOnEmptyNodeFilter>
      <threadcount>1</threadcount>
    </dispatch>
    <executionEnabled>true</executionEnabled>
    <group>STG_SIAF - Modularizado/STAGE 02</group>
    <id>753fbafc-fa3a-486a-928c-e3f83dcb8046</id>
    <loglevel>INFO</loglevel>
    <name>001 - tr00107_prfl_saude</name>
    <nodeFilterEditable>false</nodeFilterEditable>
    <nodefilters>
      <filter>lpfbigdap02*</filter>
    </nodefilters>
    <nodesSelectedByDefault>true</nodesSelectedByDefault>
    <scheduleEnabled>true</scheduleEnabled>
    <sequence keepgoing='false' strategy='node-first'>
      <command>
        <description>tr00107_prfl_saude</description>
        <script><![CDATA[cd $SCRIPTS_DIR/ingestions/
sh ingestion-new.sh --env siaf_sql --sourcetable $1 --all 1]]></script>
        <scriptargs>tr00107_prfl_saude</scriptargs>
      </command>
    </sequence>
    <uuid>753fbafc-fa3a-486a-928c-e3f83dcb8046</uuid>
  </job>
</joblist>