<joblist>
  <job>
    <defaultTab>nodes</defaultTab>
    <description>Ingest�o da tabela t00528_dcto_aqvo_orgm</description>
    <dispatch>
      <excludePrecedence>true</excludePrecedence>
      <keepgoing>false</keepgoing>
      <rankOrder>ascending</rankOrder>
      <successOnEmptyNodeFilter>false</successOnEmptyNodeFilter>
      <threadcount>1</threadcount>
    </dispatch>
    <executionEnabled>true</executionEnabled>
    <group>STG_SIAF - Modularizado/STAGE 02</group>
    <id>d28cf216-1588-4de7-8db5-fed334521afc</id>
    <loglevel>INFO</loglevel>
    <name>003 - t00528_dcto_aqvo_orgm</name>
    <nodeFilterEditable>false</nodeFilterEditable>
    <nodefilters>
      <filter>lpfbigdap02*</filter>
    </nodefilters>
    <nodesSelectedByDefault>true</nodesSelectedByDefault>
    <scheduleEnabled>true</scheduleEnabled>
    <sequence keepgoing='false' strategy='node-first'>
      <command>
        <description>t00528_dcto_aqvo_orgm</description>
        <script><![CDATA[cd $SCRIPTS_DIR/ingestions/
sh ingestion-new.sh --env siaf_sql --sourcetable $1 --all 1]]></script>
        <scriptargs>t00528_dcto_aqvo_orgm</scriptargs>
      </command>
    </sequence>
    <uuid>d28cf216-1588-4de7-8db5-fed334521afc</uuid>
  </job>
</joblist>