<joblist>
  <job>
    <defaultTab>nodes</defaultTab>
    <description>Ingest�o da tabela t00331_agda_crgo_prco</description>
    <dispatch>
      <excludePrecedence>true</excludePrecedence>
      <keepgoing>false</keepgoing>
      <rankOrder>ascending</rankOrder>
      <successOnEmptyNodeFilter>false</successOnEmptyNodeFilter>
      <threadcount>1</threadcount>
    </dispatch>
    <executionEnabled>true</executionEnabled>
    <group>STG_SIAF - Modularizado/STAGE 02</group>
    <id>e9a958f3-38f1-4f85-9b21-fbf8d1f5a167</id>
    <loglevel>INFO</loglevel>
    <name>002 - t00331_agda_crgo_prco</name>
    <nodeFilterEditable>false</nodeFilterEditable>
    <nodefilters>
      <filter>lpfbigdap02*</filter>
    </nodefilters>
    <nodesSelectedByDefault>true</nodesSelectedByDefault>
    <scheduleEnabled>true</scheduleEnabled>
    <sequence keepgoing='false' strategy='node-first'>
      <command>
        <description>t00331_agda_crgo_prco</description>
        <script><![CDATA[cd $SCRIPTS_DIR/ingestions/
sh ingestion-new.sh --env siaf_sql --sourcetable $1 --all 1

#--map-column-java 'DT_AGDA_DE=String,DT_ALTO=String,DT_FIM=String,DH_FIM=String,DH_INCO=String,DT_ICLO=String,DT_INCO=String,DT_PRCO=String,TM_AGDA_DE=String,TM_ALTO=String,TM_FIM=String,TM_ICLO=String,TM_INCO=String,TM_SALA=String']]></script>
        <scriptargs>t00331_agda_crgo_prco</scriptargs>
      </command>
    </sequence>
    <uuid>e9a958f3-38f1-4f85-9b21-fbf8d1f5a167</uuid>
  </job>
</joblist>