<joblist>
  <job>
    <defaultTab>nodes</defaultTab>
    <description>Ingest�o da Tabela LOCATION</description>
    <dispatch>
      <excludePrecedence>true</excludePrecedence>
      <keepgoing>false</keepgoing>
      <rankOrder>ascending</rankOrder>
      <successOnEmptyNodeFilter>false</successOnEmptyNodeFilter>
      <threadcount>1</threadcount>
    </dispatch>
    <executionEnabled>true</executionEnabled>
    <group>Nova STG_MILLENNIUM - Modularizado/STAGE 01</group>
    <id>32f8ed1c-ddf8-4ae4-b560-ddfbe335af03</id>
    <loglevel>INFO</loglevel>
    <name>003 - LOCATION</name>
    <nodeFilterEditable>false</nodeFilterEditable>
    <nodefilters>
      <filter>lpfbigdap02*</filter>
    </nodefilters>
    <nodesSelectedByDefault>true</nodesSelectedByDefault>
    <scheduleEnabled>true</scheduleEnabled>
    <sequence keepgoing='false' strategy='node-first'>
      <command>
        <description>LOCATION</description>
        <script><![CDATA[# # echo "INGESTION_SQOOP_DIR: $INGESTION_SQOOP_DIR"
# # cd $INGESTION_SQOOP_DIR
# # echo "INICIANDO CARGA DA TABELA $1"
# # sh sqoop_import.sh --env millennium --sourcetable $1 --extraoptions "--map-column-java LOCATION_CD=Long,LOCATION_TYPE_CD=Long,ORGANIZATION_ID=Long,RESOURCE_IND=Integer,ACTIVE_IND=Integer,ACTIVE_STATUS_CD=Long,ACTIVE_STATUS_DT_TM=String,ACTIVE_STATUS_PRSNL_ID=Long,BEG_EFFECTIVE_DT_TM=String,CENSUS_IND=Integer,CONTRIBUTOR_SYSTEM_CD=Long,DATA_STATUS_CD=Long,DATA_STATUS_DT_TM=String,DATA_STATUS_PRSNL_ID=Long,END_EFFECTIVE_DT_TM=String,UPDT_APPLCTX=Long,UPDT_CNT=Long,UPDT_DT_TM=String,UPDT_ID=Long,UPDT_TASK=Long,FACILITY_ACCN_PREFIX_CD=Long,DISCIPLINE_TYPE_CD=Long,VIEW_TYPE_CD=Long,EXP_LVL_CD=Long,CHART_FORMAT_ID=Long,TRANSMIT_OUTBOUND_ORDER_IND=Integer,PATCARE_NODE_IND=Integer,REGISTRATION_IND=Integer,CONTRIBUTOR_SOURCE_CD=Long,ICU_IND=Integer,RESERVE_IND=Integer,APACHE_RELTN_FLAG=Integer,TRANSFER_DT_TM_IND=Integer"
# # #impala-shell -i lpfda05.domhiae.einstein.br:21000 -q "invalidate metadata stg_millennium.\`location\`"

# full_sqoop(){
# echo "INGESTION_SQOOP_DIR: $INGESTION_SQOOP_DIR"
# cd $INGESTION_SQOOP_DIR
# echo "INICIANDO CARGA DA TABELA $1"
# sh sqoop_import-m.sh --env millennium --sourcetable $1 --extraoptions "--map-column-java LOCATION_CD=Long,LOCATION_TYPE_CD=Long,ORGANIZATION_ID=Long,RESOURCE_IND=Integer,ACTIVE_IND=Integer,ACTIVE_STATUS_CD=Long,ACTIVE_STATUS_DT_TM=String,ACTIVE_STATUS_PRSNL_ID=Long,BEG_EFFECTIVE_DT_TM=String,CENSUS_IND=Integer,CONTRIBUTOR_SYSTEM_CD=Long,DATA_STATUS_CD=Long,DATA_STATUS_DT_TM=String,DATA_STATUS_PRSNL_ID=Long,END_EFFECTIVE_DT_TM=String,UPDT_APPLCTX=Long,UPDT_CNT=Long,UPDT_DT_TM=String,UPDT_ID=Long,UPDT_TASK=Long,FACILITY_ACCN_PREFIX_CD=Long,DISCIPLINE_TYPE_CD=Long,VIEW_TYPE_CD=Long,EXP_LVL_CD=Long,CHART_FORMAT_ID=Long,TRANSMIT_OUTBOUND_ORDER_IND=Integer,PATCARE_NODE_IND=Integer,REGISTRATION_IND=Integer,CONTRIBUTOR_SOURCE_CD=Long,ICU_IND=Integer,RESERVE_IND=Integer,APACHE_RELTN_FLAG=Integer,TRANSFER_DT_TM_IND=Integer"
# #impala-shell -i lpfda05.domhiae.einstein.br:21000 -q "invalidate metadata stg_millennium.$1"
# }
# full_tz(){
# echo "INICIANDO MUDANCA DE TZ DA FULL TABELA $1"
# cd /data/projects/stg_millennium/generic
# sh pyspark_submit_fromUTCtoTZ_Full.sh --name $1-Full --target_table stg_millennium.$1 --executors 2
# }
# delta_sqoop(){
# echo "INGESTION_SQOOP_DIR: $INGESTION_SQOOP_DIR"
# cd $INGESTION_SQOOP_DIR
# echo "INICIANDO CARGA DELTA DA TABELA $1"
# sh sqoop_import.sh --env millennium --sourcetable $1 --dias 1 --mode DELTA --splitby LOCATION_CD  --updtcol UPDT_DT_TM --cols "*" --extraoptions "--map-column-java LOCATION_CD=Long,LOCATION_TYPE_CD=Long,ORGANIZATION_ID=Long,RESOURCE_IND=Integer,ACTIVE_IND=Integer,ACTIVE_STATUS_CD=Long,ACTIVE_STATUS_DT_TM=String,ACTIVE_STATUS_PRSNL_ID=Long,BEG_EFFECTIVE_DT_TM=String,CENSUS_IND=Integer,CONTRIBUTOR_SYSTEM_CD=Long,DATA_STATUS_CD=Long,DATA_STATUS_DT_TM=String,DATA_STATUS_PRSNL_ID=Long,END_EFFECTIVE_DT_TM=String,UPDT_APPLCTX=Long,UPDT_CNT=Long,UPDT_DT_TM=String,UPDT_ID=Long,UPDT_TASK=Long,FACILITY_ACCN_PREFIX_CD=Long,DISCIPLINE_TYPE_CD=Long,VIEW_TYPE_CD=Long,EXP_LVL_CD=Long,CHART_FORMAT_ID=Long,TRANSMIT_OUTBOUND_ORDER_IND=Integer,PATCARE_NODE_IND=Integer,REGISTRATION_IND=Integer,CONTRIBUTOR_SOURCE_CD=Long,ICU_IND=Integer,RESERVE_IND=Integer,APACHE_RELTN_FLAG=Integer,TRANSFER_DT_TM_IND=Integer"
# }
# delta_tz(){
# cd /data/projects/stg_millennium/generic
# sh pyspark_submit_fromUTCtoTZ_delta.sh --name stage-$1-delta --id_col LOCATION_CD --updt_col UPDT_DT_TM --target_table stg_millennium.$1 --executors 2
# }
# drop_tmp(){
# hive -e "drop table stg_millennium.$1_tmp"
# hive -e "drop table stg_millennium.$1_delta"
# }

# drop_table(){
#     hive -e "drop table stg_millennium.$1"
# }

# #full_sqoop $1 && full_tz $1 && drop_tmp $1 && echo "carga full finalizada com sucesso" || exit 1

# #delta_sqoop $1 && delta_tz $1 && drop_tmp $1 && echo "carga delta finalizada com sucesso" || exit 1

cd $SCRIPTS_DIR/ingestions/
sh ingestion.sh --env millennium --sourcetable $1
]]></script>
        <scriptargs>LOCATION</scriptargs>
      </command>
    </sequence>
    <uuid>32f8ed1c-ddf8-4ae4-b560-ddfbe335af03</uuid>
  </job>
</joblist>