<joblist>
  <job>
    <defaultTab>nodes</defaultTab>
    <description>Ingest�o da Tabela MED_IDENTIFIER</description>
    <dispatch>
      <excludePrecedence>true</excludePrecedence>
      <keepgoing>false</keepgoing>
      <rankOrder>ascending</rankOrder>
      <successOnEmptyNodeFilter>false</successOnEmptyNodeFilter>
      <threadcount>1</threadcount>
    </dispatch>
    <executionEnabled>true</executionEnabled>
    <group>Nova STG_MILLENNIUM - Modularizado/STAGE 01</group>
    <id>6c329c93-3f89-4450-98f8-dcfc946fcde1</id>
    <loglevel>INFO</loglevel>
    <name>004 - MED_IDENTIFIER</name>
    <nodeFilterEditable>false</nodeFilterEditable>
    <nodefilters>
      <filter>lpfbigdap02*</filter>
    </nodefilters>
    <nodesSelectedByDefault>true</nodesSelectedByDefault>
    <scheduleEnabled>true</scheduleEnabled>
    <sequence keepgoing='false' strategy='node-first'>
      <command>
        <description>MED_IDENTIFIER</description>
        <script><![CDATA[# full_sqoop(){
# echo "INGESTION_SQOOP_DIR: $INGESTION_SQOOP_DIR"
# cd $INGESTION_SQOOP_DIR
# echo "INICIANDO CARGA DA TABELA $1"
# sh sqoop_import-m.sh --env millennium --sourcetable $1 --extraoptions "--map-column-java MED_IDENTIFIER_ID=Long,MED_INGRED_SET_ID=Long,ITEM_ID=Long,MED_PACKAGE_TYPE_ID=Long,MED_PRODUCT_ID=Long,MED_DEF_FLEX_ID=Long,PHARMACY_TYPE_CD=Long,PARENT_ENTITY_ID=Long,FLEX_TYPE_CD=Long,FLEX_SORT_FLAG=Integer,MED_IDENTIFIER_TYPE_CD=Long,PRIMARY_IND=Integer,MED_TYPE_FLAG=Integer,ACTIVE_IND=Integer,UPDT_CNT=Long,UPDT_DT_TM=String,UPDT_ID=Long,UPDT_TASK=Long,UPDT_APPLCTX=Long,SEQUENCE=Integer"
# #impala-shell -i lpfda05.domhiae.einstein.br:21000 -q "invalidate metadata stg_millennium.$1"
# }
# full_tz(){
# echo "INICIANDO MUDANCA DE TZ DA FULL TABELA $1"
# cd /data/projects/stg_millennium/generic
# sh pyspark_submit_fromUTCtoTZ_Full.sh --name $1-Full --target_table stg_millennium.$1 --executors 2
# }
# delta_sqoop(){
# echo "INGESTION_SQOOP_DIR: $INGESTION_SQOOP_DIR"
# cd $INGESTION_SQOOP_DIR
# echo "INICIANDO CARGA DELTA DA TABELA $1"
# sh sqoop_import.sh --env millennium --sourcetable $1 --dias 1 --mode DELTA --splitby MED_IDENTIFIER_ID  --updtcol UPDT_DT_TM --cols "*" --extraoptions "--map-column-java MED_IDENTIFIER_ID=Long,MED_INGRED_SET_ID=Long,ITEM_ID=Long,MED_PACKAGE_TYPE_ID=Long,MED_PRODUCT_ID=Long,MED_DEF_FLEX_ID=Long,PHARMACY_TYPE_CD=Long,PARENT_ENTITY_ID=Long,FLEX_TYPE_CD=Long,FLEX_SORT_FLAG=Integer,MED_IDENTIFIER_TYPE_CD=Long,PRIMARY_IND=Integer,MED_TYPE_FLAG=Integer,ACTIVE_IND=Integer,UPDT_CNT=Long,UPDT_DT_TM=String,UPDT_ID=Long,UPDT_TASK=Long,UPDT_APPLCTX=Long,SEQUENCE=Integer"
# }
# delta_tz(){
# cd /data/projects/stg_millennium/generic
# sh pyspark_submit_fromUTCtoTZ_delta.sh --name stage-$1-delta --id_col MED_IDENTIFIER_ID --updt_col UPDT_DT_TM --target_table stg_millennium.$1
# }
# drop_tmp(){
# hive -e "drop table stg_millennium.$1_tmp"
# hive -e "drop table stg_millennium.$1_delta"
# }

# drop_table(){
#     hive -e "drop table stg_millennium.$1"
# }

# #full_sqoop $1 && full_tz $1 && drop_tmp $1 && echo "carga full finalizada com sucesso" || exit 1

# #delta_sqoop $1 && delta_tz $1 && drop_tmp $1 && echo "carga delta finalizada com sucesso" || exit 1

cd $SCRIPTS_DIR/ingestions/
sh ingestion.sh --env millennium --sourcetable $1]]></script>
        <scriptargs>MED_IDENTIFIER</scriptargs>
      </command>
    </sequence>
    <uuid>6c329c93-3f89-4450-98f8-dcfc946fcde1</uuid>
  </job>
</joblist>