<joblist>
  <job>
    <defaultTab>nodes</defaultTab>
    <description>Ingest�o da Tabela LOCATION_GROUP.</description>
    <dispatch>
      <excludePrecedence>true</excludePrecedence>
      <keepgoing>false</keepgoing>
      <rankOrder>ascending</rankOrder>
      <successOnEmptyNodeFilter>false</successOnEmptyNodeFilter>
      <threadcount>1</threadcount>
    </dispatch>
    <executionEnabled>true</executionEnabled>
    <group>Nova STG_MILLENNIUM - Modularizado/STAGE 01</group>
    <id>7e811ff8-a7ae-4f0a-b47f-e2f5bc5d66b6</id>
    <loglevel>INFO</loglevel>
    <name>001 - LOCATION_GROUP</name>
    <nodeFilterEditable>false</nodeFilterEditable>
    <nodefilters>
      <filter>lpfbigdap02*</filter>
    </nodefilters>
    <nodesSelectedByDefault>true</nodesSelectedByDefault>
    <scheduleEnabled>true</scheduleEnabled>
    <sequence keepgoing='false' strategy='node-first'>
      <command>
        <description>LOCATION_GROUP</description>
        <script><![CDATA[cd $SCRIPTS_DIR/ingestions/
sh ingestion.sh --env millennium --sourcetable $1]]></script>
        <scriptargs>LOCATION_GROUP</scriptargs>
      </command>
    </sequence>
    <uuid>7e811ff8-a7ae-4f0a-b47f-e2f5bc5d66b6</uuid>
  </job>
</joblist>