<joblist>
  <job>
    <defaultTab>nodes</defaultTab>
    <description>Ingest�o da Tabela ORDER_DETAIL</description>
    <dispatch>
      <excludePrecedence>true</excludePrecedence>
      <keepgoing>false</keepgoing>
      <rankOrder>ascending</rankOrder>
      <successOnEmptyNodeFilter>false</successOnEmptyNodeFilter>
      <threadcount>1</threadcount>
    </dispatch>
    <executionEnabled>true</executionEnabled>
    <group>STG_MILLENNIUM - Modularizado/STAGE 09</group>
    <id>66921fd0-df2b-40c3-984c-2fbe07386b06</id>
    <loglevel>INFO</loglevel>
    <name>002 - ORDER_DETAIL</name>
    <nodeFilterEditable>false</nodeFilterEditable>
    <nodefilters>
      <filter>lpfbigdap02*</filter>
    </nodefilters>
    <nodesSelectedByDefault>true</nodesSelectedByDefault>
    <scheduleEnabled>true</scheduleEnabled>
    <sequence keepgoing='false' strategy='node-first'>
      <command>
        <description>ORDER_DETAIL</description>
        <script><![CDATA[cd $SCRIPTS_DIR/ingestions/

sh ingestion-new.sh --env millennium --sourcetable $1 --all 1

#sh ingestion.sh --env millennium --sourcetable $1

# full_sqoop(){
# echo "INGESTION_SQOOP_DIR: $INGESTION_SQOOP_DIR"
# cd $INGESTION_SQOOP_DIR
# echo "INICIANDO CARGA DA TABELA $1"
# sh sqoop_import.sh --env millennium --sourcetable $1 --query " \
# 'SELECT \
# UPDT_DT_TM, \
# OE_FIELD_DT_TM_VALUE, \
# UPDT_TASK, \
# OE_FIELD_MEANING_ID, \
# PARENT_ACTION_SEQUENCE, \
# OE_FIELD_TZ, \
# ORDER_ID, \
# OE_FIELD_ID, \
# UPDT_ID, \
# UPDT_CNT, \
# OE_FIELD_VALUE, \
# UPDT_APPLCTX, \
# DETAIL_SEQUENCE, \
# ACTION_SEQUENCE, \
# OE_FIELD_DISPLAY_VALUE, \
# OE_FIELD_MEANING \
# FROM ORDER_DETAIL where \$CONDITIONS'" --splitby ORDER_ID --extraoptions "--map-column-java OE_FIELD_ID=Long,ORDER_ID=Long,UPDT_APPLCTX=Long,UPDT_CNT=Long,UPDT_DT_TM=String,UPDT_ID=Long,UPDT_TASK=Long,OE_FIELD_MEANING_ID=Long,OE_FIELD_TZ=Integer,ACTION_SEQUENCE=Integer,DETAIL_SEQUENCE=Integer,OE_FIELD_DT_TM_VALUE=String,OE_FIELD_VALUE=Double,PARENT_ACTION_SEQUENCE=Integer"
# }

# full_tz(){
# echo "INICIANDO MUDANCA DE TZ DA FULL TABELA $1"
# # cd $SCRIPTS_DIR/work-hiae
# # sh pyspark_submit_fromUTCtoTZ_Full.sh $1-Full stg_millennium.$1 4 2 30g

# }
# delta_sqoop(){
# echo "INGESTION_SQOOP_DIR: $INGESTION_SQOOP_DIR"
# cd $INGESTION_SQOOP_DIR
# echo "INICIANDO CARGA DELTA DA TABELA $1"
# sh sqoop_import.sh --env millennium --sourcetable $1 --dias 1 --mode DELTA --splitby ORDER_ID  --updtcol UPDT_DT_TM --cols "UPDT_DT_TM, \
# OE_FIELD_DT_TM_VALUE, \
# UPDT_TASK, \
# OE_FIELD_MEANING_ID, \
# PARENT_ACTION_SEQUENCE, \
# OE_FIELD_TZ, \
# ORDER_ID, \
# OE_FIELD_ID, \
# UPDT_ID, \
# UPDT_CNT, \
# OE_FIELD_VALUE, \
# UPDT_APPLCTX, \
# DETAIL_SEQUENCE, \
# ACTION_SEQUENCE, \
# OE_FIELD_DISPLAY_VALUE, \
# OE_FIELD_MEANING" --extraoptions "--map-column-java OE_FIELD_ID=Long,ORDER_ID=Long,UPDT_APPLCTX=Long,UPDT_CNT=Long,UPDT_DT_TM=String,UPDT_ID=Long,UPDT_TASK=Long,OE_FIELD_MEANING_ID=Long,OE_FIELD_TZ=Integer,ACTION_SEQUENCE=Integer,DETAIL_SEQUENCE=Integer,OE_FIELD_DT_TM_VALUE=String,OE_FIELD_VALUE=Double,PARENT_ACTION_SEQUENCE=Integer"
# }
# delta_tz(){
# cd /data/projects/stg_millennium/order_detail
# sh pyspark_submit_fromUTCtoTZ_delta.sh stage-$1-delta ORDER_ID,ACTION_SEQUENCE,DETAIL_SEQUENCE UPDT_DT_TM stg_millennium.$1 8 5 30g
# }
# drop_tmp(){
# hive -e "drop table stg_millennium.$1_tmp"
# hive -e "drop table stg_millennium.$1_delta"
# }

# drop_table(){
#     hive -e "drop table stg_millennium.$1"
# }

# #drop_table $1 && full_sqoop $1 && full_tz $1 && drop_tmp $1 && echo "carga full finalizada com sucesso" || exit 1

# delta_sqoop $1 && delta_tz $1 && drop_tmp $1 && echo "carga delta finalizada com sucesso" || exit 1
]]></script>
        <scriptargs>ORDER_DETAIL</scriptargs>
      </command>
    </sequence>
    <uuid>66921fd0-df2b-40c3-984c-2fbe07386b06</uuid>
  </job>
</joblist>