<joblist>
  <job>
    <defaultTab>nodes</defaultTab>
    <description>Ingest�o da Tabela ORDER_PROPOSAL</description>
    <dispatch>
      <excludePrecedence>true</excludePrecedence>
      <keepgoing>false</keepgoing>
      <rankOrder>ascending</rankOrder>
      <successOnEmptyNodeFilter>false</successOnEmptyNodeFilter>
      <threadcount>1</threadcount>
    </dispatch>
    <executionEnabled>true</executionEnabled>
    <group>STG_MILLENNIUM - Modularizado/STAGE 09</group>
    <id>a750009c-dd88-40d8-a701-9b87f6276640</id>
    <loglevel>INFO</loglevel>
    <name>006 - ORDER_PROPOSAL</name>
    <nodeFilterEditable>false</nodeFilterEditable>
    <nodefilters>
      <filter>lpfbigdap02*</filter>
    </nodefilters>
    <nodesSelectedByDefault>true</nodesSelectedByDefault>
    <scheduleEnabled>true</scheduleEnabled>
    <sequence keepgoing='false' strategy='node-first'>
      <command>
        <description>ORDER_PROPOSAL</description>
        <script><![CDATA[cd $SCRIPTS_DIR/ingestions/

sh ingestion-new.sh --env millennium --sourcetable $1 --all 1


#sh ingestion.sh --env millennium --sourcetable $1


# full_sqoop()
# {
# echo "INGESTION_SQOOP_DIR: $INGESTION_SQOOP_DIR"
# cd $INGESTION_SQOOP_DIR
# echo "INICIANDO CARGA DA TABELA $1"
# sh sqoop_import.sh --env millennium --sourcetable $1 --extraoptions "--map-column-java ORDER_PROPOSAL_ID=String,ORDER_ID=String,ENCNTR_ID=String,PERSON_ID=String,PROPOSAL_FROM_ACTION_SEQ=String,PROPOSAL_TO_ACTION_SEQ=String,PROPOSAL_STATUS_CD=String,PROPOSAL_SOURCE_TYPE_CD=String,PROPOSED_ACTION_TYPE_CD=String,ENTERED_BY_PRSNL_ID=String,RESPONSIBLE_PRSNL_ID=String,CREATED_DT_TM=String,CREATED_TZ=String,RESOLVED_BY_PRSNL_ID=String,RESOLVED_DT_TM=String,RESOLVED_TZ=String,SYNONYM_ID=String,ORDERED_AS_MNEMONIC=String,ORDER_MNEMONIC=String,CLINICAL_DISPLAY_LINE=String,SIMPLIFIED_DISPLAY_LINE=String,ORIG_ORD_AS_FLAG=String,MED_ORDER_TYPE_CD=String,PROJECTED_ORDER_ID=String,PROPOSAL_GROUP_ID=String,UPDT_DT_TM=String,UPDT_ID=String,UPDT_TASK=String,UPDT_CNT=String,UPDT_APPLCTX=String,CATALOG_CD=String,OE_FORMAT_ID=String,HNA_ORDER_MNEMONIC=String,INCOMPLETE_PROPOSAL_BIT=String,COMMUNICATION_TYPE_CD=String,IV_SET_SYNONYM_ID=String,PROJECTED_CS_ORDER_ID=String,RELATED_ACTION_SEQ=String,RELATED_ORDER_ID=String,FUTURE_LOCATION_NURSE_UNIT_CD=String,FUTURE_LOCATION_FACILITY_CD=String,ORDER_SCHEDULE_PRECISION_BIT=String,RELATED_TYPE_CD=String,BILLING_PROVIDER_FLAG=String,SUPERVISING_PROVIDER_ID=String,ORDER_STATUS_REASON_BIT=String,ORIGINATING_ENCNTR_ID=String,ORDER_PROPOSAL_STATUS_RSN_BIT=String,RELTN_GROUP_ID=String" 
# #--extraoptions "--map-column-java ORDER_ID=Long,CONTAINER_ID=Long,SERVICE_RESOURCE_CD=Long,LOCATION_CD=Long,STATUS_FLAG=String,UPDT_TASK=String,UPDT_APPLCTX=String,UPDT_DT_TM=String,UPDT_ID=Long,UPDT_CNT=Long,IN_LAB_DT_TM=String,CURRENT_LOCATION_CD=String,AV_IND=String,DISPLAY_DT_TM=String,WARNING_DT_TM=String,ALERT_DT_TM=String,SPEC_WARNING_DT_TM=String,SPEC_EXPIRE_DT_TM=String,COLL_INFO_SEQ=String"
# }

# full_tz()
# {
# echo "INICIANDO MUDANCA DE TZ DA FULL TABELA $1"
# cd $INGESTION_SQOOP_DIR
# echo "INICIANDO CARGA DA TABELA $1"
# sh sqoop_import.sh --env millennium --sourcetable $1 --query " \
# 'SELECT * FROM  ORDER_SERV_RES_CONTAINER where \$CONDITIONS'" --splitby ORDER_ID 
# #--extraoptions "--map-column-java EVENT_ID=Long,VALID_UNTIL_DT_TM=String,VALID_FROM_DT_TM=String,NOMENCLATURE_ID=Long,UPDT_DT_TM=String,UPDT_ID=Long,UPDT_TASK=Long,UPDT_CNT=Long,UPDT_APPLCTX=Long,RESULT_CD=Long,UNIT_OF_MEASURE_CD=Long,SEQUENCE_NBR=Long,GROUP_NBR=Long,RESULT_SET=Long"
# }
# delta_sqoop(){
# echo "INGESTION_SQOOP_DIR: $INGESTION_SQOOP_DIR"
# cd $INGESTION_SQOOP_DIR
# echo "INICIANDO CARGA DELTA DA TABELA $1"
# sh sqoop_import.sh --env millennium --sourcetable $1 --dias 1 --mode DELTA --splitby ORDER_ID  --updtcol UPDT_DT_TM --cols "*" 
# #--extraoptions "--boundary-query 'select min(CE_EVENT_PRSNL_ID),max(CE_EVENT_PRSNL_ID) from V500.CE_EVENT_PRSNL' --map-column-java VALID_UNTIL_DT_TM=String,VALID_FROM_DT_TM=String,REQUEST_DT_TM=String,ACTION_DT_TM=String,UPDT_DT_TM=String"
# }
# delta_tz(){
# cd /data/projects/stg_millennium/ce_event_prsnl
# sh pyspark_submit_fromUTCtoTZ_delta.sh stage-$1-delta CE_EVENT_PRSNL_ID UPDT_DT_TM stg_millennium.$1 4 3 30g
# }
# drop_tmp()
# {
# hive -e "drop table stg_millennium.$1_tmp"
# hive -e "drop table stg_millennium.$1_delta"
# }

# drop_table(){
# hive -e "drop table stg_millennium.$1"  
# }

# drop_table $1 && full_sqoop $1 && echo "carga delta finalizada com sucesso" || exit 1]]></script>
        <scriptargs>ORDER_PROPOSAL</scriptargs>
      </command>
    </sequence>
    <uuid>a750009c-dd88-40d8-a701-9b87f6276640</uuid>
  </job>
</joblist>