<joblist>
  <job>
    <defaultTab>nodes</defaultTab>
    <description>Ingest�o da Tabela ORDER_ACTION</description>
    <dispatch>
      <excludePrecedence>true</excludePrecedence>
      <keepgoing>false</keepgoing>
      <rankOrder>ascending</rankOrder>
      <successOnEmptyNodeFilter>false</successOnEmptyNodeFilter>
      <threadcount>1</threadcount>
    </dispatch>
    <executionEnabled>true</executionEnabled>
    <group>STG_MILLENNIUM - Modularizado/STAGE 09</group>
    <id>d85482fe-739e-43cd-9b50-01eb832a5684</id>
    <loglevel>INFO</loglevel>
    <name>004 - ORDER_ACTION</name>
    <nodeFilterEditable>false</nodeFilterEditable>
    <nodefilters>
      <filter>lpfbigdap02*</filter>
    </nodefilters>
    <nodesSelectedByDefault>true</nodesSelectedByDefault>
    <scheduleEnabled>true</scheduleEnabled>
    <sequence keepgoing='false' strategy='node-first'>
      <command>
        <description>ORDER_ACTION</description>
        <script><![CDATA[cd $SCRIPTS_DIR/ingestions/

sh ingestion-new.sh --env millennium --sourcetable $1 --all 1


# ##cd $SCRIPTS_DIR/ingestions/
# ##sh ingestion.sh --env millennium --sourcetable $1
# #cd $SCRIPTS_DIR/ingestions/
# #sh ingestion-new.sh --env millennium --sourcetable order_action --all 1
# full_sqoop(){
# echo "INGESTION_SQOOP_DIR: $INGESTION_SQOOP_DIR"
# cd $INGESTION_SQOOP_DIR
# echo "INICIANDO CARGA DA TABELA ORDER_ACTION"
# sh sqoop_import.sh --env millennium --sourcetable ORDER_ACTION --splitby ORDER_ID --extraoptions "--map-column-java \
# VALID_DOSE_DT_TM=String,\
# PROJECTED_STOP_DT_TM=String,\
# ACTION_INITIATED_DT_TM=String,\
# EFFECTIVE_DT_TM=String,\
# ORDER_DT_TM=String,\
# CURRENT_START_DT_TM=String,\
# NEXT_DOSE_DT_TM=String,\
# ACTION_DT_TM=String,\
# UPDT_DT_TM=String,\
# ACTION_TYPE_CD=Long,\
# ACTION_PERSONNEL_ID=Long,\
# ORDER_PROVIDER_ID=Long,\
# INCOMPLETE_ORDER_IND=Integer,\
# UPDT_APPLCTX=Long,\
# UPDT_ID=Long,\
# UPDT_TASK=String,\
# UPDT_CNT=Long,\
# ORDER_APP_NBR=String,\
# ORDER_ACTION_ID=Long,\
# NEEDS_VERIFY_IND=Integer,\
# INACTIVE_FLAG=String,\
# ORDER_STATUS_CD=Long,\
# DEPT_STATUS_CD=Long,\
# SCH_STATE_CD=Long,\
# UNDO_ACTION_TYPE_CD=Long,\
# ESO_ACTION_CD=Long,\
# MEDSTUDENT_ACTION_IND=Integer,\
# CORE_IND=Integer,\
# CONSTANT_IND=Integer,\
# FREQUENCY_ID=Long,\
# PRN_IND=Integer,\
# STOP_TYPE_CD=Long,\
# TEMPLATE_ORDER_FLAG=String,\
# ORDER_TZ=String,\
# EFFECTIVE_TZ=String,\
# ACTION_TZ=String,\
# SUPERVISING_PROVIDER_ID=Long,\
# PROJECTED_STOP_TZ=String,\
# ORDER_LOCN_CD=Long,\
# ORDER_CONVS_SEQ=Integer,\
# CONTRIBUTOR_SYSTEM_CD=Long,\
# ORDER_CONVERSATION_ID=Long,\
# ACTION_REJECTED_IND=Integer,\
# COMMUNICATION_TYPE_CD=Long,\
# ACTION_SEQUENCE=Integer,\
# ORDER_ID=Long,\
# ORDER_STATUS_REASON_BIT=String,\
# ORDER_REVIEW_STATUS_REASON_BIT=String,\
# START_RANGE_UNIT_FLAG=String,\
# START_RANGE_NBR=String,\
# BILLING_PROVIDER_FLAG=String,\
# SOURCE_PROTOCOL_ACTION_SEQ=Integer,\
# NEED_CLIN_REVIEW_FLAG=String,\
# ACTION_QUALIFIER_CD=Long,\
# CURRENT_START_TZ=String,\
# ORDER_SCHEDULE_PRECISION_BIT=String,\
# SOURCE_DOT_ORDER_ID=Long,\
# SOURCE_DOT_ACTION_SEQ=Integer,\
# FORMULARY_STATUS_CD=Long,\
# ORDER_DETAIL_DISPLAY_LINE=String,\
# DIGITAL_SIGNATURE_IDENT=String,\
# CLINICAL_DISPLAY_LINE=String,\
# SIMPLIFIED_DISPLAY_LINE=String"
# }
# full_tz(){
# echo "INICIANDO MUDANCA DE TZ DA FULL TABELA $1"
# cd /data/projects/stg_millennium/order_action
# sh pyspark_submit_fromUTCtoTZ_Full.sh $1-Full stg_millennium.$1 8 5 30g
# }
# delta_sqoop(){
# echo "INGESTION_SQOOP_DIR: $INGESTION_SQOOP_DIR"
# cd $INGESTION_SQOOP_DIR
# echo "INICIANDO CARGA DELTA DA TABELA $1"
# sh sqoop_import.sh --env millennium --sourcetable $1 --dias 1 --mode DELTA --splitby ORDER_ID  --updtcol UPDT_DT_TM --cols "*" --extraoptions "--map-column-java \
# VALID_DOSE_DT_TM=String,\
# PROJECTED_STOP_DT_TM=String,\
# ACTION_INITIATED_DT_TM=String,\
# EFFECTIVE_DT_TM=String,\
# ORDER_DT_TM=String,\
# CURRENT_START_DT_TM=String,\
# NEXT_DOSE_DT_TM=String,\
# ACTION_DT_TM=String,\
# UPDT_DT_TM=String,\
# ACTION_TYPE_CD=Long,\
# ACTION_PERSONNEL_ID=Long,\
# ORDER_PROVIDER_ID=Long,\
# INCOMPLETE_ORDER_IND=Integer,\
# UPDT_APPLCTX=Long,\
# UPDT_ID=Long,\
# UPDT_TASK=String,\
# UPDT_CNT=Long,\
# ORDER_APP_NBR=String,\
# ORDER_ACTION_ID=Long,\
# NEEDS_VERIFY_IND=Integer,\
# INACTIVE_FLAG=String,\
# ORDER_STATUS_CD=Long,\
# DEPT_STATUS_CD=Long,\
# SCH_STATE_CD=Long,\
# UNDO_ACTION_TYPE_CD=Long,\
# ESO_ACTION_CD=Long,\
# MEDSTUDENT_ACTION_IND=Integer,\
# CORE_IND=Integer,\
# CONSTANT_IND=Integer,\
# FREQUENCY_ID=Long,\
# PRN_IND=Integer,\
# STOP_TYPE_CD=Long,\
# TEMPLATE_ORDER_FLAG=String,\
# ORDER_TZ=String,\
# EFFECTIVE_TZ=String,\
# ACTION_TZ=String,\
# SUPERVISING_PROVIDER_ID=Long,\
# PROJECTED_STOP_TZ=String,\
# ORDER_LOCN_CD=Long,\
# ORDER_CONVS_SEQ=Integer,\
# CONTRIBUTOR_SYSTEM_CD=Long,\
# ORDER_CONVERSATION_ID=Long,\
# ACTION_REJECTED_IND=Integer,\
# COMMUNICATION_TYPE_CD=Long,\
# ACTION_SEQUENCE=Integer,\
# ORDER_ID=Long,\
# ORDER_STATUS_REASON_BIT=String,\
# ORDER_REVIEW_STATUS_REASON_BIT=String,\
# START_RANGE_UNIT_FLAG=String,\
# START_RANGE_NBR=String,\
# BILLING_PROVIDER_FLAG=String,\
# SOURCE_PROTOCOL_ACTION_SEQ=Integer,\
# NEED_CLIN_REVIEW_FLAG=String,\
# ACTION_QUALIFIER_CD=Long,\
# CURRENT_START_TZ=String,\
# ORDER_SCHEDULE_PRECISION_BIT=String,\
# SOURCE_DOT_ORDER_ID=Long,\
# SOURCE_DOT_ACTION_SEQ=Integer,\
# FORMULARY_STATUS_CD=Long,\
# ORDER_DETAIL_DISPLAY_LINE=String,\
# DIGITAL_SIGNATURE_IDENT=String,\
# CLINICAL_DISPLAY_LINE=String,\
# SIMPLIFIED_DISPLAY_LINE=String"
# }
# delta_tz(){
# cd /data/projects/stg_millennium/order_action
# sh pyspark_submit_fromUTCtoTZ_delta.sh stage-$1-delta ORDER_ID,ACTION_SEQUENCE UPDT_DT_TM stg_millennium.$1 4 5 30g
# }
# drop_tmp(){
# hive -e "drop table stg_millennium.$1_tmp"
# hive -e "drop table stg_millennium.$1_delta"
# }

# drop_table(){
#     hive -e "drop table stg_millennium.$1"
# }

# #drop_table $1 && full_sqoop $1 && full_tz $1 && drop_tmp $1 && echo "carga full finalizada com sucesso" || exit 1

# # delta_sqoop $1 && delta_tz $1 && drop_tmp $1 && echo "carga delta finalizada com sucesso" || exit 1]]></script>
        <scriptargs>ORDER_ACTION</scriptargs>
      </command>
    </sequence>
    <uuid>d85482fe-739e-43cd-9b50-01eb832a5684</uuid>
  </job>
</joblist>