<joblist>
  <job>
    <defaultTab>nodes</defaultTab>
    <description>Ingest�o da Tabela PERSON_PRSNL_ACTIVITY</description>
    <dispatch>
      <excludePrecedence>true</excludePrecedence>
      <keepgoing>false</keepgoing>
      <rankOrder>ascending</rankOrder>
      <successOnEmptyNodeFilter>false</successOnEmptyNodeFilter>
      <threadcount>1</threadcount>
    </dispatch>
    <executionEnabled>true</executionEnabled>
    <group>Nova STG_MILLENNIUM - Modularizado/STAGE 12</group>
    <id>f63be5d0-215c-4580-a045-0d03669e1950</id>
    <loglevel>INFO</loglevel>
    <name>001 - PERSON_PRSNL_ACTIVITY</name>
    <nodeFilterEditable>false</nodeFilterEditable>
    <nodefilters>
      <filter>lpfbigdap02*</filter>
    </nodefilters>
    <nodesSelectedByDefault>true</nodesSelectedByDefault>
    <scheduleEnabled>true</scheduleEnabled>
    <sequence keepgoing='false' strategy='node-first'>
      <command>
        <description>PERSON_PRSNL_ACTIVITY</description>
        <script><![CDATA[cd $SCRIPTS_DIR/ingestions/
sh ingestion.sh --env millennium --sourcetable $1

# # echo "INGESTION_SQOOP_DIR: $INGESTION_SQOOP_DIR"
# # cd $INGESTION_SQOOP_DIR
# # echo "INICIANDO CARGA DA TABELA $1"
# # sh sqoop_import.sh --env millennium --sourcetable $1 --extraoptions "--map-column-java PPA_ID=Long,PRSNL_ID=Long,PERSON_ID=Long,PPA_TYPE_CD=Long,PPA_FIRST_DT_TM=String,PPA_LAST_DT_TM=String,UPDT_DT_TM=String,UPDT_ID=Long,UPDT_TASK=Long,UPDT_APPLCTX=Long,UPDT_CNT=Long,PPA_CNT=Long,ACTIVE_STATUS_CD=Long,ACTIVE_STATUS_DT_TM=String,ACTIVE_STATUS_PRSNL_ID=Long,ACTIVE_IND=Long,PPR_CD=Long,VIEW_CAPTION=String,COMP_CAPTION=String,COMPUTER_NAME=String,PPA_COMMENT=String,PPA_LAST_TZ=Long,PPA_FIRST_TZ=Long"
# # #impala-shell -i lpfda05.domhiae.einstein.br:21000 -q "invalidate metadata stg_millennium.$1"


# # echo "INGESTION_SQOOP_DIR: $INGESTION_SQOOP_DIR"
# # cd $INGESTION_SQOOP_DIR
# # echo "INICIANDO CARGA DELTA DA TABELA $1"
# # sh sqoop_import.sh --env millennium --sourcetable $1 --dias 1 --mode DELTA --splitby PPA_ID  --updtcol UPDT_DT_TM --cols "*" --extraoptions "--map-column-java PPA_ID=Long,PRSNL_ID=Long,PERSON_ID=Long,PPA_TYPE_CD=Long,PPA_FIRST_DT_TM=String,PPA_LAST_DT_TM=String,UPDT_DT_TM=String,UPDT_ID=Long,UPDT_TASK=Long,UPDT_APPLCTX=Long,UPDT_CNT=Long,PPA_CNT=Long,ACTIVE_STATUS_CD=Long,ACTIVE_STATUS_DT_TM=String,ACTIVE_STATUS_PRSNL_ID=Long,ACTIVE_IND=Long,PPR_CD=Long,VIEW_CAPTION=String,COMP_CAPTION=String,COMPUTER_NAME=String,PPA_COMMENT=String,PPA_LAST_TZ=Long,PPA_FIRST_TZ=Long"
# # cd $SCRIPTS_DIR/work-hiae
# # sh pyspark_submit_fromUTCtoTZ_delta.sh stage-$1-delta PPA_ID UPDT_DT_TM stg_millennium.$1
# # hive -e "drop table stg_millennium.$1_tmp"
# # hive -e "drop table stg_millennium.$1_delta"

# full_sqoop(){
# echo "INGESTION_SQOOP_DIR: $INGESTION_SQOOP_DIR"
# cd $INGESTION_SQOOP_DIR
# echo "INICIANDO CARGA DA TABELA $1"
# sh sqoop_import.sh --env millennium --sourcetable $1 --extraoptions "--map-column-java PPA_ID=Long,PRSNL_ID=Long,PERSON_ID=Long,PPA_TYPE_CD=Long,PPA_FIRST_DT_TM=String,PPA_LAST_DT_TM=String,UPDT_DT_TM=String,UPDT_ID=Long,UPDT_TASK=Long,UPDT_APPLCTX=Long,UPDT_CNT=Long,PPA_CNT=Long,ACTIVE_STATUS_CD=Long,ACTIVE_STATUS_DT_TM=String,ACTIVE_STATUS_PRSNL_ID=Long,ACTIVE_IND=Long,PPR_CD=Long,VIEW_CAPTION=String,COMP_CAPTION=String,COMPUTER_NAME=String,PPA_COMMENT=String,PPA_LAST_TZ=Long,PPA_FIRST_TZ=Long"
# #impala-shell -i lpfda05.domhiae.einstein.br:21000 -q "invalidate metadata stg_millennium.$1"
# }
# full_tz(){
# echo "INICIANDO MUDANCA DE TZ DA FULL TABELA $1"
# cd $SCRIPTS_DIR/work-hiae
# sh pyspark_submit_fromUTCtoTZ_Full.sh $1-Full stg_millennium.$1
# }
# delta_sqoop(){
# echo "INGESTION_SQOOP_DIR: $INGESTION_SQOOP_DIR"
# cd $INGESTION_SQOOP_DIR
# echo "INICIANDO CARGA DELTA DA TABELA $1"
# sh sqoop_import.sh --env millennium --sourcetable $1 --dias 1 --mode DELTA --splitby PPA_ID  --updtcol UPDT_DT_TM --cols "*" --extraoptions "--map-column-java PPA_ID=Long,PRSNL_ID=Long,PERSON_ID=Long,PPA_TYPE_CD=Long,PPA_FIRST_DT_TM=String,PPA_LAST_DT_TM=String,UPDT_DT_TM=String,UPDT_ID=Long,UPDT_TASK=Long,UPDT_APPLCTX=Long,UPDT_CNT=Long,PPA_CNT=Long,ACTIVE_STATUS_CD=Long,ACTIVE_STATUS_DT_TM=String,ACTIVE_STATUS_PRSNL_ID=Long,ACTIVE_IND=Long,PPR_CD=Long,VIEW_CAPTION=String,COMP_CAPTION=String,COMPUTER_NAME=String,PPA_COMMENT=String,PPA_LAST_TZ=Long,PPA_FIRST_TZ=Long"
# }
# delta_tz(){
# cd $SCRIPTS_DIR/work-hiae
# sh pyspark_submit_fromUTCtoTZ_delta.sh stage-$1-delta PPA_ID UPDT_DT_TM stg_millennium.$1
# }
# drop_tmp(){
# hive -e "drop table stg_millennium.$1_tmp"
# hive -e "drop table stg_millennium.$1_delta"
# }

# drop_table(){
#     hive -e "drop table stg_millennium.$1"
# }

# #drop_table $1 && full_sqoop $1 && full_tz $1 && drop_tmp $1 && echo "carga full finalizada com sucesso" || exit 1

# delta_sqoop $1 && delta_tz $1 && drop_tmp $1 && echo "carga delta finalizada com sucesso" || exit 1
]]></script>
        <scriptargs>PERSON_PRSNL_ACTIVITY</scriptargs>
      </command>
    </sequence>
    <uuid>f63be5d0-215c-4580-a045-0d03669e1950</uuid>
  </job>
</joblist>