<joblist>
  <job>
    <defaultTab>nodes</defaultTab>
    <description>Ingest�o da tabela: CE_INTAKE_OUTPUT_RESULT</description>
    <dispatch>
      <excludePrecedence>true</excludePrecedence>
      <keepgoing>false</keepgoing>
      <rankOrder>ascending</rankOrder>
      <successOnEmptyNodeFilter>false</successOnEmptyNodeFilter>
      <threadcount>1</threadcount>
    </dispatch>
    <executionEnabled>true</executionEnabled>
    <group>Nova STG_MILLENNIUM - Modularizado/STAGE 08</group>
    <id>a00ab9ce-14aa-41de-9393-4f663c91a537</id>
    <loglevel>INFO</loglevel>
    <name>002 - CE_INTAKE_OUTPUT_RESULT</name>
    <nodeFilterEditable>false</nodeFilterEditable>
    <nodefilters>
      <filter>lpfbigdap02*</filter>
    </nodefilters>
    <nodesSelectedByDefault>true</nodesSelectedByDefault>
    <scheduleEnabled>true</scheduleEnabled>
    <sequence keepgoing='false' strategy='node-first'>
      <command>
        <description>CE_INTAKE_OUTPUT_RESULT</description>
        <script><![CDATA[cd $SCRIPTS_DIR/ingestions/
sh ingestion.sh --env millennium --sourcetable $1]]></script>
        <scriptargs>CE_INTAKE_OUTPUT_RESULT</scriptargs>
      </command>
    </sequence>
    <uuid>a00ab9ce-14aa-41de-9393-4f663c91a537</uuid>
  </job>
</joblist>