<joblist>
  <job>
    <defaultTab>nodes</defaultTab>
    <description><![CDATA[JOB de Ingest�o delta de tabela do SGH +- 20min.
]]></description>
    <dispatch>
      <excludePrecedence>true</excludePrecedence>
      <keepgoing>false</keepgoing>
      <rankOrder>ascending</rankOrder>
      <successOnEmptyNodeFilter>false</successOnEmptyNodeFilter>
      <threadcount>1</threadcount>
    </dispatch>
    <executionEnabled>true</executionEnabled>
    <group>EPIDEMIO</group>
    <id>56b136d6-eae1-412a-ba0e-a2e3d3ce6fa6</id>
    <loglevel>INFO</loglevel>
    <name>014 - Ingestao Delta MR_Adm, MRC_ICDDx, MRC_ICDDx</name>
    <nodeFilterEditable>false</nodeFilterEditable>
    <nodefilters>
      <filter>name: lpfbigdap02</filter>
    </nodefilters>
    <nodesSelectedByDefault>true</nodesSelectedByDefault>
    <schedule>
      <month month='*' />
      <time hour='08' minute='00' seconds='0' />
      <weekday day='*' />
      <year year='*' />
    </schedule>
    <scheduleEnabled>true</scheduleEnabled>
    <sequence keepgoing='true' strategy='sequential'>
      <command>
        <description>CARGA Delta TABELA MR_Adm</description>
        <script><![CDATA[cd $SCRIPTS_DIR/ingestions/sqoop/

cria_delta(){
	hive -e "create table if not exists stg_sgh.MR_Adm_Delta(
	MRADM_RowId String
	,MRADM_BPDiastolic String
	,MRADM_BPSystolic String
	,MRADM_Date String
	,MRADM_Ectopic String
	,MRADM_Objective String
	,MRADM_PulseRate String
	,MRADM_Resp String
	,MRADM_Subjective String
	,MRADM_Temp String
	,MRADM_Time String
	,MRADM_ADM_DR String
	,MRADM_ConditAtDisch_DR String
	,MRADM_DischType_DR String
	,MRADM_OtherDischType String
	,MRADM_InfectType_DR String
	,MRADM_OtherInfectType String
	,MRADM_DocDisch_DR String
	,MRADM_NurseDisch_DR String
	,MRADM_BloodSugarTestResult String
	,MRADM_BloodType_DR String
	,MRADM_HeadCircumference String
	,MRADM_Height String
	,MRADM_KidneyTransplant String
	,MRADM_KidneyTranspDes String
	,MRADM_UrineSugarTestResult String
	,MRADM_VisionScoreLeft String
	,MRADM_VisionScoreRight String
	,MRADM_WaistCircumference String
	,MRADM_Weight String
	,MRADM_Tumor_DR String
	,MRADM_MaterType_DR String
	,MRADM_CeasarianSection String
	,MRADM_TubalLigation String
	,MRADM_NoStillBirth String
	,MRADM_WoundType_DR String
	,MRADM_AdmRoute_DR String
	,MRADM_CauseOfDeath_DR String
	,MRADM_DateProofPrinted String
	,MRADM_SeqNo String
	,MRADM_DateRangeFrom String
	,MRADM_DateRangeTo String
	,MRADM_PatCond_DR String
	,MRADM_VisitorStatus_DR String
	,MRADM_DRG_DR String
	,MRADM_DRGFirstDateProcessing String
	,MRADM_DRGLastDateProcessing String
	,MRADM_DRGProcessTimes String
	,MRADM_DRGTariff String
	,MRADM_AutopsyType_DR String
	,MRADM_RefClin_DR String
	,MRADM_TransferMeans_DR String
	,MRADM_Traffic_DR String
	,MRADM_DischDestin_DR String
	,MRADM_DischTransport_DR String
	,MRADM_ReasonForRevFinDisch_DR String
	,MRADM_DischClassif_DR String
	,MRADM_MedicSuffix_DR String
	,MRADM_AccountClass_DR String
	,MRADM_SeparationReferral_DR String
	,MRADM_CarerAvail_DR String
	,MRADM_CareType_DR String
	,MRADM_MentHealthStat_DR String
	,MRADM_ProgrFundSource_DR String
	,MRADM_FundingArrang_DR String
	,MRADM_ContractType_DR String
	,MRADM_ContractRole_DR String
	,MRADM_ContrSpokeIdentif_DR String
	,MRADM_IntentReadmit_DR String
	,MRADM_ReasonCritCareTrans_DR String
	,MRADM_OnsetDate String
	,MRADM_AdmReadmRehab_DR String
	,MRADM_SourceReferralPalCare_DR String
	,MRADM_Deletion String
	,MRADM_Resend String
	,MRADM_SentPRS2 String
	,MRADM_DurationMechVent String
	,MRADM_TransferDateRefCln String
	,MRADM_NumberOfDays String
	,MRADM_DateHeight String
	,MRADM_DateWeight String
	,MRADM_DRG_Weighting String
	,MRADM_DischargeDate String
	,MRADM_PresentComplaint String
	,MRADM_PreHospTreatment String
	,MRADM_GPConsent String
	,MRADM_AmbulanceCase String
	,MRADM_OxygenSaturation String
	,MRADM_TransfDest_DR String
	,MRADM_ReasonTransfer_DR String
	,MRADM_EscortSource_DR String
	,MRADM_ReferredTo_DR String
	,MRADM_OtherTransferReason String
	,MRADM_InjuryDesc String
	,MRADM_PACSDischargeDate String
	,MRADM_RefBookDate String
	,MRADM_Remarks String
	,MRADM_VisitType_DR String
	,MRADM_TransDest2_DR String
	,MRADM_MedicallyFit String
	,MRADM_RingWard String
	,MRADM_PatientRequirements String
	,MRADM_SpecialInstr String
	,MRADM_TakingCalls String
	,MRADM_PatInqUpdateDate String
	,MRADM_PatInqUpdUser_DR String
	,MRADM_ConscState_DR String
	,MRADM_Progress_DR String
	,MRADM_Activity_DR String
	,MRADM_Overnight_DR String
	,MRADM_DietComments String
	,MRADM_DischPallCare_DR String
	,MRADM_DischBedMobility_DR String
	,MRADM_DischToileting_DR String
	,MRADM_DischTransfer_DR String
	,MRADM_DischEating_DR String
	,MRADM_DischRUGTotal String
	,MRADM_ICUHours String
	,MRADM_CCUHours String
	,MRADM_CPAPHours String
	,MRADM_DischReasonBedUnAvail_DR String
	,MRADM_PatInqUpdateTime String
	,MRADM_CodingUpdateDate String
	,MRADM_CodingUpdateTime String
	,MRADM_CodingUpdateUser_DR String
	,MRADM_PRS2Status String
	,MRADM_InlierEquivalence String
	,MRADM_BaseWIES String
	,MRADM_ATISWIES String
	,MRADM_TotalWIESScore String
	,MRADM_TotalWIESPrice String
	,MRADM_HighOutlierDays String
	,MRADM_CodingUpdateHospital_DR String
	,MRADM_PatInqUpdUserHosp_DR String
	,MRADM_WorkingDiagnosis_DR String
	,MRADM_OtherConditions_DR String
	,MRADM_IVTherapy_DR String
	,MRADM_Ventilation_DR String
	,MRADM_Isolation_DR String
	,MRADM_DrainTubes_DR String
	,MRADM_PatCondDate String
	,MRADM_PatCondTime String
	,MRADM_ProgressDate String
	,MRADM_ProgressTime String
	,MRADM_VisitHrFrom String
	,MRADM_VisitHrTo String
	,MRADM_RestPeriodFrom String
	,MRADM_RestPeriodTo String
	,MRADM_UnplanReadmission_DR String
	,MRADM_PCCL String
	,MRADM_PMUpdateDate String
	,MRADM_PMUpdateTime String
	,MRADM_PMUpdateUser_DR String
	,MRADM_PMUpdateHospital_DR String
	,MRADM_ACAS_DR String
	,MRADM_GrouperStatus_DR String
	,MRADM_MultiVisitingHoursRanges String
	,MRADM_RecordsToResubmit String
	,MRADM_GlasgowComaScore String
	,MRADM_PainScore String
	,MRADM_PainRange String
	,MRADM_NursingHours String
	,MRADM_CarePlanStartDate String
	,MRADM_CarePlanReviewDate String
	,MRADM_CarePlanEndDate String
	,MRADM_SerumCreatinine String
	,MRADM_DateSerumCreatinine String
	,MRADM_DRGGrouperVersion_DR String
)"
}

delta_sqoop() {
    echo "INGESTION_SQOOP_DIR: $INGESTION_SQOOP_DIR"
    cd $INGESTION_SQOOP_DIR
    echo "INICIANDO CARGA DELTA DA TABELA $1"
    sh sqoop_import_sandbox.sh --env sgh --mode DELTA --dias 1 --sourcetable $1 --splitby MRADM_RowId --updtcol MRADM_Date --cols "MRADM_RowId,MRADM_BPDiastolic,MRADM_BPSystolic,MRADM_Date,MRADM_Ectopic,MRADM_Objective,MRADM_PulseRate,MRADM_Resp,MRADM_Subjective,MRADM_Temp,MRADM_Time,MRADM_ADM_DR,MRADM_ConditAtDisch_DR,MRADM_DischType_DR,MRADM_OtherDischType,MRADM_InfectType_DR,MRADM_OtherInfectType,MRADM_DocDisch_DR,MRADM_NurseDisch_DR,MRADM_BloodSugarTestResult,MRADM_BloodType_DR,MRADM_HeadCircumference,MRADM_Height,MRADM_KidneyTransplant,MRADM_KidneyTranspDes,MRADM_UrineSugarTestResult,MRADM_VisionScoreLeft,MRADM_VisionScoreRight,MRADM_WaistCircumference,MRADM_Weight,MRADM_Tumor_DR,MRADM_MaterType_DR,MRADM_CeasarianSection,MRADM_TubalLigation,MRADM_NoStillBirth,MRADM_WoundType_DR,MRADM_AdmRoute_DR,MRADM_CauseOfDeath_DR,MRADM_DateProofPrinted,MRADM_SeqNo,MRADM_DateRangeFrom,MRADM_DateRangeTo,MRADM_PatCond_DR,MRADM_VisitorStatus_DR,MRADM_DRG_DR,MRADM_DRGFirstDateProcessing,MRADM_DRGLastDateProcessing,MRADM_DRGProcessTimes,MRADM_DRGTariff,MRADM_AutopsyType_DR,MRADM_RefClin_DR,MRADM_TransferMeans_DR,MRADM_Traffic_DR,MRADM_DischDestin_DR,MRADM_DischTransport_DR,MRADM_ReasonForRevFinDisch_DR,MRADM_DischClassif_DR,MRADM_MedicSuffix_DR,MRADM_AccountClass_DR,MRADM_SeparationReferral_DR,MRADM_CarerAvail_DR,MRADM_CareType_DR,MRADM_MentHealthStat_DR,MRADM_ProgrFundSource_DR,MRADM_FundingArrang_DR,MRADM_ContractType_DR,MRADM_ContractRole_DR,MRADM_ContrSpokeIdentif_DR,MRADM_IntentReadmit_DR,MRADM_ReasonCritCareTrans_DR,MRADM_OnsetDate,MRADM_AdmReadmRehab_DR,MRADM_SourceReferralPalCare_DR,MRADM_Deletion,MRADM_Resend,MRADM_SentPRS2,MRADM_DurationMechVent,MRADM_TransferDateRefCln,MRADM_NumberOfDays,MRADM_DateHeight,MRADM_DateWeight,MRADM_DRG_Weighting,MRADM_DischargeDate,MRADM_PresentComplaint,MRADM_PreHospTreatment,MRADM_GPConsent,MRADM_AmbulanceCase,MRADM_OxygenSaturation,MRADM_TransfDest_DR,MRADM_ReasonTransfer_DR,MRADM_EscortSource_DR,MRADM_ReferredTo_DR,MRADM_OtherTransferReason,MRADM_InjuryDesc,MRADM_PACSDischargeDate,MRADM_RefBookDate,MRADM_Remarks,MRADM_VisitType_DR,MRADM_TransDest2_DR,MRADM_MedicallyFit,MRADM_RingWard,MRADM_PatientRequirements,MRADM_SpecialInstr,MRADM_TakingCalls,MRADM_PatInqUpdateDate,MRADM_PatInqUpdUser_DR,MRADM_ConscState_DR,MRADM_Progress_DR,MRADM_Activity_DR,MRADM_Overnight_DR,MRADM_DietComments,MRADM_DischPallCare_DR,MRADM_DischBedMobility_DR,MRADM_DischToileting_DR,MRADM_DischTransfer_DR,MRADM_DischEating_DR,MRADM_DischRUGTotal,MRADM_ICUHours,MRADM_CCUHours,MRADM_CPAPHours,MRADM_DischReasonBedUnAvail_DR,MRADM_PatInqUpdateTime,MRADM_CodingUpdateDate,MRADM_CodingUpdateTime,MRADM_CodingUpdateUser_DR,MRADM_PRS2Status,MRADM_InlierEquivalence,MRADM_BaseWIES,MRADM_ATISWIES,MRADM_TotalWIESScore,MRADM_TotalWIESPrice,MRADM_HighOutlierDays,MRADM_CodingUpdateHospital_DR,MRADM_PatInqUpdUserHosp_DR,MRADM_WorkingDiagnosis_DR,MRADM_OtherConditions_DR,MRADM_IVTherapy_DR,MRADM_Ventilation_DR,MRADM_Isolation_DR,MRADM_DrainTubes_DR,MRADM_PatCondDate,MRADM_PatCondTime,MRADM_ProgressDate,MRADM_ProgressTime,MRADM_VisitHrFrom,MRADM_VisitHrTo,MRADM_RestPeriodFrom,MRADM_RestPeriodTo,MRADM_UnplanReadmission_DR,MRADM_PCCL,MRADM_PMUpdateDate,MRADM_PMUpdateTime,MRADM_PMUpdateUser_DR,MRADM_PMUpdateHospital_DR,MRADM_ACAS_DR,MRADM_GrouperStatus_DR,MRADM_MultiVisitingHoursRanges,MRADM_RecordsToResubmit,MRADM_GlasgowComaScore,MRADM_PainScore,MRADM_PainRange,MRADM_NursingHours,MRADM_CarePlanStartDate,MRADM_CarePlanReviewDate,MRADM_CarePlanEndDate,MRADM_SerumCreatinine,MRADM_DateSerumCreatinine,MRADM_DRGGrouperVersion_DR" --extraoptions "--map-column-java MRADM_RowId=String,MRADM_BPDiastolic=String,MRADM_BPSystolic=String,MRADM_Date=String,MRADM_Ectopic=String,MRADM_Objective=String,MRADM_PulseRate=String,MRADM_Resp=String,MRADM_Subjective=String,MRADM_Temp=String,MRADM_Time=String,MRADM_ADM_DR=String,MRADM_ConditAtDisch_DR=String,MRADM_DischType_DR=String,MRADM_OtherDischType=String,MRADM_InfectType_DR=String,MRADM_OtherInfectType=String,MRADM_DocDisch_DR=String,MRADM_NurseDisch_DR=String,MRADM_BloodSugarTestResult=String,MRADM_BloodType_DR=String,MRADM_HeadCircumference=String,MRADM_Height=String,MRADM_KidneyTransplant=String,MRADM_KidneyTranspDes=String,MRADM_UrineSugarTestResult=String,MRADM_VisionScoreLeft=String,MRADM_VisionScoreRight=String,MRADM_WaistCircumference=String,MRADM_Weight=String,MRADM_Tumor_DR=String,MRADM_MaterType_DR=String,MRADM_CeasarianSection=String,MRADM_TubalLigation=String,MRADM_NoStillBirth=String,MRADM_WoundType_DR=String,MRADM_AdmRoute_DR=String,MRADM_CauseOfDeath_DR=String,MRADM_DateProofPrinted=String,MRADM_SeqNo=String,MRADM_DateRangeFrom=String,MRADM_DateRangeTo=String,MRADM_PatCond_DR=String,MRADM_VisitorStatus_DR=String,MRADM_DRG_DR=String,MRADM_DRGFirstDateProcessing=String,MRADM_DRGLastDateProcessing=String,MRADM_DRGProcessTimes=String,MRADM_DRGTariff=String,MRADM_AutopsyType_DR=String,MRADM_RefClin_DR=String,MRADM_TransferMeans_DR=String,MRADM_Traffic_DR=String,MRADM_DischDestin_DR=String,MRADM_DischTransport_DR=String,MRADM_ReasonForRevFinDisch_DR=String,MRADM_DischClassif_DR=String,MRADM_MedicSuffix_DR=String,MRADM_AccountClass_DR=String,MRADM_SeparationReferral_DR=String,MRADM_CarerAvail_DR=String,MRADM_CareType_DR=String,MRADM_MentHealthStat_DR=String,MRADM_ProgrFundSource_DR=String,MRADM_FundingArrang_DR=String,MRADM_ContractType_DR=String,MRADM_ContractRole_DR=String,MRADM_ContrSpokeIdentif_DR=String,MRADM_IntentReadmit_DR=String,MRADM_ReasonCritCareTrans_DR=String,MRADM_OnsetDate=String,MRADM_AdmReadmRehab_DR=String,MRADM_SourceReferralPalCare_DR=String,MRADM_Deletion=String,MRADM_Resend=String,MRADM_SentPRS2=String,MRADM_DurationMechVent=String,MRADM_TransferDateRefCln=String,MRADM_NumberOfDays=String,MRADM_DateHeight=String,MRADM_DateWeight=String,MRADM_DRG_Weighting=String,MRADM_DischargeDate=String,MRADM_PresentComplaint=String,MRADM_PreHospTreatment=String,MRADM_GPConsent=String,MRADM_AmbulanceCase=String,MRADM_OxygenSaturation=String,MRADM_TransfDest_DR=String,MRADM_ReasonTransfer_DR=String,MRADM_EscortSource_DR=String,MRADM_ReferredTo_DR=String,MRADM_OtherTransferReason=String,MRADM_InjuryDesc=String,MRADM_PACSDischargeDate=String,MRADM_RefBookDate=String,MRADM_Remarks=String,MRADM_VisitType_DR=String,MRADM_TransDest2_DR=String,MRADM_MedicallyFit=String,MRADM_RingWard=String,MRADM_PatientRequirements=String,MRADM_SpecialInstr=String,MRADM_TakingCalls=String,MRADM_PatInqUpdateDate=String,MRADM_PatInqUpdUser_DR=String,MRADM_ConscState_DR=String,MRADM_Progress_DR=String,MRADM_Activity_DR=String,MRADM_Overnight_DR=String,MRADM_DietComments=String,MRADM_DischPallCare_DR=String,MRADM_DischBedMobility_DR=String,MRADM_DischToileting_DR=String,MRADM_DischTransfer_DR=String,MRADM_DischEating_DR=String,MRADM_DischRUGTotal=String,MRADM_ICUHours=String,MRADM_CCUHours=String,MRADM_CPAPHours=String,MRADM_DischReasonBedUnAvail_DR=String,MRADM_PatInqUpdateTime=String,MRADM_CodingUpdateDate=String,MRADM_CodingUpdateTime=String,MRADM_CodingUpdateUser_DR=String,MRADM_PRS2Status=String,MRADM_InlierEquivalence=String,MRADM_BaseWIES=String,MRADM_ATISWIES=String,MRADM_TotalWIESScore=String,MRADM_TotalWIESPrice=String,MRADM_HighOutlierDays=String,MRADM_CodingUpdateHospital_DR=String,MRADM_PatInqUpdUserHosp_DR=String,MRADM_WorkingDiagnosis_DR=String,MRADM_OtherConditions_DR=String,MRADM_IVTherapy_DR=String,MRADM_Ventilation_DR=String,MRADM_Isolation_DR=String,MRADM_DrainTubes_DR=String,MRADM_PatCondDate=String,MRADM_PatCondTime=String,MRADM_ProgressDate=String,MRADM_ProgressTime=String,MRADM_VisitHrFrom=String,MRADM_VisitHrTo=String,MRADM_RestPeriodFrom=String,MRADM_RestPeriodTo=String,MRADM_UnplanReadmission_DR=String,MRADM_PCCL=String,MRADM_PMUpdateDate=String,MRADM_PMUpdateTime=String,MRADM_PMUpdateUser_DR=String,MRADM_PMUpdateHospital_DR=String,MRADM_ACAS_DR=String,MRADM_GrouperStatus_DR=String,MRADM_MultiVisitingHoursRanges=String,MRADM_RecordsToResubmit=String,MRADM_GlasgowComaScore=String,MRADM_PainScore=String,MRADM_PainRange=String,MRADM_NursingHours=String,MRADM_CarePlanStartDate=String,MRADM_CarePlanReviewDate=String,MRADM_CarePlanEndDate=String,MRADM_SerumCreatinine=String,MRADM_DateSerumCreatinine=String,MRADM_DRGGrouperVersion_DR=String --driver com.intersys.jdbc.CacheDriver"
}

delta_tz() {
    cd $SCRIPTS_DIR/work-hiae
    sh pyspark_submit_merge_delta.sh stage-$1-delta MRADM_RowId MRADM_Date stg_sgh.$1 4 3 30g sgh
}

drop_tmp() {
    hive -e "drop table if exists stg_sgh.$1_tmp"
    hive -e "drop table if exists stg_sgh.$1_delta"
}

drop_table() {
    hive -e "drop table if exists stg_sgh.$1"
}

#cria_delta && delta_sqoop MR_Adm && delta_tz MR_Adm && drop_tmp MR_Adm && echo "carga delta finalizada com sucesso" || exit 1
echo "#CRIA DELTA#" && cria_delta echo "#DELTA SQOOP#" && delta_sqoop MR_Adm echo "#DELTA TZ#" && delta_tz MR_Adm echo "#DROP TMP#" && drop_tmp MR_Adm && echo "carga delta finalizada com sucesso" || exit 1]]></script>
        <scriptargs>MR_Adm</scriptargs>
      </command>
      <command>
        <description>CARGA Delta TABELA MR_Diagnos</description>
        <script><![CDATA[cd $SCRIPTS_DIR/ingestions/sqoop/

cria_delta(){
	hive -e "create table if not exists stg_sgh.MR_Diagnos_delta(
	MRDIA_MRADM_ParRef String
	,MRDIA_RowId INT
	,MRDIA_Childsub String
	,MRDIA_ICDCode_DR String
	,MRDIA_DateDetect String
	,MRDIA_ICDStatus_DR String
	,MRDIA_WorkRelated String
	,MRDIA_DocCode_DR String
	,MRDIA_ICDSup_DR String
	,MRDIA_Desc String
	,MRDIA_Date String
	,MRDIA_Time String
	,MRDIA_DiagStat_DR String
	,MRDIA_SignSym_DR String
	,MRDIA_DRGOrder String
	,MRDIA_UpdateUser_DR String
	,MRDIA_DiagnosisGroup1_DR String
	,MRDIA_DiagnosisGroup2_DR String
	,MRDIA_StageClas_DR String
	,MRDIA_Tumour_DR String
	,MRDIA_LymphNode_DR String
	,MRDIA_DistalMet_DR String
	,MRDIA_VenInvasion_DR String
	,MRDIA_LymphInvas_DR String
	,MRDIA_MalGrade_DR String
	,MRDIA_ResTum_DR String
	,MRDIA_Stages_DR String
	,MRDIA_TumourSize String
	,MRDIA_TumourNotes String
	,MRDIA_MRDIA_DR String
	,MRDIA_DaggerAster String
	,MRDIA_FirstInset String
	,MRDIA_Prefix String
	,MRDIA_MappedICD_DR String
	,MRDIA_ContractFlag_DR String
	,MRDIA_UpdateHospital_DR String
	,MRDIA_UpdateDate String
	,MRDIA_UpdateTime String
	,MRDIA_TumourUpdateDate String
	,MRDIA_TumourUpdateTime String
	,MRDIA_TumourUpdateUser_DR String
	,MRDIA_TumourUpdateHospitalDR String
	,MRDIA_UserCreated_DR String
	,MRDIA_DeletionReason_DR String
	,MRDIA_PrimaryTumourSite_DR String
	,MRDIA_Questionnaire String
	,MRDIA_AliasDiagText String
	,MRDIA_AccidentDate String
	,MRDIA_DSReportFlag String
	,MRDIA_RiskEvaluation_DR String
	,MRDIA_DateDiagnosisIdentif String
	,MRDIA_Consult_DR String
	,MRDIA_BodySite_DR String
	,MRDIA_Laterality_DR String
	,MRDIA_Severity_DR String
	,MRDIA_DurationNum String
	,MRDIA_DurationUnit String
	,MRDIA_Active String
	,MRDIA_OnsetDate String
	,MRDIA_OnsetTime String
	,MRDIA_EndDate String
	,MRDIA_EndTime String
	,MRDIA_TimeDiagnosisIdentif String
	,MRDIA_Approximate String
	,MRDIA_ExternalId String
	,MRDIA_ErrorReason_DR String
	,MRDIA_Suspicion String
	,MRDIA_LinkedExternalId String
	,MRDIA_AdditionalDignosis String
)"
}

delta_sqoop() {
    echo "INGESTION_SQOOP_DIR: $INGESTION_SQOOP_DIR"
    cd $INGESTION_SQOOP_DIR
    echo "INICIANDO CARGA DELTA DA TABELA $1"
    sh sqoop_import.sh --env sgh --mode DELTA --dias 1 --sourcetable $1 --splitby MRDIA_RowId --updtcol MRDIA_OnsetDate --cols "MRDIA_MRADM_ParRef,MRDIA_RowId,MRDIA_Childsub,MRDIA_ICDCode_DR,MRDIA_DateDetect,MRDIA_ICDStatus_DR,MRDIA_WorkRelated,MRDIA_DocCode_DR,MRDIA_ICDSup_DR,MRDIA_Desc,MRDIA_Date,MRDIA_Time,MRDIA_DiagStat_DR,MRDIA_SignSym_DR,MRDIA_DRGOrder,MRDIA_UpdateUser_DR,MRDIA_DiagnosisGroup1_DR,MRDIA_DiagnosisGroup2_DR,MRDIA_StageClas_DR,MRDIA_Tumour_DR,MRDIA_LymphNode_DR,MRDIA_DistalMet_DR,MRDIA_VenInvasion_DR,MRDIA_LymphInvas_DR,MRDIA_MalGrade_DR,MRDIA_ResTum_DR,MRDIA_Stages_DR,MRDIA_TumourSize,MRDIA_TumourNotes,MRDIA_MRDIA_DR,MRDIA_DaggerAster,MRDIA_FirstInset,MRDIA_Prefix,MRDIA_MappedICD_DR,MRDIA_ContractFlag_DR,MRDIA_UpdateHospital_DR,MRDIA_UpdateDate,MRDIA_UpdateTime,MRDIA_TumourUpdateDate,MRDIA_TumourUpdateTime,MRDIA_TumourUpdateUser_DR,MRDIA_TumourUpdateHospitalDR,MRDIA_UserCreated_DR,MRDIA_DeletionReason_DR,MRDIA_PrimaryTumourSite_DR,MRDIA_Questionnaire,MRDIA_AliasDiagText,MRDIA_AccidentDate,MRDIA_DSReportFlag,MRDIA_RiskEvaluation_DR,MRDIA_DateDiagnosisIdentif,MRDIA_Consult_DR,MRDIA_BodySite_DR,MRDIA_Laterality_DR,MRDIA_Severity_DR,MRDIA_DurationNum,MRDIA_DurationUnit,MRDIA_Active,MRDIA_OnsetDate,MRDIA_OnsetTime,MRDIA_EndDate,MRDIA_EndTime,MRDIA_TimeDiagnosisIdentif,MRDIA_Approximate,MRDIA_ExternalId,MRDIA_ErrorReason_DR,MRDIA_Suspicion,MRDIA_LinkedExternalId,MRDIA_AdditionalDignosis" --extraoptions "--map-column-java MRDIA_MRADM_ParRef=String,MRDIA_RowId=Int,MRDIA_Childsub=String,MRDIA_ICDCode_DR=String,MRDIA_DateDetect=String,MRDIA_ICDStatus_DR=String,MRDIA_WorkRelated=String,MRDIA_DocCode_DR=String,MRDIA_ICDSup_DR=String,MRDIA_Desc=String,MRDIA_Date=String,MRDIA_Time=String,MRDIA_DiagStat_DR=String,MRDIA_SignSym_DR=String,MRDIA_DRGOrder=String,MRDIA_UpdateUser_DR=String,MRDIA_DiagnosisGroup1_DR=String,MRDIA_DiagnosisGroup2_DR=String,MRDIA_StageClas_DR=String,MRDIA_Tumour_DR=String,MRDIA_LymphNode_DR=String,MRDIA_DistalMet_DR=String,MRDIA_VenInvasion_DR=String,MRDIA_LymphInvas_DR=String,MRDIA_MalGrade_DR=String,MRDIA_ResTum_DR=String,MRDIA_Stages_DR=String,MRDIA_TumourSize=String,MRDIA_TumourNotes=String,MRDIA_MRDIA_DR=String,MRDIA_DaggerAster=String,MRDIA_FirstInset=String,MRDIA_Prefix=String,MRDIA_MappedICD_DR=String,MRDIA_ContractFlag_DR=String,MRDIA_UpdateHospital_DR=String,MRDIA_UpdateDate=String,MRDIA_UpdateTime=String,MRDIA_TumourUpdateDate=String,MRDIA_TumourUpdateTime=String,MRDIA_TumourUpdateUser_DR=String,MRDIA_TumourUpdateHospitalDR=String,MRDIA_UserCreated_DR=String,MRDIA_DeletionReason_DR=String,MRDIA_PrimaryTumourSite_DR=String,MRDIA_Questionnaire=String,MRDIA_AliasDiagText=String,MRDIA_AccidentDate=String,MRDIA_DSReportFlag=String,MRDIA_RiskEvaluation_DR=String,MRDIA_DateDiagnosisIdentif=String,MRDIA_Consult_DR=String,MRDIA_BodySite_DR=String,MRDIA_Laterality_DR=String,MRDIA_Severity_DR=String,MRDIA_DurationNum=String,MRDIA_DurationUnit=String,MRDIA_Active=String,MRDIA_OnsetDate=String,MRDIA_OnsetTime=String,MRDIA_EndDate=String,MRDIA_EndTime=String,MRDIA_TimeDiagnosisIdentif=String,MRDIA_Approximate=String,MRDIA_ExternalId=String,MRDIA_ErrorReason_DR=String,MRDIA_Suspicion=String,MRDIA_LinkedExternalId=String,MRDIA_AdditionalDignosis=String --driver com.intersys.jdbc.CacheDriver"
}

delta_tz() {
    cd $SCRIPTS_DIR/work-hiae
    sh pyspark_submit_merge_delta.sh stage-$1-delta MRDIA_RowId MRDIA_OnsetDate stg_sgh.$1 4 3 30g sgh
}

drop_tmp() {
    hive -e "drop table if exists stg_sgh.$1_tmp"
    hive -e "drop table if exists stg_sgh.$1_delta"
}

drop_table() {
    hive -e "drop table if exists stg_sgh.$1"
}

#cria_delta && delta_sqoop MR_Diagnos && delta_tz MR_Diagnos && drop_tmp MR_Diagnos && echo "carga delta finalizada com sucesso" || exit 1]]></script>
        <scriptargs>MR_Diagnos</scriptargs>
      </command>
      <command>
        <description>CARGA Delta TABELA MRC_ICDDx</description>
        <script><![CDATA[cd $SCRIPTS_DIR/ingestions/sqoop/

cria_delta(){
	hive -e "create table if not exists stg_sgh.MRC_ICDDx_delta(
	MRCID_RowId String
	,MRCID_Code String
	,MRCID_Desc String
	,MRCID_ShortDesc String
	,MRCID_InsDesc String
	,MRCID_ICD9CM_Code String
	,MRCID_MaxWaitPeriod String
	,MRCID_DateActiveFrom String
	,MRCID_DateActiveTo String
	,MRCID_AgeFrom String
	,MRCID_AgeTo String
	,MRCID_Sex_DR String
	,MRCID_Billsub1_DR String
	,MRCID_Billsub2_DR String
	,MRCID_BillFlag1 String
	,MRCID_BillFlag2 String
	,MRCID_BillFlag3 String
	,MRCID_PayorGroup_DR String
	,MRCID_SeriousDis String
	,MRCID_BodySysProbStat_DR String
	,MRCID_BodyArea_DR String
	,MRCID_Age2From String
	,MRCID_Age2To String
	,MRCID_AgeCheckType String
	,MRCID_SexCheckType String
	,MRCID_Age2CheckType String
	,MRCID_ExternalCause String
	,MRCID_UnacceptablePDx String
	,MRCID_Valid String
	,MRCID_SexCheckTypeDR String
	,MRCID_AgeCheckType1DR String
	,MRCID_AgeCheckType2_DR String
	,MRCID_AreaCodeRestraintDR String
	,MRCID_DaggerNAsteriskEditDR String
	,MRCID_AdditionalCodeREqDR String
	,MRCID_CodingPracticesDR String
	,MRCID_ICD9_Map String
	,MRCID_LongDescription String
	,MRCID_AlternateDesc String
	,MRCID_MorphologyCode String
	,MRCID_Cancer String
	,MRCID_MetastaticSite String
	,MRCID_InjuryPoisoningCode String
	,MRCID_ValidMCodeExt String
	,MRCID_2ndCodeInPair String
	,MRCID_AllowToDuplicate String
	,MRCID_DiagGroup1_DR String
	,MRCID_GenerateGES String
	,MRCID_EpisodeType String 
)"
}

delta_sqoop() {
    echo "INGESTION_SQOOP_DIR: $INGESTION_SQOOP_DIR"
    cd $INGESTION_SQOOP_DIR
    echo "INICIANDO CARGA DELTA DA TABELA $1"
    sh sqoop_import.sh --env sgh --mode DELTA --dias 1 --sourcetable $1 --splitby MRCID_RowId --updtcol MRCID_DateActiveFrom --cols "MRCID_RowId,MRCID_Code,MRCID_Desc,MRCID_ShortDesc,MRCID_InsDesc,MRCID_ICD9CM_Code,MRCID_MaxWaitPeriod,MRCID_DateActiveFrom,MRCID_DateActiveTo,MRCID_AgeFrom,MRCID_AgeTo,MRCID_Sex_DR,MRCID_Billsub1_DR,MRCID_Billsub2_DR,MRCID_BillFlag1,MRCID_BillFlag2,MRCID_BillFlag3,MRCID_PayorGroup_DR,MRCID_SeriousDis,MRCID_BodySysProbStat_DR,MRCID_BodyArea_DR,MRCID_Age2From,MRCID_Age2To,MRCID_AgeCheckType,MRCID_SexCheckType,MRCID_Age2CheckType,MRCID_ExternalCause,MRCID_UnacceptablePDx,MRCID_Valid,MRCID_SexCheckTypeDR,MRCID_AgeCheckType1DR,MRCID_AgeCheckType2_DR,MRCID_AreaCodeRestraintDR,MRCID_DaggerNAsteriskEditDR,MRCID_AdditionalCodeREqDR,MRCID_CodingPracticesDR,MRCID_ICD9_Map,MRCID_LongDescription,MRCID_AlternateDesc,MRCID_MorphologyCode,MRCID_Cancer,MRCID_MetastaticSite,MRCID_InjuryPoisoningCode,MRCID_ValidMCodeExt,MRCID_2ndCodeInPair,MRCID_AllowToDuplicate,MRCID_DiagGroup1_DR,MRCID_GenerateGES,MRCID_EpisodeType" --extraoptions "--map-column-java MRCID_RowId=String,MRCID_Code=String,MRCID_Desc=String,MRCID_ShortDesc=String,MRCID_InsDesc=String,MRCID_ICD9CM_Code=String,MRCID_MaxWaitPeriod=String,MRCID_DateActiveFrom=String,MRCID_DateActiveTo=String,MRCID_AgeFrom=String,MRCID_AgeTo=String,MRCID_Sex_DR=String,MRCID_Billsub1_DR=String,MRCID_Billsub2_DR=String,MRCID_BillFlag1=String,MRCID_BillFlag2=String,MRCID_BillFlag3=String,MRCID_PayorGroup_DR=String,MRCID_SeriousDis=String,MRCID_BodySysProbStat_DR=String,MRCID_BodyArea_DR=String,MRCID_Age2From=String,MRCID_Age2To=String,MRCID_AgeCheckType=String,MRCID_SexCheckType=String,MRCID_Age2CheckType=String,MRCID_ExternalCause=String,MRCID_UnacceptablePDx=String,MRCID_Valid=String,MRCID_SexCheckTypeDR=String,MRCID_AgeCheckType1DR=String,MRCID_AgeCheckType2_DR=String,MRCID_AreaCodeRestraintDR=String,MRCID_DaggerNAsteriskEditDR=String,MRCID_AdditionalCodeREqDR=String,MRCID_CodingPracticesDR=String,MRCID_ICD9_Map=String,MRCID_LongDescription=String,MRCID_AlternateDesc=String,MRCID_MorphologyCode=String,MRCID_Cancer=String,MRCID_MetastaticSite=String,MRCID_InjuryPoisoningCode=String,MRCID_ValidMCodeExt=String,MRCID_2ndCodeInPair=String,MRCID_AllowToDuplicate=String,MRCID_DiagGroup1_DR=String,MRCID_GenerateGES=String,MRCID_EpisodeType=String --driver com.intersys.jdbc.CacheDriver"
}

delta_tz() {
    cd $SCRIPTS_DIR/work-hiae
    sh pyspark_submit_merge_delta.sh stage-$1-delta MRCID_RowId MRCID_DateActiveFrom stg_sgh.$1 4 3 30g sgh
}

drop_tmp() {
    hive -e "drop table if exists stg_sgh.$1_tmp"
    hive -e "drop table if exists stg_sgh.$1_delta"
}

drop_table() {
    hive -e "drop table if exists stg_sgh.$1"
}

#cria_delta && delta_sqoop MRC_ICDDx && delta_tz MRC_ICDDx && drop_tmp MRC_ICDDx && echo "carga delta finalizada com sucesso" || exit 1]]></script>
        <scriptargs>MRC_ICDDx</scriptargs>
      </command>
      <command>
        <description>CARGA Delta TABELA PA_ADM</description>
        <script><![CDATA[cd $SCRIPTS_DIR/ingestions/sqoop/

delta_sqoop() {
    echo "INGESTION_SQOOP_DIR: $INGESTION_SQOOP_DIR"
    cd $INGESTION_SQOOP_DIR
    echo "INICIANDO CARGA DELTA DA TABELA $1"
    sh sqoop_import_sandbox.sh --env sgh_sandbox --mode DELTA --dias 1 --sourcetable $1 --splitby PAADM_RowID --updtcol PAADM_AdmDate --cols "PAADM_RowID,PAADM_AdmDate,PAADM_ADMNo,PAADM_PAPMI_DR,PAADM_CreateDate,PAADM_CreateTime,PAADM_MainMRADM_DR,PAADM_DischgDate,PAADM_DischgTime" --extraoptions "--map-column-java PAADM_RowID=Long,PAADM_AdmDate=String,PAADM_ADMNo=String,PAADM_PAPMI_DR=String,PAADM_CreateDate=String,PAADM_CreateTime=String,PAADM_MainMRADM_DR=String,PAADM_DischgDate=String,PAADM_DischgTime=String --driver com.intersys.jdbc.CacheDriver"
}

delta_tz() {
    cd $SCRIPTS_DIR/work-hiae
    sh pyspark_submit_merge_delta.sh stage-$1-delta PAADM_RowID PAADM_AdmDate sandbox_eng_dados.$1 4 3 30g sgh_sandbox
}

drop_tmp() {
    hive -e "drop table if exists sandbox_eng_dados.$1_tmp"
    hive -e "drop table if exists sandbox_eng_dados.$1_delta"
}

drop_table() {
    hive -e "drop table if exists sandbox_eng_dados.$1"
}

delta_sqoop PA_ADM && delta_tz PA_ADM && drop_tmp PA_ADM && echo "carga delta finalizada com sucesso" || exit 1]]></script>
        <scriptargs>PA_ADM</scriptargs>
      </command>
      <command>
        <jobref group='UTILS' name='INVALIDATE METADATA' nodeStep='true'>
          <useName>true</useName>
          <uuid>ef4a138e-bc70-45dd-b015-b02cd352156b</uuid>
        </jobref>
      </command>
    </sequence>
    <uuid>56b136d6-eae1-412a-ba0e-a2e3d3ce6fa6</uuid>
  </job>
</joblist>