<joblist>
  <job>
    <defaultTab>nodes</defaultTab>
    <description>Ingest�o da tabela PROCEDURE</description>
    <dispatch>
      <excludePrecedence>true</excludePrecedence>
      <keepgoing>false</keepgoing>
      <rankOrder>ascending</rankOrder>
      <successOnEmptyNodeFilter>false</successOnEmptyNodeFilter>
      <threadcount>1</threadcount>
    </dispatch>
    <executionEnabled>true</executionEnabled>
    <group>STG_MILLENNIUM - Modularizado/STAGE 15</group>
    <id>32168e0f-b2e1-45f0-84ba-e174a59e33a4</id>
    <loglevel>INFO</loglevel>
    <name>001 - PROCEDURE</name>
    <nodeFilterEditable>false</nodeFilterEditable>
    <nodefilters>
      <filter>lpfbigdap02*</filter>
    </nodefilters>
    <nodesSelectedByDefault>true</nodesSelectedByDefault>
    <scheduleEnabled>true</scheduleEnabled>
    <sequence keepgoing='false' strategy='node-first'>
      <command>
        <description>PROCEDURE</description>
        <script><![CDATA[cd $SCRIPTS_DIR/ingestions/
#sh ingestion.sh --env millennium --sourcetable $1 --all 1
sh ingestion-new.sh --env millennium --sourcetable procedure --all 1]]></script>
        <scriptargs>PROCEDURE</scriptargs>
      </command>
    </sequence>
    <uuid>32168e0f-b2e1-45f0-84ba-e174a59e33a4</uuid>
  </job>
</joblist>