<joblist>
  <job>
    <defaultTab>nodes</defaultTab>
    <description>Ingest�o da tabela ORDER_INGREDIENT_DOSE</description>
    <dispatch>
      <excludePrecedence>true</excludePrecedence>
      <keepgoing>false</keepgoing>
      <rankOrder>ascending</rankOrder>
      <successOnEmptyNodeFilter>false</successOnEmptyNodeFilter>
      <threadcount>1</threadcount>
    </dispatch>
    <executionEnabled>false</executionEnabled>
    <group>STG_MILLENNIUM - Modularizado/STAGE 15</group>
    <id>aaa419b2-cc60-4550-91d4-61cefbf80f4c</id>
    <loglevel>INFO</loglevel>
    <name>[VAZIA] - 003 - ORDER_INGREDIENT_DOSE</name>
    <nodeFilterEditable>false</nodeFilterEditable>
    <nodefilters>
      <filter>lpfbigdap02*</filter>
    </nodefilters>
    <nodesSelectedByDefault>true</nodesSelectedByDefault>
    <scheduleEnabled>true</scheduleEnabled>
    <sequence keepgoing='false' strategy='node-first'>
      <command>
        <description>ORDER_INGREDIENT_DOSE</description>
        <script><![CDATA[cd $SCRIPTS_DIR/ingestions/
#sh ingestion.sh --env millennium --sourcetable $1 --all 1
sh ingestion-new.sh --env millennium --sourcetable $1 --all 1]]></script>
        <scriptargs>ORDER_INGREDIENT_DOSE</scriptargs>
      </command>
    </sequence>
    <uuid>aaa419b2-cc60-4550-91d4-61cefbf80f4c</uuid>
  </job>
</joblist>