<joblist>
  <job>
    <defaultTab>nodes</defaultTab>
    <description>Ingest�o da tabela ITEM_DEFINITION</description>
    <dispatch>
      <excludePrecedence>true</excludePrecedence>
      <keepgoing>false</keepgoing>
      <rankOrder>ascending</rankOrder>
      <successOnEmptyNodeFilter>false</successOnEmptyNodeFilter>
      <threadcount>1</threadcount>
    </dispatch>
    <executionEnabled>true</executionEnabled>
    <group>STG_MILLENNIUM - Modularizado/STAGE 15</group>
    <id>d0110c93-e1d2-4887-8c3b-5c7d056dcc93</id>
    <loglevel>INFO</loglevel>
    <name>005 - ITEM_DEFINITION</name>
    <nodeFilterEditable>false</nodeFilterEditable>
    <nodefilters>
      <filter>lpfbigdap02*</filter>
    </nodefilters>
    <nodesSelectedByDefault>true</nodesSelectedByDefault>
    <scheduleEnabled>true</scheduleEnabled>
    <sequence keepgoing='false' strategy='node-first'>
      <command>
        <description>ITEM_DEFINITION</description>
        <script><![CDATA[cd $SCRIPTS_DIR/ingestions/
#sh ingestion.sh --env millennium --sourcetable $1 --all 1
sh ingestion-new.sh --env millennium --sourcetable $1 --all 1]]></script>
        <scriptargs>ITEM_DEFINITION</scriptargs>
      </command>
    </sequence>
    <uuid>d0110c93-e1d2-4887-8c3b-5c7d056dcc93</uuid>
  </job>
</joblist>