<joblist>
  <job>
    <defaultTab>nodes</defaultTab>
    <description>Ingest�o da IO_DEVICE_INTERRUPT</description>
    <dispatch>
      <excludePrecedence>true</excludePrecedence>
      <keepgoing>false</keepgoing>
      <rankOrder>ascending</rankOrder>
      <successOnEmptyNodeFilter>false</successOnEmptyNodeFilter>
      <threadcount>1</threadcount>
    </dispatch>
    <executionEnabled>true</executionEnabled>
    <group>STG_MILLENNIUM - Modularizado/STAGE 16</group>
    <id>14171451-b163-444c-8204-a8b12eead578</id>
    <loglevel>INFO</loglevel>
    <name>003 - IO_DEVICE_INTERRUPT</name>
    <nodeFilterEditable>false</nodeFilterEditable>
    <nodefilters>
      <filter>lpfbigdap02*</filter>
    </nodefilters>
    <nodesSelectedByDefault>true</nodesSelectedByDefault>
    <scheduleEnabled>true</scheduleEnabled>
    <sequence keepgoing='false' strategy='node-first'>
      <command>
        <description>IO_DEVICE_INTERRUPT</description>
        <script><![CDATA[cd $SCRIPTS_DIR/ingestions/
sh ingestion-new.sh --env millennium --sourcetable $1 --all 1]]></script>
        <scriptargs>io_device_interrupt</scriptargs>
      </command>
    </sequence>
    <uuid>14171451-b163-444c-8204-a8b12eead578</uuid>
  </job>
</joblist>