<joblist>
  <job>
    <defaultTab>nodes</defaultTab>
    <description>Ingest�o da IO_TOTAL_START_TIME</description>
    <dispatch>
      <excludePrecedence>true</excludePrecedence>
      <keepgoing>false</keepgoing>
      <rankOrder>ascending</rankOrder>
      <successOnEmptyNodeFilter>false</successOnEmptyNodeFilter>
      <threadcount>1</threadcount>
    </dispatch>
    <executionEnabled>true</executionEnabled>
    <group>STG_MILLENNIUM - Modularizado/STAGE 16</group>
    <id>71f7cfcf-52d2-4902-840f-438df81bcd02</id>
    <loglevel>INFO</loglevel>
    <name>006 - IO_TOTAL_START_TIME</name>
    <nodeFilterEditable>false</nodeFilterEditable>
    <nodefilters>
      <filter>lpfbigdap02*</filter>
    </nodefilters>
    <nodesSelectedByDefault>true</nodesSelectedByDefault>
    <scheduleEnabled>true</scheduleEnabled>
    <sequence keepgoing='false' strategy='node-first'>
      <command>
        <description>IO_TOTAL_START_TIME</description>
        <script><![CDATA[cd $SCRIPTS_DIR/ingestions/
sh ingestion-new.sh --env millennium --sourcetable $1 --all 1]]></script>
        <scriptargs>io_total_start_time</scriptargs>
      </command>
    </sequence>
    <uuid>71f7cfcf-52d2-4902-840f-438df81bcd02</uuid>
  </job>
</joblist>