<joblist>
  <job>
    <defaultTab>nodes</defaultTab>
    <description>Ingest�o da IO_TOTAL_DEFINITION</description>
    <dispatch>
      <excludePrecedence>true</excludePrecedence>
      <keepgoing>false</keepgoing>
      <rankOrder>ascending</rankOrder>
      <successOnEmptyNodeFilter>false</successOnEmptyNodeFilter>
      <threadcount>1</threadcount>
    </dispatch>
    <executionEnabled>true</executionEnabled>
    <group>STG_MILLENNIUM - Modularizado/STAGE 16</group>
    <id>891a88ea-c981-43e2-88fd-505b6b40fde9</id>
    <loglevel>INFO</loglevel>
    <name>004 - IO_TOTAL_DEFINITION</name>
    <nodeFilterEditable>false</nodeFilterEditable>
    <nodefilters>
      <filter>lpfbigdap02*</filter>
    </nodefilters>
    <nodesSelectedByDefault>true</nodesSelectedByDefault>
    <scheduleEnabled>true</scheduleEnabled>
    <sequence keepgoing='false' strategy='node-first'>
      <command>
        <description>IO_TOTAL_DEFINITION</description>
        <script><![CDATA[cd $SCRIPTS_DIR/ingestions/
sh ingestion-new.sh --env millennium --sourcetable $1 --all 1]]></script>
        <scriptargs>io_total_definition</scriptargs>
      </command>
    </sequence>
    <uuid>891a88ea-c981-43e2-88fd-505b6b40fde9</uuid>
  </job>
</joblist>