<joblist>
  <job>
    <defaultTab>nodes</defaultTab>
    <description>Ingest�o da IO_DEF_ELEMENT_RELTN</description>
    <dispatch>
      <excludePrecedence>true</excludePrecedence>
      <keepgoing>false</keepgoing>
      <rankOrder>ascending</rankOrder>
      <successOnEmptyNodeFilter>false</successOnEmptyNodeFilter>
      <threadcount>1</threadcount>
    </dispatch>
    <executionEnabled>true</executionEnabled>
    <group>STG_MILLENNIUM - Modularizado/STAGE 16</group>
    <id>95a86ef6-56fd-4358-a9b7-58d1fe3d7232</id>
    <loglevel>INFO</loglevel>
    <name>002 - IO_DEF_ELEMENT_RELTN</name>
    <nodeFilterEditable>false</nodeFilterEditable>
    <nodefilters>
      <filter>lpfbigdap02*</filter>
    </nodefilters>
    <nodesSelectedByDefault>true</nodesSelectedByDefault>
    <scheduleEnabled>true</scheduleEnabled>
    <sequence keepgoing='false' strategy='node-first'>
      <command>
        <description>IO_DEF_ELEMENT_RELTN</description>
        <script><![CDATA[cd $SCRIPTS_DIR/ingestions/
sh ingestion-new.sh --env millennium --sourcetable $1 --all 1]]></script>
        <scriptargs>io_def_element_reltn</scriptargs>
      </command>
    </sequence>
    <uuid>95a86ef6-56fd-4358-a9b7-58d1fe3d7232</uuid>
  </job>
</joblist>