<joblist>
  <job>
    <defaultTab>nodes</defaultTab>
    <description>Ingest�o da CE_IO_TOTAL_RESULT</description>
    <dispatch>
      <excludePrecedence>true</excludePrecedence>
      <keepgoing>false</keepgoing>
      <rankOrder>ascending</rankOrder>
      <successOnEmptyNodeFilter>false</successOnEmptyNodeFilter>
      <threadcount>1</threadcount>
    </dispatch>
    <executionEnabled>true</executionEnabled>
    <group>STG_MILLENNIUM - Modularizado/STAGE 16</group>
    <id>a8e1905d-a2dc-46bf-9d42-0033bb348488</id>
    <loglevel>INFO</loglevel>
    <name>007 - CE_IO_TOTAL_RESULT</name>
    <nodeFilterEditable>false</nodeFilterEditable>
    <nodefilters>
      <filter>lpfbigdap02*</filter>
    </nodefilters>
    <nodesSelectedByDefault>true</nodesSelectedByDefault>
    <scheduleEnabled>true</scheduleEnabled>
    <sequence keepgoing='false' strategy='node-first'>
      <command>
        <description>CE_IO_TOTAL_RESULT</description>
        <script><![CDATA[cd $SCRIPTS_DIR/ingestions/
sh ingestion-new.sh --env millennium --sourcetable $1 --all 1]]></script>
        <scriptargs>ce_io_total_result</scriptargs>
      </command>
    </sequence>
    <uuid>a8e1905d-a2dc-46bf-9d42-0033bb348488</uuid>
  </job>
</joblist>