<joblist>
  <job>
    <defaultTab>nodes</defaultTab>
    <description>Ingest�o tabelas IO_DEFINITION_ELEMENT</description>
    <dispatch>
      <excludePrecedence>true</excludePrecedence>
      <keepgoing>false</keepgoing>
      <rankOrder>ascending</rankOrder>
      <successOnEmptyNodeFilter>false</successOnEmptyNodeFilter>
      <threadcount>1</threadcount>
    </dispatch>
    <executionEnabled>true</executionEnabled>
    <group>STG_MILLENNIUM - Modularizado/STAGE 16</group>
    <id>bd773727-d18e-4c55-9134-064fbfad6241</id>
    <loglevel>INFO</loglevel>
    <name>001 - IO_DEFINITION_ELEMENT</name>
    <nodeFilterEditable>false</nodeFilterEditable>
    <nodefilters>
      <filter>lpfbigdap02*</filter>
    </nodefilters>
    <nodesSelectedByDefault>true</nodesSelectedByDefault>
    <scheduleEnabled>true</scheduleEnabled>
    <sequence keepgoing='false' strategy='node-first'>
      <command>
        <description>IO_DEFINITION_ELEMENT</description>
        <script><![CDATA[cd $SCRIPTS_DIR/ingestions/
sh ingestion-new.sh --env millennium --sourcetable $1 --all 1]]></script>
        <scriptargs>io_definition_element</scriptargs>
      </command>
    </sequence>
    <uuid>bd773727-d18e-4c55-9134-064fbfad6241</uuid>
  </job>
</joblist>