<joblist>
  <job>
    <defaultTab>nodes</defaultTab>
    <description>Ingest�o da tabela FREQUENCY_SCHEDULE</description>
    <dispatch>
      <excludePrecedence>true</excludePrecedence>
      <keepgoing>false</keepgoing>
      <rankOrder>ascending</rankOrder>
      <successOnEmptyNodeFilter>false</successOnEmptyNodeFilter>
      <threadcount>1</threadcount>
    </dispatch>
    <executionEnabled>true</executionEnabled>
    <group>Nova STG_MILLENNIUM - Modularizado/STAGE 02</group>
    <id>35afbd89-20b9-47e6-a7e5-64f01c86d4d8</id>
    <loglevel>INFO</loglevel>
    <name>004 - FREQUENCY_SCHEDULE</name>
    <nodeFilterEditable>false</nodeFilterEditable>
    <nodefilters>
      <filter>lpfbigdap02*</filter>
    </nodefilters>
    <nodesSelectedByDefault>true</nodesSelectedByDefault>
    <scheduleEnabled>true</scheduleEnabled>
    <sequence keepgoing='false' strategy='node-first'>
      <command>
        <description>FREQUENCY_SCHEDULE</description>
        <script><![CDATA[cd $SCRIPTS_DIR/ingestions/
sh ingestion.sh --env millennium --sourcetable $1

# # echo "INGESTION_SQOOP_DIR: $INGESTION_SQOOP_DIR"
# # cd $INGESTION_SQOOP_DIR
# # echo "INICIANDO CARGA DA TABELA $1"
# # sh sqoop_import.sh --env millennium --sourcetable $1 --extraoptions "--map-column-java FREQUENCY_CD=Long,ACTIVITY_TYPE_CD=Long,PARENT_ENTITY_ID=Long,ACTIVE_IND=Integer,EFFECTIVE_DT_TM=String,UPDT_CNT=Long,UPDT_DT_TM=String,UPDT_ID=Long,UPDT_TASK=Long,UPDT_APPLCTX=Long,FREQUENCY_ID=Long,PRN_DEFAULT_IND=Integer,CRITICAL_UPDT_DT_TM=String,CRITICAL_UPD_ID=Long,FACILITY_CD=Long,MIN_INTERVAL_UNIT_CD=Long,RX_TOD_DOW_ID=Long,FREQ_QUALIFIER=Integer,INSTANCE=Long,ROUND_TO=Integer,FREQUENCY_TYPE=Integer,INTERVAL=Integer,INTERVAL_UNITS=Integer,MIN_EVENT_PER_DAY=Integer,FIRST_DOSE_METHOD=Integer,FIRST_DOSE_RANGE=Integer,FIRST_DOSE_RANGE_UNITS=Integer,MAX_EVENT_PER_DAY=Integer,DEFAULT_PAR_VAL=Double,MIN_INTERVAL_NBR=Integer"
# # impala-shell -i lpfda05.domhiae.einstein.br:21000 -q "invalidate metadata stg_millennium.$1"

# # echo "INICIANDO MUDANCA DE TZ DA FULL TABELA $1"
# # cd $SCRIPTS_DIR/work-hiae
# # sh pyspark_submit_fromUTCtoTZ_Full.sh $1-Full stg_millennium.$1
# # echo "INGESTION_SQOOP_DIR: $INGESTION_SQOOP_DIR"
# # cd $INGESTION_SQOOP_DIR
# # echo "INICIANDO CARGA DELTA DA TABELA $1"
# # sh sqoop_import.sh --env millennium --sourcetable $1 --dias 1 --mode DELTA --splitby FREQUENCY_ID  --updtcol UPDT_DT_TM --cols "*" --extraoptions "--map-column-java FREQUENCY_CD=Long,ACTIVITY_TYPE_CD=Long,PARENT_ENTITY_ID=Long,ACTIVE_IND=Integer,EFFECTIVE_DT_TM=String,UPDT_CNT=Long,UPDT_DT_TM=String,UPDT_ID=Long,UPDT_TASK=Long,UPDT_APPLCTX=Long,FREQUENCY_ID=Long,PRN_DEFAULT_IND=Integer,CRITICAL_UPDT_DT_TM=String,CRITICAL_UPD_ID=Long,FACILITY_CD=Long,MIN_INTERVAL_UNIT_CD=Long,RX_TOD_DOW_ID=Long,FREQ_QUALIFIER=Integer,INSTANCE=Long,ROUND_TO=Integer,FREQUENCY_TYPE=Integer,INTERVAL=Integer,INTERVAL_UNITS=Integer,MIN_EVENT_PER_DAY=Integer,FIRST_DOSE_METHOD=Integer,FIRST_DOSE_RANGE=Integer,FIRST_DOSE_RANGE_UNITS=Integer,MAX_EVENT_PER_DAY=Integer,DEFAULT_PAR_VAL=Double,MIN_INTERVAL_NBR=Integer"
# # cd $SCRIPTS_DIR/work-hiae
# # sh pyspark_submit_fromUTCtoTZ_delta.sh stage-$1-delta FREQUENCY_ID UPDT_DT_TM stg_millennium.$1
# # hive -e "drop table stg_millennium.$1_tmp"
# # hive -e "drop table stg_millennium.$1_delta"

# full_sqoop(){
# echo "INGESTION_SQOOP_DIR: $INGESTION_SQOOP_DIR"
# cd $INGESTION_SQOOP_DIR
# echo "INICIANDO CARGA DA TABELA $1"
# sh sqoop_import.sh --env millennium --sourcetable $1 --extraoptions "--map-column-java FREQUENCY_CD=Long,ACTIVITY_TYPE_CD=Long,PARENT_ENTITY_ID=Long,ACTIVE_IND=Integer,EFFECTIVE_DT_TM=String,UPDT_CNT=Long,UPDT_DT_TM=String,UPDT_ID=Long,UPDT_TASK=Long,UPDT_APPLCTX=Long,FREQUENCY_ID=Long,PRN_DEFAULT_IND=Integer,CRITICAL_UPDT_DT_TM=String,CRITICAL_UPD_ID=Long,FACILITY_CD=Long,MIN_INTERVAL_UNIT_CD=Long,RX_TOD_DOW_ID=Long,FREQ_QUALIFIER=Integer,INSTANCE=Long,ROUND_TO=Integer,FREQUENCY_TYPE=Integer,INTERVAL=Integer,INTERVAL_UNITS=Integer,MIN_EVENT_PER_DAY=Integer,FIRST_DOSE_METHOD=Integer,FIRST_DOSE_RANGE=Integer,FIRST_DOSE_RANGE_UNITS=Integer,MAX_EVENT_PER_DAY=Integer,DEFAULT_PAR_VAL=Double,MIN_INTERVAL_NBR=Integer"
# #impala-shell -i lpfda05.domhiae.einstein.br:21000 -q "invalidate metadata stg_millennium.$1"
# }
# full_tz(){
# echo "INICIANDO MUDANCA DE TZ DA FULL TABELA $1"
# cd $SCRIPTS_DIR/work-hiae
# sh pyspark_submit_fromUTCtoTZ_Full.sh $1-Full stg_millennium.$1
# }
# delta_sqoop(){
# echo "INGESTION_SQOOP_DIR: $INGESTION_SQOOP_DIR"
# cd $INGESTION_SQOOP_DIR
# echo "INICIANDO CARGA DELTA DA TABELA $1"
# sh sqoop_import.sh --env millennium --sourcetable $1 --dias 1 --mode DELTA --splitby FREQUENCY_ID  --updtcol UPDT_DT_TM --cols "*" --extraoptions "--map-column-java FREQUENCY_CD=Long,ACTIVITY_TYPE_CD=Long,PARENT_ENTITY_ID=Long,ACTIVE_IND=Integer,EFFECTIVE_DT_TM=String,UPDT_CNT=Long,UPDT_DT_TM=String,UPDT_ID=Long,UPDT_TASK=Long,UPDT_APPLCTX=Long,FREQUENCY_ID=Long,PRN_DEFAULT_IND=Integer,CRITICAL_UPDT_DT_TM=String,CRITICAL_UPD_ID=Long,FACILITY_CD=Long,MIN_INTERVAL_UNIT_CD=Long,RX_TOD_DOW_ID=Long,FREQ_QUALIFIER=Integer,INSTANCE=Long,ROUND_TO=Integer,FREQUENCY_TYPE=Integer,INTERVAL=Integer,INTERVAL_UNITS=Integer,MIN_EVENT_PER_DAY=Integer,FIRST_DOSE_METHOD=Integer,FIRST_DOSE_RANGE=Integer,FIRST_DOSE_RANGE_UNITS=Integer,MAX_EVENT_PER_DAY=Integer,DEFAULT_PAR_VAL=Double,MIN_INTERVAL_NBR=Integer"
# }
# delta_tz(){
# cd $SCRIPTS_DIR/work-hiae
# sh pyspark_submit_fromUTCtoTZ_delta.sh stage-$1-delta FREQUENCY_ID UPDT_DT_TM stg_millennium.$1
# }
# drop_tmp(){
# hive -e "drop table stg_millennium.$1_tmp"
# hive -e "drop table stg_millennium.$1_delta"
# }

# drop_table(){
#     hive -e "drop table stg_millennium.$1"
# }

# #drop_table $1 && full_sqoop $1 && full_tz $1 && drop_tmp $1 && echo "carga full finalizada com sucesso" || exit 1

# #delta_sqoop $1 && delta_tz $1 && drop_tmp $1 && echo "carga delta finalizada com sucesso" || exit 1
]]></script>
        <scriptargs>FREQUENCY_SCHEDULE</scriptargs>
      </command>
    </sequence>
    <uuid>35afbd89-20b9-47e6-a7e5-64f01c86d4d8</uuid>
  </job>
</joblist>