<joblist>
  <job>
    <defaultTab>nodes</defaultTab>
    <description>Ingest�o da Tabela ORDER_DISPENSE</description>
    <dispatch>
      <excludePrecedence>true</excludePrecedence>
      <keepgoing>false</keepgoing>
      <rankOrder>ascending</rankOrder>
      <successOnEmptyNodeFilter>false</successOnEmptyNodeFilter>
      <threadcount>1</threadcount>
    </dispatch>
    <executionEnabled>true</executionEnabled>
    <group>STG_MILLENNIUM - Modularizado/STAGE 03</group>
    <id>5fb6f3c7-5c64-48d6-a75a-23a6f0b4a400</id>
    <loglevel>INFO</loglevel>
    <name>007 - ORDER_DISPENSE</name>
    <nodeFilterEditable>false</nodeFilterEditable>
    <nodefilters>
      <filter>lpfbigdap02*</filter>
    </nodefilters>
    <nodesSelectedByDefault>true</nodesSelectedByDefault>
    <scheduleEnabled>true</scheduleEnabled>
    <sequence keepgoing='false' strategy='node-first'>
      <command>
        <description>ORDER_DISPENSE</description>
        <script><![CDATA[cd $SCRIPTS_DIR/ingestions/

#sh ingestion.sh --env millennium --sourcetable $1

sh ingestion-new.sh --env millennium --sourcetable $1 --all 1
]]></script>
        <scriptargs>ORDER_DISPENSE</scriptargs>
      </command>
    </sequence>
    <uuid>5fb6f3c7-5c64-48d6-a75a-23a6f0b4a400</uuid>
  </job>
</joblist>