<joblist>
  <job>
    <defaultTab>nodes</defaultTab>
    <description>Ingest�o da Tabela SCH_EVENT_PATIENT</description>
    <dispatch>
      <excludePrecedence>true</excludePrecedence>
      <keepgoing>false</keepgoing>
      <rankOrder>ascending</rankOrder>
      <successOnEmptyNodeFilter>false</successOnEmptyNodeFilter>
      <threadcount>1</threadcount>
    </dispatch>
    <executionEnabled>true</executionEnabled>
    <group>STG_MILLENNIUM - Modularizado/STAGE 03</group>
    <id>6a5c4418-c338-4a69-953b-909bd248953a</id>
    <loglevel>INFO</loglevel>
    <name>004 - SCH_EVENT_PATIENT</name>
    <nodeFilterEditable>false</nodeFilterEditable>
    <nodefilters>
      <filter>lpfbigdap02*</filter>
    </nodefilters>
    <nodesSelectedByDefault>true</nodesSelectedByDefault>
    <scheduleEnabled>true</scheduleEnabled>
    <sequence keepgoing='false' strategy='node-first'>
      <command>
        <description>SCH_EVENT_PATIENT</description>
        <script><![CDATA[cd $SCRIPTS_DIR/ingestions/
#sh ingestion.sh --env millennium --sourcetable $1
sh ingestion-new.sh --env millennium --sourcetable $1 --all 1

# # echo "INGESTION_SQOOP_DIR: $INGESTION_SQOOP_DIR"
# # cd $INGESTION_SQOOP_DIR
# # echo "INICIANDO CARGA DA TABELA SCH_EVENT_PATIENT"
# # sh sqoop_import.sh --env millennium --sourcetable SCH_EVENT_PATIENT --query " \
# # 'SELECT \
# # VERSION_DT_TM, \
# # UPDT_DT_TM, \
# # v500.CCLSQL_UTC_RULE(END_EFFECTIVE_DT_TM,210) AS END_EFFECTIVE_DT_TM, \
# # v500.CCLSQL_UTC_RULE(BEG_EFFECTIVE_DT_TM,210) AS BEG_EFFECTIVE_DT_TM, \
# # NULL_DT_TM, \
# # v500.CCLSQL_UTC_RULE(ACTIVE_STATUS_DT_TM,210) AS ACTIVE_STATUS_DT_TM, \
# # PROFILE_TYPE_CD, \
# # SCH_PEND_ENCNTR_DETAIL_ID, \
# # ACTIVE_STATUS_PRSNL_ID, \
# # PERSON_ID, \
# # PERSON_PLAN_PROFILE_ID, \
# # ENCNTR_ID, \
# # ACTIVE_IND, \
# # ACTIVE_STATUS_CD, \
# # UPDT_APPLCTX, \
# # UPDT_TASK, \
# # SCH_EVENT_ID, \
# # UPDT_CNT, \
# # UPDT_ID, \
# # CANDIDATE_ID, \
# # REFERRAL_IDENT \
# # FROM SCH_EVENT_PATIENT where \$CONDITIONS'" --splitby SCH_EVENT_ID --extraoptions "--map-column-java \
# # VERSION_DT_TM=String,\
# # UPDT_DT_TM=String,\
# # END_EFFECTIVE_DT_TM=String,\
# # BEG_EFFECTIVE_DT_TM=String,\
# # NULL_DT_TM=String,\
# # ACTIVE_STATUS_DT_TM=String,\
# # PROFILE_TYPE_CD=Long,\
# # SCH_PEND_ENCNTR_DETAIL_ID=Long,\
# # ACTIVE_STATUS_PRSNL_ID=Long,\
# # PERSON_ID=Long,\
# # PERSON_PLAN_PROFILE_ID=Long,\
# # ENCNTR_ID=Long,\
# # ACTIVE_IND=Integer,\
# # ACTIVE_STATUS_CD=Long,\
# # UPDT_APPLCTX=Long,\
# # UPDT_TASK=String,\
# # SCH_EVENT_ID=Long,\
# # UPDT_CNT=Long,\
# # UPDT_ID=Long,\
# # CANDIDATE_ID=Long,\
# # REFERRAL_IDENT=String"

# # echo "INICIANDO MUDANCA DE TZ DA FULL TABELA $1"
# # cd $INGESTION_SQOOP_DIR
# # echo "INICIANDO CARGA DA TABELA SCH_EVENT_PATIENT"
# # sh sqoop_import.sh --env millennium --sourcetable SCH_EVENT_PATIENT --query " \
# # 'SELECT \
# # VERSION_DT_TM, \
# # UPDT_DT_TM, \
# # END_EFFECTIVE_DT_TM, \
# # BEG_EFFECTIVE_DT_TM, \
# # NULL_DT_TM, \
# # ACTIVE_STATUS_DT_TM, \
# # PROFILE_TYPE_CD, \
# # SCH_PEND_ENCNTR_DETAIL_ID, \
# # ACTIVE_STATUS_PRSNL_ID, \
# # PERSON_ID, \
# # PERSON_PLAN_PROFILE_ID, \
# # ENCNTR_ID, \
# # ACTIVE_IND, \
# # ACTIVE_STATUS_CD, \
# # UPDT_APPLCTX, \
# # UPDT_TASK, \
# # SCH_EVENT_ID, \
# # UPDT_CNT, \
# # UPDT_ID, \
# # CANDIDATE_ID, \
# # REFERRAL_IDENT \
# # FROM SCH_EVENT_PATIENT where \$CONDITIONS'" --splitby SCH_EVENT_ID --extraoptions "--map-column-java \
# # VERSION_DT_TM=String,\
# # UPDT_DT_TM=String,\
# # END_EFFECTIVE_DT_TM=String,\
# # BEG_EFFECTIVE_DT_TM=String,\
# # NULL_DT_TM=String,\
# # ACTIVE_STATUS_DT_TM=String,\
# # PROFILE_TYPE_CD=Long,\
# # SCH_PEND_ENCNTR_DETAIL_ID=Long,\
# # ACTIVE_STATUS_PRSNL_ID=Long,\
# # PERSON_ID=Long,\
# # PERSON_PLAN_PROFILE_ID=Long,\
# # ENCNTR_ID=Long,\
# # ACTIVE_IND=Integer,\
# # ACTIVE_STATUS_CD=Long,\
# # UPDT_APPLCTX=Long,\
# # UPDT_TASK=String,\
# # SCH_EVENT_ID=Long,\
# # UPDT_CNT=Long,\
# # UPDT_ID=Long,\
# # CANDIDATE_ID=Long,\
# # REFERRAL_IDENT=String"

# # cd $SCRIPTS_DIR/work-hiae
# # sh pyspark_submit_fromUTCtoTZ_Full.sh $1-Full stg_millennium.$1
# # echo "INGESTION_SQOOP_DIR: $INGESTION_SQOOP_DIR"

# # cd $INGESTION_SQOOP_DIR
# # echo "INICIANDO CARGA DELTA DA TABELA $1"
# # sh sqoop_import.sh --env millennium --sourcetable $1 --dias 1 --mode DELTA --splitby SCH_EVENT_ID  --updtcol UPDT_DT_TM --cols "VERSION_DT_TM, \
# # UPDT_DT_TM, \
# # END_EFFECTIVE_DT_TM, \
# # BEG_EFFECTIVE_DT_TM, \
# # NULL_DT_TM, \
# # ACTIVE_STATUS_DT_TM, \
# # PROFILE_TYPE_CD, \
# # SCH_PEND_ENCNTR_DETAIL_ID, \
# # ACTIVE_STATUS_PRSNL_ID, \
# # PERSON_ID, \
# # PERSON_PLAN_PROFILE_ID, \
# # ENCNTR_ID, \
# # ACTIVE_IND, \
# # ACTIVE_STATUS_CD, \
# # UPDT_APPLCTX, \
# # UPDT_TASK, \
# # SCH_EVENT_ID, \
# # UPDT_CNT, \
# # UPDT_ID, \
# # CANDIDATE_ID, \
# # REFERRAL_IDENT" --extraoptions "--map-column-java \
# # VERSION_DT_TM=String,\
# # UPDT_DT_TM=String,\
# # END_EFFECTIVE_DT_TM=String,\
# # BEG_EFFECTIVE_DT_TM=String,\
# # NULL_DT_TM=String,\
# # ACTIVE_STATUS_DT_TM=String,\
# # PROFILE_TYPE_CD=Long,\
# # SCH_PEND_ENCNTR_DETAIL_ID=Long,\
# # ACTIVE_STATUS_PRSNL_ID=Long,\
# # PERSON_ID=Long,\
# # PERSON_PLAN_PROFILE_ID=Long,\
# # ENCNTR_ID=Long,\
# # ACTIVE_IND=Integer,\
# # ACTIVE_STATUS_CD=Long,\
# # UPDT_APPLCTX=Long,\
# # UPDT_TASK=String,\
# # SCH_EVENT_ID=Long,\
# # UPDT_CNT=Long,\
# # UPDT_ID=Long,\
# # CANDIDATE_ID=Long,\
# # REFERRAL_IDENT=String"
# # cd $SCRIPTS_DIR/work-hiae
# # sh pyspark_submit_fromUTCtoTZ_delta.sh stage-$1-delta SCH_EVENT_ID,PERSON_ID,VERSION_DT_TM UPDT_DT_TM stg_millennium.$1
# # hive -e "drop table stg_millennium.$1_tmp"
# # hive -e "drop table stg_millennium.$1_delta"

# full_sqoop(){
# echo "INICIANDO MUDANCA DE TZ DA FULL TABELA $1"
# cd $INGESTION_SQOOP_DIR
# echo "INICIANDO CARGA DA TABELA SCH_EVENT_PATIENT"
# sh sqoop_import.sh --env millennium --sourcetable SCH_EVENT_PATIENT --query " \
# 'SELECT \
# VERSION_DT_TM, \
# UPDT_DT_TM, \
# END_EFFECTIVE_DT_TM, \
# BEG_EFFECTIVE_DT_TM, \
# NULL_DT_TM, \
# ACTIVE_STATUS_DT_TM, \
# PROFILE_TYPE_CD, \
# SCH_PEND_ENCNTR_DETAIL_ID, \
# ACTIVE_STATUS_PRSNL_ID, \
# PERSON_ID, \
# PERSON_PLAN_PROFILE_ID, \
# ENCNTR_ID, \
# ACTIVE_IND, \
# ACTIVE_STATUS_CD, \
# UPDT_APPLCTX, \
# UPDT_TASK, \
# SCH_EVENT_ID, \
# UPDT_CNT, \
# UPDT_ID, \
# CANDIDATE_ID, \
# REFERRAL_IDENT \
# FROM SCH_EVENT_PATIENT where \$CONDITIONS'" --splitby SCH_EVENT_ID --extraoptions "--map-column-java \
# VERSION_DT_TM=String,\
# UPDT_DT_TM=String,\
# END_EFFECTIVE_DT_TM=String,\
# BEG_EFFECTIVE_DT_TM=String,\
# NULL_DT_TM=String,\
# ACTIVE_STATUS_DT_TM=String,\
# PROFILE_TYPE_CD=Long,\
# SCH_PEND_ENCNTR_DETAIL_ID=Long,\
# ACTIVE_STATUS_PRSNL_ID=Long,\
# PERSON_ID=Long,\
# PERSON_PLAN_PROFILE_ID=Long,\
# ENCNTR_ID=Long,\
# ACTIVE_IND=Integer,\
# ACTIVE_STATUS_CD=Long,\
# UPDT_APPLCTX=Long,\
# UPDT_TASK=String,\
# SCH_EVENT_ID=Long,\
# UPDT_CNT=Long,\
# UPDT_ID=Long,\
# CANDIDATE_ID=Long,\
# REFERRAL_IDENT=String"
# }
# full_tz(){
# echo "INICIANDO MUDANCA DE TZ DA FULL TABELA $1"
# cd $SCRIPTS_DIR/work-hiae
# sh pyspark_submit_fromUTCtoTZ_Full.sh $1-Full stg_millennium.$1
# }
# delta_sqoop(){
# cd $INGESTION_SQOOP_DIR
# echo "INICIANDO CARGA DELTA DA TABELA $1"
# sh sqoop_import.sh --env millennium --sourcetable $1 --dias 1 --mode DELTA --splitby SCH_EVENT_ID  --updtcol UPDT_DT_TM --cols "VERSION_DT_TM, \
# UPDT_DT_TM, \
# END_EFFECTIVE_DT_TM, \
# BEG_EFFECTIVE_DT_TM, \
# NULL_DT_TM, \
# ACTIVE_STATUS_DT_TM, \
# PROFILE_TYPE_CD, \
# SCH_PEND_ENCNTR_DETAIL_ID, \
# ACTIVE_STATUS_PRSNL_ID, \
# PERSON_ID, \
# PERSON_PLAN_PROFILE_ID, \
# ENCNTR_ID, \
# ACTIVE_IND, \
# ACTIVE_STATUS_CD, \
# UPDT_APPLCTX, \
# UPDT_TASK, \
# SCH_EVENT_ID, \
# UPDT_CNT, \
# UPDT_ID, \
# CANDIDATE_ID, \
# REFERRAL_IDENT" --extraoptions "--map-column-java \
# VERSION_DT_TM=String,\
# UPDT_DT_TM=String,\
# END_EFFECTIVE_DT_TM=String,\
# BEG_EFFECTIVE_DT_TM=String,\
# NULL_DT_TM=String,\
# ACTIVE_STATUS_DT_TM=String,\
# PROFILE_TYPE_CD=Long,\
# SCH_PEND_ENCNTR_DETAIL_ID=Long,\
# ACTIVE_STATUS_PRSNL_ID=Long,\
# PERSON_ID=Long,\
# PERSON_PLAN_PROFILE_ID=Long,\
# ENCNTR_ID=Long,\
# ACTIVE_IND=Integer,\
# ACTIVE_STATUS_CD=Long,\
# UPDT_APPLCTX=Long,\
# UPDT_TASK=String,\
# SCH_EVENT_ID=Long,\
# UPDT_CNT=Long,\
# UPDT_ID=Long,\
# CANDIDATE_ID=Long,\
# REFERRAL_IDENT=String"
# }
# delta_tz(){
# cd $SCRIPTS_DIR/work-hiae
# sh pyspark_submit_fromUTCtoTZ_delta.sh stage-$1-delta SCH_EVENT_ID,PERSON_ID,VERSION_DT_TM UPDT_DT_TM stg_millennium.$1
# }
# drop_tmp(){
# hive -e "drop table stg_millennium.$1_tmp"
# hive -e "drop table stg_millennium.$1_delta"
# }

# drop_table(){
#     hive -e "drop table stg_millennium.$1"
# }

# drop_table $1 && full_sqoop $1 && full_tz $1 && drop_tmp $1 && echo "carga full finalizada com sucesso" || exit 1

# #delta_sqoop $1 && delta_tz $1 && drop_tmp $1 && echo "carga delta finalizada com sucesso" || exit 1]]></script>
        <scriptargs>SCH_EVENT_PATIENT</scriptargs>
      </command>
    </sequence>
    <uuid>6a5c4418-c338-4a69-953b-909bd248953a</uuid>
  </job>
</joblist>