<joblist>
  <job>
    <defaultTab>nodes</defaultTab>
    <description>Ingest�o da tabela SHX_CATEGORY_REF</description>
    <dispatch>
      <excludePrecedence>true</excludePrecedence>
      <keepgoing>false</keepgoing>
      <rankOrder>ascending</rankOrder>
      <successOnEmptyNodeFilter>false</successOnEmptyNodeFilter>
      <threadcount>1</threadcount>
    </dispatch>
    <executionEnabled>true</executionEnabled>
    <group>STG_MILLENNIUM - Modularizado/STAGE 03</group>
    <id>9ad8dc38-da3f-4396-b691-6ec7ff8869b3</id>
    <loglevel>INFO</loglevel>
    <name>006 - SHX_CATEGORY_REF</name>
    <nodeFilterEditable>false</nodeFilterEditable>
    <nodefilters>
      <filter>lpfbigdap02*</filter>
    </nodefilters>
    <nodesSelectedByDefault>true</nodesSelectedByDefault>
    <scheduleEnabled>true</scheduleEnabled>
    <sequence keepgoing='false' strategy='node-first'>
      <command>
        <description>SHX_CATEGORY_REF</description>
        <script><![CDATA[cd $SCRIPTS_DIR/ingestions/


#sh ingestion.sh --env millennium --sourcetable $1

sh ingestion-new.sh --env millennium --sourcetable $1 --all 1]]></script>
        <scriptargs>SHX_CATEGORY_REF</scriptargs>
      </command>
    </sequence>
    <uuid>9ad8dc38-da3f-4396-b691-6ec7ff8869b3</uuid>
  </job>
</joblist>