<joblist>
  <job>
    <defaultTab>nodes</defaultTab>
    <description>Ingest�o da tabela order_compliance_detail</description>
    <dispatch>
      <excludePrecedence>true</excludePrecedence>
      <keepgoing>false</keepgoing>
      <rankOrder>ascending</rankOrder>
      <successOnEmptyNodeFilter>false</successOnEmptyNodeFilter>
      <threadcount>1</threadcount>
    </dispatch>
    <executionEnabled>true</executionEnabled>
    <group>STG_MILLENNIUM - Modularizado/STAGE 03</group>
    <id>bbe31a22-2c77-4c2f-b46e-892f1df0ab8c</id>
    <loglevel>INFO</loglevel>
    <name>008 - ORDER_COMPLIANCE_DETAIL</name>
    <nodeFilterEditable>false</nodeFilterEditable>
    <nodefilters>
      <filter>lpfbigdap02*</filter>
    </nodefilters>
    <nodesSelectedByDefault>true</nodesSelectedByDefault>
    <scheduleEnabled>true</scheduleEnabled>
    <sequence keepgoing='false' strategy='node-first'>
      <command>
        <description>ORDER_COMPLIANCE_DETAIL</description>
        <script><![CDATA[cd $SCRIPTS_DIR/ingestions/
sh ingestion-new.sh --env millennium --sourcetable $1 --all 1
]]></script>
        <scriptargs>order_compliance_detail</scriptargs>
      </command>
    </sequence>
    <uuid>bbe31a22-2c77-4c2f-b46e-892f1df0ab8c</uuid>
  </job>
</joblist>