<joblist>
  <job>
    <defaultTab>nodes</defaultTab>
    <description></description>
    <dispatch>
      <excludePrecedence>true</excludePrecedence>
      <keepgoing>false</keepgoing>
      <rankOrder>ascending</rankOrder>
      <successOnEmptyNodeFilter>false</successOnEmptyNodeFilter>
      <threadcount>1</threadcount>
    </dispatch>
    <executionEnabled>true</executionEnabled>
    <group>Teste</group>
    <id>40f103a6-0a05-4424-bb8d-40ce1234ba79</id>
    <loglevel>INFO</loglevel>
    <name>TESTE Ingestion  - Jean</name>
    <nodeFilterEditable>false</nodeFilterEditable>
    <nodefilters>
      <filter>lpfbigdap02</filter>
    </nodefilters>
    <nodesSelectedByDefault>true</nodesSelectedByDefault>
    <scheduleEnabled>true</scheduleEnabled>
    <sequence keepgoing='false' strategy='sequential'>
      <command>
        <script><![CDATA[cd $SCRIPTS_DIR/ingestions/
sh ingestion-new.sh --env millennium --sourcetable order_detail --sqoop 1 --create_table 1 --spark 1

# cd /data/projects/ingestions/teste/siaf_sql
# sh ingestion.sh --env siaf_sql --sourcetable t00166_prco --all 1



# echo "INGESTION_SQOOP_DIR: $INGESTION_SQOOP_DIR"
# cd $INGESTION_SQOOP_DIR
# echo "INICIANDO CARGA DA TABELA SIAF $1"
# sh sqoop_import.sh --env siaf_sql --sourcetable T00528_DCTO_AQVO_ORGM --extraoptions "--map-column-java DT_INCO=String,TM_INCO=String,DH_INCO=String,DT_FIM=String,TM_FIM=String,DH_FIM=String,DT_ICLO=String,TM_ICLO=String,DT_ALTO=String,TM_ALTO=String"

# cd /data/projects/ingestions/teste/bucket
# sh ingestion.sh --env millennium --sourcetable clinical_event --all 1

# cd $SCRIPTS_DIR/ingestions/src/
# sh pyspark_submit_ingestion_from_sqoop.sh]]></script>
        <scriptargs />
      </command>
    </sequence>
    <uuid>40f103a6-0a05-4424-bb8d-40ce1234ba79</uuid>
  </job>
</joblist>