<joblist>
  <job>
    <defaultTab>nodes</defaultTab>
    <description></description>
    <dispatch>
      <excludePrecedence>true</excludePrecedence>
      <keepgoing>false</keepgoing>
      <rankOrder>ascending</rankOrder>
      <successOnEmptyNodeFilter>false</successOnEmptyNodeFilter>
      <threadcount>1</threadcount>
    </dispatch>
    <executionEnabled>true</executionEnabled>
    <group>Teste</group>
    <id>9ffb9458-8c44-4c11-a2f9-99992470856b</id>
    <loglevel>INFO</loglevel>
    <name>TESTE_SQOOP_2</name>
    <nodeFilterEditable>false</nodeFilterEditable>
    <nodefilters>
      <filter>lpfbigdap02</filter>
    </nodefilters>
    <nodesSelectedByDefault>true</nodesSelectedByDefault>
    <scheduleEnabled>true</scheduleEnabled>
    <sequence keepgoing='false' strategy='sequential'>
      <command>
        <description>CARGA SQOOP</description>
        <script><![CDATA[# echo "INGESTION_SQOOP_DIR: $INGESTION_SQOOP_DIR"
# cd $INGESTION_SQOOP_DIR
# echo "INICIANDO CARGA DA TABELA $1"
# sh sqoop_import.sh --env testes_engdados --sourcetable $1


cd $SCRIPTS_DIR/ingestions/
sh ingestion-new.sh --env sgh --sourcetable rb_appointment --sqoop 1]]></script>
        <scriptargs>LOCATION</scriptargs>
      </command>
      <command>
        <description>invlaidate me</description>
        <jobref group='UTILS' name='INVALIDATE METADA' nodeStep='true'>
          <uuid>a25a116f-0043-4af7-b445-9dc4339d7f96</uuid>
        </jobref>
      </command>
    </sequence>
    <uuid>9ffb9458-8c44-4c11-a2f9-99992470856b</uuid>
  </job>
</joblist>