<joblist>
  <job>
    <defaultTab>nodes</defaultTab>
    <description></description>
    <dispatch>
      <excludePrecedence>true</excludePrecedence>
      <keepgoing>false</keepgoing>
      <rankOrder>ascending</rankOrder>
      <successOnEmptyNodeFilter>false</successOnEmptyNodeFilter>
      <threadcount>1</threadcount>
    </dispatch>
    <executionEnabled>true</executionEnabled>
    <group>Teste</group>
    <id>ac53f232-6b72-4a2b-91d4-15941527ff43</id>
    <loglevel>INFO</loglevel>
    <name>JEAN_SQOOP</name>
    <nodeFilterEditable>false</nodeFilterEditable>
    <nodefilters>
      <filter>lpfbigdap02</filter>
    </nodefilters>
    <nodesSelectedByDefault>true</nodesSelectedByDefault>
    <scheduleEnabled>true</scheduleEnabled>
    <sequence keepgoing='false' strategy='sequential'>
      <command>
        <description>CARGA SQOOP</description>
        <script><![CDATA[cd $SCRIPTS_DIR/ingestions/
sh ingestion.sh --env millennium --sourcetable all_tables


# echo "INICIANDO CARGA DA TABELA $1"
# sqoop eval -Dhadoop.security.credential.provider.path=jceks://hdfs//user/_usr_bigdataprd/certs/millennium_bigdata.password.jceks --connect "jdbc:oracle:thin:@(description=(address=(protocol=tcp)(host=lpfcmdb01.sdc.domhiae.einstein.br)(port=1521))(connect_data=(service_name=prods.world)))" --username usr_big --password-alias millennium_bigdata.password.alias --query "SELECT COUNT(1) FROM v500.CE_STRING_RESULT WHERE UPDT_DT_TM >= to_date('2021-09-13 00:00:00','YYYY-MM-DD HH24:MI:SS')"



# echo "INICIANDO CARGA DA TABELA $1"
# sqoop eval -Dhadoop.security.credential.provider.path=jceks://hdfs//user/_usr_bigdataprd/certs/millennium_bigdata.password.jceks --connect "jdbc:oracle:thin:@(description=(address=(protocol=tcp)(host=lpfcmdb01.sdc.domhiae.einstein.br)(port=1521))(connect_data=(service_name=prods.world)))" --username usr_big --password-alias millennium_bigdata.password.alias --query "SELECT
#   owner, 
#   table_name, 
#   TRUNC(sum(bytes)/1024/1024) Meg,
#     ROUND(sum(bytes)/1024/1024/1024, 2) GB,
#   ROUND( ratio_to_report( sum(bytes) ) over () * 100) Percent,
#   (select count(1) from table_name) lines
# FROM
# (SELECT segment_name table_name, owner, bytes
#  FROM dba_segments
#  WHERE segment_type IN ('TABLE', 'TABLE PARTITION', 'TABLE SUBPARTITION')
#  UNION ALL
#  SELECT i.table_name, i.owner, s.bytes
#  FROM dba_indexes i, dba_segments s
#  WHERE s.segment_name = i.index_name
#  AND   s.owner = i.owner
#  AND   s.segment_type IN ('INDEX', 'INDEX PARTITION', 'INDEX SUBPARTITION')
#  UNION ALL
#  SELECT l.table_name, l.owner, s.bytes
#  FROM dba_lobs l, dba_segments s
#  WHERE s.segment_name = l.segment_name
#  AND   s.owner = l.owner
#  AND   s.segment_type IN ('LOBSEGMENT', 'LOB PARTITION')
#  UNION ALL
#  SELECT l.table_name, l.owner, s.bytes
#  FROM dba_lobs l, dba_segments s
#  WHERE s.segment_name = l.index_name
#  AND   s.owner = l.owner)
# WHERE UPPER( owner) in UPPER('v500')
# GROUP BY table_name, owner
# HAVING SUM(bytes)/1024/1024 > 10
# ORDER BY SUM(bytes) desc"



# echo "INICIANDO CARGA DA TABELA $1"
# sqoop eval -Dhadoop.security.credential.provider.path=jceks://hdfs//user/_usr_bigdataprd/certs/millennium_bigdata.password.jceks --connect "jdbc:oracle:thin:@(description=(address=(protocol=tcp)(host=lpfcmdb01.sdc.domhiae.einstein.br)(port=1521))(connect_data=(service_name=prods.world)))" --username usr_big --password-alias millennium_bigdata.password.alias --query "

# WITH MAPPED AS (
#   SELECT
# 	column_name,
# 	data_type,
# 	CASE
# 		WHEN data_type = 'NUMBER' AND (column_name LIKE '%_CD' OR column_name LIKE '%_ID')
# 			THEN column_name||'='||'Long'
# 		WHEN data_type = 'NUMBER' AND (column_name LIKE 'UPDT_ID' OR column_name LIKE 'UPDT_TASK' OR column_name LIKE 'UPDT_APPLCTX' OR column_name LIKE 'UPDT_CNT')
# 			THEN column_name||'='||'Long'
# 		WHEN data_type = 'NUMBER' AND (column_name LIKE '%_TZ' OR column_name LIKE '%_FLAG' OR column_name LIKE '%_IND')
# 			THEN column_name||'='||'Integer'	
# 		WHEN data_type = 'DATE' AND column_name LIKE '%_DT_TM'
# 			THEN column_name||'='||'String'
# 		ELSE 'NOTMAPPED'
# 	END mapping	
# 	FROM all_tab_columns
# 	where 
# 	table_name = 'ORDER_PROPOSAL'
# 	ORDER BY COLUMN_ID 
# )
# SELECT WM_CONCAT(mapping) FROM MAPPED m WHERE  m.mapping <> 'NOTMAPPED'
# UNION ALL
# SELECT WM_CONCAT(column_name||'='||data_type) FROM MAPPED m WHERE  m.mapping LIKE 'NOTMAPPED' AND data_type NOT LIKE '%CHAR%';"


# echo "INGESTION_SQOOP_DIR: $INGESTION_SQOOP_DIR"
# cd $INGESTION_SQOOP_DIR

# echo "INGESTION_SQOOP_DIR: $INGESTION_SQOOP_DIR"
# cd $INGESTION_SQOOP_DIR

#echo "INICIANDO CARGA DA TABELA $1"
# sqoop eval -Dhadoop.security.credential.provider.path=jceks://hdfs//user/_usr_bigdataprd/certs/millennium_bigdata.password.jceks --connect "jdbc:oracle:thin:@(description=(address=(protocol=tcp)(host=lpfcmdb01.sdc.domhiae.einstein.br)(port=1521))(connect_data=(service_name=prods.world)))" --username usr_big --password-alias millennium_bigdata.password.alias --query "select count(*) from v500.task_activity" 

# echo "v500.CE_CALCULATION_RESULT"
# sqoop eval -Dhadoop.security.credential.provider.path=jceks://hdfs//user/_usr_bigdataprd/certs/millennium_bigdata.password.jceks --connect "jdbc:oracle:thin:@(description=(address=(protocol=tcp)(host=lpfcmdb01.sdc.domhiae.einstein.br)(port=1521))(connect_data=(service_name=prods.world)))" --username usr_big --password-alias millennium_bigdata.password.alias --query "select min(updt_dt_tm), max(updt_dt_tm) from v500.CE_CALCULATION_RESULT"

# echo "v500.ADDRESS"
# sqoop eval -Dhadoop.security.credential.provider.path=jceks://hdfs//user/_usr_bigdataprd/certs/millennium_bigdata.password.jceks --connect "jdbc:oracle:thin:@(description=(address=(protocol=tcp)(host=lpfcmdb01.sdc.domhiae.einstein.br)(port=1521))(connect_data=(service_name=prods.world)))" --username usr_big --password-alias millennium_bigdata.password.alias --query "select min(updt_dt_tm), max(updt_dt_tm) from v500.ADDRESS"

# echo "v500.LOCATION"
# sqoop eval -Dhadoop.security.credential.provider.path=jceks://hdfs//user/_usr_bigdataprd/certs/millennium_bigdata.password.jceks --connect "jdbc:oracle:thin:@(description=(address=(protocol=tcp)(host=lpfcmdb01.sdc.domhiae.einstein.br)(port=1521))(connect_data=(service_name=prods.world)))" --username usr_big --password-alias millennium_bigdata.password.alias --query "select min(updt_dt_tm), max(updt_dt_tm) from v500.LOCATION"

# echo "v500.MED_IDENTIFIER"
# sqoop eval -Dhadoop.security.credential.provider.path=jceks://hdfs//user/_usr_bigdataprd/certs/millennium_bigdata.password.jceks --connect "jdbc:oracle:thin:@(description=(address=(protocol=tcp)(host=lpfcmdb01.sdc.domhiae.einstein.br)(port=1521))(connect_data=(service_name=prods.world)))" --username usr_big --password-alias millennium_bigdata.password.alias --query "select min(updt_dt_tm), max(updt_dt_tm) from v500.MED_IDENTIFIER"

# echo "v500.SCH_APPT_TYPE"
# sqoop eval -Dhadoop.security.credential.provider.path=jceks://hdfs//user/_usr_bigdataprd/certs/millennium_bigdata.password.jceks --connect "jdbc:oracle:thin:@(description=(address=(protocol=tcp)(host=lpfcmdb01.sdc.domhiae.einstein.br)(port=1521))(connect_data=(service_name=prods.world)))" --username usr_big --password-alias millennium_bigdata.password.alias --query "select min(updt_dt_tm), max(updt_dt_tm) from v500.SCH_APPT_TYPE"

# echo "v500.ORDER_REVIEW"
# sqoop eval -Dhadoop.security.credential.provider.path=jceks://hdfs//user/_usr_bigdataprd/certs/millennium_bigdata.password.jceks --connect "jdbc:oracle:thin:@(description=(address=(protocol=tcp)(host=lpfcmdb01.sdc.domhiae.einstein.br)(port=1521))(connect_data=(service_name=prods.world)))" --username usr_big --password-alias millennium_bigdata.password.alias --query "select min(updt_dt_tm), max(updt_dt_tm) from v500.ORDER_REVIEW"

# echo "v500.ORDER_CATALOG_ITEM_R"
# sqoop eval -Dhadoop.security.credential.provider.path=jceks://hdfs//user/_usr_bigdataprd/certs/millennium_bigdata.password.jceks --connect "jdbc:oracle:thin:@(description=(address=(protocol=tcp)(host=lpfcmdb01.sdc.domhiae.einstein.br)(port=1521))(connect_data=(service_name=prods.world)))" --username usr_big --password-alias millennium_bigdata.password.alias --query "select min(updt_dt_tm), max(updt_dt_tm) from v500.ORDER_CATALOG_ITEM_R"

# echo "v500.LOCATION_GROUP"
# sqoop eval -Dhadoop.security.credential.provider.path=jceks://hdfs//user/_usr_bigdataprd/certs/millennium_bigdata.password.jceks --connect "jdbc:oracle:thin:@(description=(address=(protocol=tcp)(host=lpfcmdb01.sdc.domhiae.einstein.br)(port=1521))(connect_data=(service_name=prods.world)))" --username usr_big --password-alias millennium_bigdata.password.alias --query "select min(updt_dt_tm), max(updt_dt_tm) from v500.LOCATION_GROUP"

# echo "v500.CE_INTAKE_OUTPUT_RESULT"
# sqoop eval -Dhadoop.security.credential.provider.path=jceks://hdfs//user/_usr_bigdataprd/certs/millennium_bigdata.password.jceks --connect "jdbc:oracle:thin:@(description=(address=(protocol=tcp)(host=lpfcmdb01.sdc.domhiae.einstein.br)(port=1521))(connect_data=(service_name=prods.world)))" --username usr_big --password-alias millennium_bigdata.password.alias --query "select min(updt_dt_tm), max(updt_dt_tm) from v500.CE_INTAKE_OUTPUT_RESULT"

# echo "v500.NOMENCLATURE"
# sqoop eval -Dhadoop.security.credential.provider.path=jceks://hdfs//user/_usr_bigdataprd/certs/millennium_bigdata.password.jceks --connect "jdbc:oracle:thin:@(description=(address=(protocol=tcp)(host=lpfcmdb01.sdc.domhiae.einstein.br)(port=1521))(connect_data=(service_name=prods.world)))" --username usr_big --password-alias millennium_bigdata.password.alias --query "select min(updt_dt_tm), max(updt_dt_tm) from v500.NOMENCLATURE"

# echo "v500.FREQUENCY_SCHEDULE"
# sqoop eval -Dhadoop.security.credential.provider.path=jceks://hdfs//user/_usr_bigdataprd/certs/millennium_bigdata.password.jceks --connect "jdbc:oracle:thin:@(description=(address=(protocol=tcp)(host=lpfcmdb01.sdc.domhiae.einstein.br)(port=1521))(connect_data=(service_name=prods.world)))" --username usr_big --password-alias millennium_bigdata.password.alias --query "select min(updt_dt_tm), max(updt_dt_tm) from v500.FREQUENCY_SCHEDULE"

# echo "v500.PHONE"
# sqoop eval -Dhadoop.security.credential.provider.path=jceks://hdfs//user/_usr_bigdataprd/certs/millennium_bigdata.password.jceks --connect "jdbc:oracle:thin:@(description=(address=(protocol=tcp)(host=lpfcmdb01.sdc.domhiae.einstein.br)(port=1521))(connect_data=(service_name=prods.world)))" --username usr_big --password-alias millennium_bigdata.password.alias --query "select min(updt_dt_tm), max(updt_dt_tm) from v500.PHONE"

# echo "v500.SHX_ACTIVITY"
# sqoop eval -Dhadoop.security.credential.provider.path=jceks://hdfs//user/_usr_bigdataprd/certs/millennium_bigdata.password.jceks --connect "jdbc:oracle:thin:@(description=(address=(protocol=tcp)(host=lpfcmdb01.sdc.domhiae.einstein.br)(port=1521))(connect_data=(service_name=prods.world)))" --username usr_big --password-alias millennium_bigdata.password.alias --query "select min(updt_dt_tm), max(updt_dt_tm) from v500.SHX_ACTIVITY"

# echo "v500.CP_PATHWAY"
# sqoop eval -Dhadoop.security.credential.provider.path=jceks://hdfs//user/_usr_bigdataprd/certs/millennium_bigdata.password.jceks --connect "jdbc:oracle:thin:@(description=(address=(protocol=tcp)(host=lpfcmdb01.sdc.domhiae.einstein.br)(port=1521))(connect_data=(service_name=prods.world)))" --username usr_big --password-alias millennium_bigdata.password.alias --query "select min(updt_dt_tm), max(updt_dt_tm) from v500.CP_PATHWAY"

# echo "v500.CP_PATHWAY_ACTIVITY"
# sqoop eval -Dhadoop.security.credential.provider.path=jceks://hdfs//user/_usr_bigdataprd/certs/millennium_bigdata.password.jceks --connect "jdbc:oracle:thin:@(description=(address=(protocol=tcp)(host=lpfcmdb01.sdc.domhiae.einstein.br)(port=1521))(connect_data=(service_name=prods.world)))" --username usr_big --password-alias millennium_bigdata.password.alias --query "select min(updt_dt_tm), max(updt_dt_tm) from v500.CP_PATHWAY_ACTIVITY"

# echo "v500.ORDER_SERV_RES_CONTAINER"
# sqoop eval -Dhadoop.security.credential.provider.path=jceks://hdfs//user/_usr_bigdataprd/certs/millennium_bigdata.password.jceks --connect "jdbc:oracle:thin:@(description=(address=(protocol=tcp)(host=lpfcmdb01.sdc.domhiae.einstein.br)(port=1521))(connect_data=(service_name=prods.world)))" --username usr_big --password-alias millennium_bigdata.password.alias --query "select min(updt_dt_tm), max(updt_dt_tm) from v500.ORDER_SERV_RES_CONTAINER"

# echo "v500.CE_SUSCEPTIBILITY"
# sqoop eval -Dhadoop.security.credential.provider.path=jceks://hdfs//user/_usr_bigdataprd/certs/millennium_bigdata.password.jceks --connect "jdbc:oracle:thin:@(description=(address=(protocol=tcp)(host=lpfcmdb01.sdc.domhiae.einstein.br)(port=1521))(connect_data=(service_name=prods.world)))" --username usr_big --password-alias millennium_bigdata.password.alias --query "select min(updt_dt_tm), max(updt_dt_tm) from v500.CE_SUSCEPTIBILITY"

# echo "v500.CE_DYNAMIC_LABEL"
# sqoop eval -Dhadoop.security.credential.provider.path=jceks://hdfs//user/_usr_bigdataprd/certs/millennium_bigdata.password.jceks --connect "jdbc:oracle:thin:@(description=(address=(protocol=tcp)(host=lpfcmdb01.sdc.domhiae.einstein.br)(port=1521))(connect_data=(service_name=prods.world)))" --username usr_big --password-alias millennium_bigdata.password.alias --query "select min(updt_dt_tm), max(updt_dt_tm) from v500.CE_DYNAMIC_LABEL"

# echo "v500.SCH_EVENT_PATIENT"
# sqoop eval -Dhadoop.security.credential.provider.path=jceks://hdfs//user/_usr_bigdataprd/certs/millennium_bigdata.password.jceks --connect "jdbc:oracle:thin:@(description=(address=(protocol=tcp)(host=lpfcmdb01.sdc.domhiae.einstein.br)(port=1521))(connect_data=(service_name=prods.world)))" --username usr_big --password-alias millennium_bigdata.password.alias --query "select min(updt_dt_tm), max(updt_dt_tm) from v500.SCH_EVENT_PATIENT"

# echo "v500.ENCNTR_COMBINE"
# sqoop eval -Dhadoop.security.credential.provider.path=jceks://hdfs//user/_usr_bigdataprd/certs/millennium_bigdata.password.jceks --connect "jdbc:oracle:thin:@(description=(address=(protocol=tcp)(host=lpfcmdb01.sdc.domhiae.einstein.br)(port=1521))(connect_data=(service_name=prods.world)))" --username usr_big --password-alias millennium_bigdata.password.alias --query "select min(updt_dt_tm), max(updt_dt_tm) from v500.ENCNTR_COMBINE"

# echo "v500.SHX_CATEGORY_REF"
# sqoop eval -Dhadoop.security.credential.provider.path=jceks://hdfs//user/_usr_bigdataprd/certs/millennium_bigdata.password.jceks --connect "jdbc:oracle:thin:@(description=(address=(protocol=tcp)(host=lpfcmdb01.sdc.domhiae.einstein.br)(port=1521))(connect_data=(service_name=prods.world)))" --username usr_big --password-alias millennium_bigdata.password.alias --query "select min(updt_dt_tm), max(updt_dt_tm) from v500.SHX_CATEGORY_REF"

# echo "v500.ORDER_DISPENSE"
# sqoop eval -Dhadoop.security.credential.provider.path=jceks://hdfs//user/_usr_bigdataprd/certs/millennium_bigdata.password.jceks --connect "jdbc:oracle:thin:@(description=(address=(protocol=tcp)(host=lpfcmdb01.sdc.domhiae.einstein.br)(port=1521))(connect_data=(service_name=prods.world)))" --username usr_big --password-alias millennium_bigdata.password.alias --query "select min(updt_dt_tm), max(updt_dt_tm) from v500.ORDER_DISPENSE"

# echo "v500.PERSON"
# sqoop eval -Dhadoop.security.credential.provider.path=jceks://hdfs//user/_usr_bigdataprd/certs/millennium_bigdata.password.jceks --connect "jdbc:oracle:thin:@(description=(address=(protocol=tcp)(host=lpfcmdb01.sdc.domhiae.einstein.br)(port=1521))(connect_data=(service_name=prods.world)))" --username usr_big --password-alias millennium_bigdata.password.alias --query "select min(updt_dt_tm), max(updt_dt_tm) from v500.PERSON"

# echo "v500.CODE_VALUE"
# sqoop eval -Dhadoop.security.credential.provider.path=jceks://hdfs//user/_usr_bigdataprd/certs/millennium_bigdata.password.jceks --connect "jdbc:oracle:thin:@(description=(address=(protocol=tcp)(host=lpfcmdb01.sdc.domhiae.einstein.br)(port=1521))(connect_data=(service_name=prods.world)))" --username usr_big --password-alias millennium_bigdata.password.alias --query "select min(updt_dt_tm), max(updt_dt_tm) from v500.CODE_VALUE"

# echo "v500.PRSNL"
# sqoop eval -Dhadoop.security.credential.provider.path=jceks://hdfs//user/_usr_bigdataprd/certs/millennium_bigdata.password.jceks --connect "jdbc:oracle:thin:@(description=(address=(protocol=tcp)(host=lpfcmdb01.sdc.domhiae.einstein.br)(port=1521))(connect_data=(service_name=prods.world)))" --username usr_big --password-alias millennium_bigdata.password.alias --query "select min(updt_dt_tm), max(updt_dt_tm) from v500.PRSNL"

# echo "v500.CONTAINER"
# sqoop eval -Dhadoop.security.credential.provider.path=jceks://hdfs//user/_usr_bigdataprd/certs/millennium_bigdata.password.jceks --connect "jdbc:oracle:thin:@(description=(address=(protocol=tcp)(host=lpfcmdb01.sdc.domhiae.einstein.br)(port=1521))(connect_data=(service_name=prods.world)))" --username usr_big --password-alias millennium_bigdata.password.alias --query "select min(updt_dt_tm), max(updt_dt_tm) from v500.CONTAINER"

# echo "v500.PRSNL_ALIAS"
# sqoop eval -Dhadoop.security.credential.provider.path=jceks://hdfs//user/_usr_bigdataprd/certs/millennium_bigdata.password.jceks --connect "jdbc:oracle:thin:@(description=(address=(protocol=tcp)(host=lpfcmdb01.sdc.domhiae.einstein.br)(port=1521))(connect_data=(service_name=prods.world)))" --username usr_big --password-alias millennium_bigdata.password.alias --query "select min(updt_dt_tm), max(updt_dt_tm) from v500.PRSNL_ALIAS"

# echo "v500.DIAGNOSIS"
# sqoop eval -Dhadoop.security.credential.provider.path=jceks://hdfs//user/_usr_bigdataprd/certs/millennium_bigdata.password.jceks --connect "jdbc:oracle:thin:@(description=(address=(protocol=tcp)(host=lpfcmdb01.sdc.domhiae.einstein.br)(port=1521))(connect_data=(service_name=prods.world)))" --username usr_big --password-alias millennium_bigdata.password.alias --query "select min(updt_dt_tm), max(updt_dt_tm) from v500.DIAGNOSIS"

# echo "v500.SCH_EVENT"
# sqoop eval -Dhadoop.security.credential.provider.path=jceks://hdfs//user/_usr_bigdataprd/certs/millennium_bigdata.password.jceks --connect "jdbc:oracle:thin:@(description=(address=(protocol=tcp)(host=lpfcmdb01.sdc.domhiae.einstein.br)(port=1521))(connect_data=(service_name=prods.world)))" --username usr_big --password-alias millennium_bigdata.password.alias --query "select min(updt_dt_tm), max(updt_dt_tm) from v500.SCH_EVENT"

# echo "v500.ORDER_CATALOG_SYNONYM"
# sqoop eval -Dhadoop.security.credential.provider.path=jceks://hdfs//user/_usr_bigdataprd/certs/millennium_bigdata.password.jceks --connect "jdbc:oracle:thin:@(description=(address=(protocol=tcp)(host=lpfcmdb01.sdc.domhiae.einstein.br)(port=1521))(connect_data=(service_name=prods.world)))" --username usr_big --password-alias millennium_bigdata.password.alias --query "select min(updt_dt_tm), max(updt_dt_tm) from v500.ORDER_CATALOG_SYNONYM"

# echo "v500.SURG_CASE_PROCEDURE"
# sqoop eval -Dhadoop.security.credential.provider.path=jceks://hdfs//user/_usr_bigdataprd/certs/millennium_bigdata.password.jceks --connect "jdbc:oracle:thin:@(description=(address=(protocol=tcp)(host=lpfcmdb01.sdc.domhiae.einstein.br)(port=1521))(connect_data=(service_name=prods.world)))" --username usr_big --password-alias millennium_bigdata.password.alias --query "select min(updt_dt_tm), max(updt_dt_tm) from v500.SURG_CASE_PROCEDURE"

# echo "v500.V500_EVENT_SET_EXPLODE"
# sqoop eval -Dhadoop.security.credential.provider.path=jceks://hdfs//user/_usr_bigdataprd/certs/millennium_bigdata.password.jceks --connect "jdbc:oracle:thin:@(description=(address=(protocol=tcp)(host=lpfcmdb01.sdc.domhiae.einstein.br)(port=1521))(connect_data=(service_name=prods.world)))" --username usr_big --password-alias millennium_bigdata.password.alias --query "select min(updt_dt_tm), max(updt_dt_tm) from v500.V500_EVENT_SET_EXPLODE"

# echo "v500.ENCNTR_PRSNL_RELTN_HISTORY"
# sqoop eval -Dhadoop.security.credential.provider.path=jceks://hdfs//user/_usr_bigdataprd/certs/millennium_bigdata.password.jceks --connect "jdbc:oracle:thin:@(description=(address=(protocol=tcp)(host=lpfcmdb01.sdc.domhiae.einstein.br)(port=1521))(connect_data=(service_name=prods.world)))" --username usr_big --password-alias millennium_bigdata.password.alias --query "select min(updt_dt_tm), max(updt_dt_tm) from v500.ENCNTR_PRSNL_RELTN_HISTORY"

# echo "v500.V500_SPECIMEN"
# sqoop eval -Dhadoop.security.credential.provider.path=jceks://hdfs//user/_usr_bigdataprd/certs/millennium_bigdata.password.jceks --connect "jdbc:oracle:thin:@(description=(address=(protocol=tcp)(host=lpfcmdb01.sdc.domhiae.einstein.br)(port=1521))(connect_data=(service_name=prods.world)))" --username usr_big --password-alias millennium_bigdata.password.alias --query "select min(updt_dt_tm), max(updt_dt_tm) from v500.V500_SPECIMEN"

# echo "v500.ORDER_ENTRY_FIELDS"
# sqoop eval -Dhadoop.security.credential.provider.path=jceks://hdfs//user/_usr_bigdataprd/certs/millennium_bigdata.password.jceks --connect "jdbc:oracle:thin:@(description=(address=(protocol=tcp)(host=lpfcmdb01.sdc.domhiae.einstein.br)(port=1521))(connect_data=(service_name=prods.world)))" --username usr_big --password-alias millennium_bigdata.password.alias --query "select min(updt_dt_tm), max(updt_dt_tm) from v500.ORDER_ENTRY_FIELDS"

# echo "v500.RESULT"
# sqoop eval -Dhadoop.security.credential.provider.path=jceks://hdfs//user/_usr_bigdataprd/certs/millennium_bigdata.password.jceks --connect "jdbc:oracle:thin:@(description=(address=(protocol=tcp)(host=lpfcmdb01.sdc.domhiae.einstein.br)(port=1521))(connect_data=(service_name=prods.world)))" --username usr_big --password-alias millennium_bigdata.password.alias --query "select min(updt_dt_tm), max(updt_dt_tm) from v500.RESULT"

# echo "v500.ENCNTR_ALIAS"
# sqoop eval -Dhadoop.security.credential.provider.path=jceks://hdfs//user/_usr_bigdataprd/certs/millennium_bigdata.password.jceks --connect "jdbc:oracle:thin:@(description=(address=(protocol=tcp)(host=lpfcmdb01.sdc.domhiae.einstein.br)(port=1521))(connect_data=(service_name=prods.world)))" --username usr_big --password-alias millennium_bigdata.password.alias --query "select min(updt_dt_tm), max(updt_dt_tm) from v500.ENCNTR_ALIAS"

# echo "v500.PERSON_ALIAS"
# sqoop eval -Dhadoop.security.credential.provider.path=jceks://hdfs//user/_usr_bigdataprd/certs/millennium_bigdata.password.jceks --connect "jdbc:oracle:thin:@(description=(address=(protocol=tcp)(host=lpfcmdb01.sdc.domhiae.einstein.br)(port=1521))(connect_data=(service_name=prods.world)))" --username usr_big --password-alias millennium_bigdata.password.alias --query "select min(updt_dt_tm), max(updt_dt_tm) from v500.PERSON_ALIAS"

# echo "v500.PERSON_PRSNL_ACTIVITY"
# sqoop eval -Dhadoop.security.credential.provider.path=jceks://hdfs//user/_usr_bigdataprd/certs/millennium_bigdata.password.jceks --connect "jdbc:oracle:thin:@(description=(address=(protocol=tcp)(host=lpfcmdb01.sdc.domhiae.einstein.br)(port=1521))(connect_data=(service_name=prods.world)))" --username usr_big --password-alias millennium_bigdata.password.alias --query "select min(updt_dt_tm), max(updt_dt_tm) from v500.PERSON_PRSNL_ACTIVITY"

# echo "v500.CE_BLOB_RESULT"
# sqoop eval -Dhadoop.security.credential.provider.path=jceks://hdfs//user/_usr_bigdataprd/certs/millennium_bigdata.password.jceks --connect "jdbc:oracle:thin:@(description=(address=(protocol=tcp)(host=lpfcmdb01.sdc.domhiae.einstein.br)(port=1521))(connect_data=(service_name=prods.world)))" --username usr_big --password-alias millennium_bigdata.password.alias --query "select min(updt_dt_tm), max(updt_dt_tm) from v500.CE_BLOB_RESULT"

# echo "v500.PROBLEM"
# sqoop eval -Dhadoop.security.credential.provider.path=jceks://hdfs//user/_usr_bigdataprd/certs/millennium_bigdata.password.jceks --connect "jdbc:oracle:thin:@(description=(address=(protocol=tcp)(host=lpfcmdb01.sdc.domhiae.einstein.br)(port=1521))(connect_data=(service_name=prods.world)))" --username usr_big --password-alias millennium_bigdata.password.alias --query "select min(updt_dt_tm), max(updt_dt_tm) from v500.PROBLEM"

# echo "v500.PRSNL_GROUP"
# sqoop eval -Dhadoop.security.credential.provider.path=jceks://hdfs//user/_usr_bigdataprd/certs/millennium_bigdata.password.jceks --connect "jdbc:oracle:thin:@(description=(address=(protocol=tcp)(host=lpfcmdb01.sdc.domhiae.einstein.br)(port=1521))(connect_data=(service_name=prods.world)))" --username usr_big --password-alias millennium_bigdata.password.alias --query "select min(updt_dt_tm), max(updt_dt_tm) from v500.PRSNL_GROUP"

# echo "v500.SURGICAL_CASE"
# sqoop eval -Dhadoop.security.credential.provider.path=jceks://hdfs//user/_usr_bigdataprd/certs/millennium_bigdata.password.jceks --connect "jdbc:oracle:thin:@(description=(address=(protocol=tcp)(host=lpfcmdb01.sdc.domhiae.einstein.br)(port=1521))(connect_data=(service_name=prods.world)))" --username usr_big --password-alias millennium_bigdata.password.alias --query "select min(updt_dt_tm), max(updt_dt_tm) from v500.SURGICAL_CASE"

# echo "v500.SCH_EVENT_ALIAS"
# sqoop eval -Dhadoop.security.credential.provider.path=jceks://hdfs//user/_usr_bigdataprd/certs/millennium_bigdata.password.jceks --connect "jdbc:oracle:thin:@(description=(address=(protocol=tcp)(host=lpfcmdb01.sdc.domhiae.einstein.br)(port=1521))(connect_data=(service_name=prods.world)))" --username usr_big --password-alias millennium_bigdata.password.alias --query "select min(updt_dt_tm), max(updt_dt_tm) from v500.SCH_EVENT_ALIAS"

# echo "v500.CODE_VALUE_ALIAS"
# sqoop eval -Dhadoop.security.credential.provider.path=jceks://hdfs//user/_usr_bigdataprd/certs/millennium_bigdata.password.jceks --connect "jdbc:oracle:thin:@(description=(address=(protocol=tcp)(host=lpfcmdb01.sdc.domhiae.einstein.br)(port=1521))(connect_data=(service_name=prods.world)))" --username usr_big --password-alias millennium_bigdata.password.alias --query "select min(updt_dt_tm), max(updt_dt_tm) from v500.CODE_VALUE_ALIAS"

# echo "v500.ORDER_CATALOG"
# sqoop eval -Dhadoop.security.credential.provider.path=jceks://hdfs//user/_usr_bigdataprd/certs/millennium_bigdata.password.jceks --connect "jdbc:oracle:thin:@(description=(address=(protocol=tcp)(host=lpfcmdb01.sdc.domhiae.einstein.br)(port=1521))(connect_data=(service_name=prods.world)))" --username usr_big --password-alias millennium_bigdata.password.alias --query "select min(updt_dt_tm), max(updt_dt_tm) from v500.ORDER_CATALOG"

# echo "v500.SCH_APPT"
# sqoop eval -Dhadoop.security.credential.provider.path=jceks://hdfs//user/_usr_bigdataprd/certs/millennium_bigdata.password.jceks --connect "jdbc:oracle:thin:@(description=(address=(protocol=tcp)(host=lpfcmdb01.sdc.domhiae.einstein.br)(port=1521))(connect_data=(service_name=prods.world)))" --username usr_big --password-alias millennium_bigdata.password.alias --query "select min(updt_dt_tm), max(updt_dt_tm) from v500.SCH_APPT"

# echo "v500.ENCOUNTER"
# sqoop eval -Dhadoop.security.credential.provider.path=jceks://hdfs//user/_usr_bigdataprd/certs/millennium_bigdata.password.jceks --connect "jdbc:oracle:thin:@(description=(address=(protocol=tcp)(host=lpfcmdb01.sdc.domhiae.einstein.br)(port=1521))(connect_data=(service_name=prods.world)))" --username usr_big --password-alias millennium_bigdata.password.alias --query "select min(updt_dt_tm), max(updt_dt_tm) from v500.ENCOUNTER"

# echo "v500.ORDER_PRODUCT"
# sqoop eval -Dhadoop.security.credential.provider.path=jceks://hdfs//user/_usr_bigdataprd/certs/millennium_bigdata.password.jceks --connect "jdbc:oracle:thin:@(description=(address=(protocol=tcp)(host=lpfcmdb01.sdc.domhiae.einstein.br)(port=1521))(connect_data=(service_name=prods.world)))" --username usr_big --password-alias millennium_bigdata.password.alias --query "select min(updt_dt_tm), max(updt_dt_tm) from v500.ORDER_PRODUCT"

# echo "v500.ENCNTR_LOC_HIST"
# sqoop eval -Dhadoop.security.credential.provider.path=jceks://hdfs//user/_usr_bigdataprd/certs/millennium_bigdata.password.jceks --connect "jdbc:oracle:thin:@(description=(address=(protocol=tcp)(host=lpfcmdb01.sdc.domhiae.einstein.br)(port=1521))(connect_data=(service_name=prods.world)))" --username usr_big --password-alias millennium_bigdata.password.alias --query "select min(updt_dt_tm), max(updt_dt_tm) from v500.ENCNTR_LOC_HIST"

# echo "v500.ENCNTR_LOC_HIST"
# sqoop eval -Dhadoop.security.credential.provider.path=jceks://hdfs//user/_usr_bigdataprd/certs/millennium_bigdata.password.jceks --connect "jdbc:oracle:thin:@(description=(address=(protocol=tcp)(host=lpfcmdb01.sdc.domhiae.einstein.br)(port=1521))(connect_data=(service_name=prods.world)))" --username usr_big --password-alias millennium_bigdata.password.alias --query "select min(updt_dt_tm), max(updt_dt_tm) from v500.ENCNTR_LOC_HIST"

# echo "v500.PERFORM_RESULT"
# sqoop eval -Dhadoop.security.credential.provider.path=jceks://hdfs//user/_usr_bigdataprd/certs/millennium_bigdata.password.jceks --connect "jdbc:oracle:thin:@(description=(address=(protocol=tcp)(host=lpfcmdb01.sdc.domhiae.einstein.br)(port=1521))(connect_data=(service_name=prods.world)))" --username usr_big --password-alias millennium_bigdata.password.alias --query "select min(updt_dt_tm), max(updt_dt_tm) from v500.PERFORM_RESULT"

# echo "v500.CE_STRING_RESULT"
# sqoop eval -Dhadoop.security.credential.provider.path=jceks://hdfs//user/_usr_bigdataprd/certs/millennium_bigdata.password.jceks --connect "jdbc:oracle:thin:@(description=(address=(protocol=tcp)(host=lpfcmdb01.sdc.domhiae.einstein.br)(port=1521))(connect_data=(service_name=prods.world)))" --username usr_big --password-alias millennium_bigdata.password.alias --query "select min(updt_dt_tm), max(updt_dt_tm) from v500.CE_STRING_RESULT"

# echo "v500.CE_MED_RESULT"
# sqoop eval -Dhadoop.security.credential.provider.path=jceks://hdfs//user/_usr_bigdataprd/certs/millennium_bigdata.password.jceks --connect "jdbc:oracle:thin:@(description=(address=(protocol=tcp)(host=lpfcmdb01.sdc.domhiae.einstein.br)(port=1521))(connect_data=(service_name=prods.world)))" --username usr_big --password-alias millennium_bigdata.password.alias --query "select min(updt_dt_tm), max(updt_dt_tm) from v500.CE_MED_RESULT"

# echo "v500.CE_RESULT_SET_LINK"
# sqoop eval -Dhadoop.security.credential.provider.path=jceks://hdfs//user/_usr_bigdataprd/certs/millennium_bigdata.password.jceks --connect "jdbc:oracle:thin:@(description=(address=(protocol=tcp)(host=lpfcmdb01.sdc.domhiae.einstein.br)(port=1521))(connect_data=(service_name=prods.world)))" --username usr_big --password-alias millennium_bigdata.password.alias --query "select min(updt_dt_tm), max(updt_dt_tm) from v500.CE_RESULT_SET_LINK"

# echo "v500.CE_CODED_RESULT"
# sqoop eval -Dhadoop.security.credential.provider.path=jceks://hdfs//user/_usr_bigdataprd/certs/millennium_bigdata.password.jceks --connect "jdbc:oracle:thin:@(description=(address=(protocol=tcp)(host=lpfcmdb01.sdc.domhiae.einstein.br)(port=1521))(connect_data=(service_name=prods.world)))" --username usr_big --password-alias millennium_bigdata.password.alias --query "select min(updt_dt_tm), max(updt_dt_tm) from v500.CE_CODED_RESULT"

# echo "v500.ORDER_DETAIL"
# sqoop eval -Dhadoop.security.credential.provider.path=jceks://hdfs//user/_usr_bigdataprd/certs/millennium_bigdata.password.jceks --connect "jdbc:oracle:thin:@(description=(address=(protocol=tcp)(host=lpfcmdb01.sdc.domhiae.einstein.br)(port=1521))(connect_data=(service_name=prods.world)))" --username usr_big --password-alias millennium_bigdata.password.alias --query "select min(updt_dt_tm), max(updt_dt_tm) from v500.ORDER_DETAIL"

# echo "v500.CE_EVENT_PRSNL"
# sqoop eval -Dhadoop.security.credential.provider.path=jceks://hdfs//user/_usr_bigdataprd/certs/millennium_bigdata.password.jceks --connect "jdbc:oracle:thin:@(description=(address=(protocol=tcp)(host=lpfcmdb01.sdc.domhiae.einstein.br)(port=1521))(connect_data=(service_name=prods.world)))" --username usr_big --password-alias millennium_bigdata.password.alias --query "select min(updt_dt_tm), max(updt_dt_tm) from v500.CE_EVENT_PRSNL"

# echo "v500.ORDER_ACTION"
# sqoop eval -Dhadoop.security.credential.provider.path=jceks://hdfs//user/_usr_bigdataprd/certs/millennium_bigdata.password.jceks --connect "jdbc:oracle:thin:@(description=(address=(protocol=tcp)(host=lpfcmdb01.sdc.domhiae.einstein.br)(port=1521))(connect_data=(service_name=prods.world)))" --username usr_big --password-alias millennium_bigdata.password.alias --query "select min(updt_dt_tm), max(updt_dt_tm) from v500.ORDER_ACTION"

# echo "v500.ORDER_PROPOSAL"
# sqoop eval -Dhadoop.security.credential.provider.path=jceks://hdfs//user/_usr_bigdataprd/certs/millennium_bigdata.password.jceks --connect "jdbc:oracle:thin:@(description=(address=(protocol=tcp)(host=lpfcmdb01.sdc.domhiae.einstein.br)(port=1521))(connect_data=(service_name=prods.world)))" --username usr_big --password-alias millennium_bigdata.password.alias --query "select min(updt_dt_tm), max(updt_dt_tm) from v500.ORDER_PROPOSAL"

# echo "v500.CE_BLOB"
# sqoop eval -Dhadoop.security.credential.provider.path=jceks://hdfs//user/_usr_bigdataprd/certs/millennium_bigdata.password.jceks --connect "jdbc:oracle:thin:@(description=(address=(protocol=tcp)(host=lpfcmdb01.sdc.domhiae.einstein.br)(port=1521))(connect_data=(service_name=prods.world)))" --username usr_big --password-alias millennium_bigdata.password.alias --query "select min(updt_dt_tm), max(updt_dt_tm) from v500.CE_BLOB"

# echo "v500.CLINICAL_EVENT"
# sqoop eval -Dhadoop.security.credential.provider.path=jceks://hdfs//user/_usr_bigdataprd/certs/millennium_bigdata.password.jceks --connect "jdbc:oracle:thin:@(description=(address=(protocol=tcp)(host=lpfcmdb01.sdc.domhiae.einstein.br)(port=1521))(connect_data=(service_name=prods.world)))" --username usr_big --password-alias millennium_bigdata.password.alias --query "select min(updt_dt_tm), max(updt_dt_tm) from v500.CLINICAL_EVENT"

# echo "v500.ORDERS"
# sqoop eval -Dhadoop.security.credential.provider.path=jceks://hdfs//user/_usr_bigdataprd/certs/millennium_bigdata.password.jceks --connect "jdbc:oracle:thin:@(description=(address=(protocol=tcp)(host=lpfcmdb01.sdc.domhiae.einstein.br)(port=1521))(connect_data=(service_name=prods.world)))" --username usr_big --password-alias millennium_bigdata.password.alias --query "select min(updt_dt_tm), max(updt_dt_tm) from v500.ORDERS"

# echo "v500.LONG_TEXT"
# sqoop eval -Dhadoop.security.credential.provider.path=jceks://hdfs//user/_usr_bigdataprd/certs/millennium_bigdata.password.jceks --connect "jdbc:oracle:thin:@(description=(address=(protocol=tcp)(host=lpfcmdb01.sdc.domhiae.einstein.br)(port=1521))(connect_data=(service_name=prods.world)))" --username usr_big --password-alias millennium_bigdata.password.alias --query "select min(updt_dt_tm), max(updt_dt_tm) from v500.LONG_TEXT"

# echo "v500.PERSON_PERSON_RELTN"
# sqoop eval -Dhadoop.security.credential.provider.path=jceks://hdfs//user/_usr_bigdataprd/certs/millennium_bigdata.password.jceks --connect "jdbc:oracle:thin:@(description=(address=(protocol=tcp)(host=lpfcmdb01.sdc.domhiae.einstein.br)(port=1521))(connect_data=(service_name=prods.world)))" --username usr_big --password-alias millennium_bigdata.password.alias --query "select min(updt_dt_tm), max(updt_dt_tm) from v500.PERSON_PERSON_RELTN"

# echo "v500.ENCNTR_PRSNL_RELTN"
# sqoop eval -Dhadoop.security.credential.provider.path=jceks://hdfs//user/_usr_bigdataprd/certs/millennium_bigdata.password.jceks --connect "jdbc:oracle:thin:@(description=(address=(protocol=tcp)(host=lpfcmdb01.sdc.domhiae.einstein.br)(port=1521))(connect_data=(service_name=prods.world)))" --username usr_big --password-alias millennium_bigdata.password.alias --query "select min(updt_dt_tm), max(updt_dt_tm) from v500.ENCNTR_PRSNL_RELTN"

# echo "v500.CODE_VALUE_SET"
# sqoop eval -Dhadoop.security.credential.provider.path=jceks://hdfs//user/_usr_bigdataprd/certs/millennium_bigdata.password.jceks --connect "jdbc:oracle:thin:@(description=(address=(protocol=tcp)(host=lpfcmdb01.sdc.domhiae.einstein.br)(port=1521))(connect_data=(service_name=prods.world)))" --username usr_big --password-alias millennium_bigdata.password.alias --query "select min(updt_dt_tm), max(updt_dt_tm) from v500.CODE_VALUE_SET"

# echo "v500.CE_DATE_RESULT"
# sqoop eval -Dhadoop.security.credential.provider.path=jceks://hdfs//user/_usr_bigdataprd/certs/millennium_bigdata.password.jceks --connect "jdbc:oracle:thin:@(description=(address=(protocol=tcp)(host=lpfcmdb01.sdc.domhiae.einstein.br)(port=1521))(connect_data=(service_name=prods.world)))" --username usr_big --password-alias millennium_bigdata.password.alias --query "select min(updt_dt_tm), max(updt_dt_tm) from v500.CE_DATE_RESULT"

# echo "v500.ACCESSION_ORDER_R"
# sqoop eval -Dhadoop.security.credential.provider.path=jceks://hdfs//user/_usr_bigdataprd/certs/millennium_bigdata.password.jceks --connect "jdbc:oracle:thin:@(description=(address=(protocol=tcp)(host=lpfcmdb01.sdc.domhiae.einstein.br)(port=1521))(connect_data=(service_name=prods.world)))" --username usr_big --password-alias millennium_bigdata.password.alias --query "select min(updt_dt_tm), max(updt_dt_tm) from v500.ACCESSION_ORDER_R"

# echo "v500.CE_SPECIMEN_COLL"
# sqoop eval -Dhadoop.security.credential.provider.path=jceks://hdfs//user/_usr_bigdataprd/certs/millennium_bigdata.password.jceks --connect "jdbc:oracle:thin:@(description=(address=(protocol=tcp)(host=lpfcmdb01.sdc.domhiae.einstein.br)(port=1521))(connect_data=(service_name=prods.world)))" --username usr_big --password-alias millennium_bigdata.password.alias --query "select min(updt_dt_tm), max(updt_dt_tm) from v500.CE_SPECIMEN_COLL"

# echo "v500.MIC_IC_ORDERS"
# sqoop eval -Dhadoop.security.credential.provider.path=jceks://hdfs//user/_usr_bigdataprd/certs/millennium_bigdata.password.jceks --connect "jdbc:oracle:thin:@(description=(address=(protocol=tcp)(host=lpfcmdb01.sdc.domhiae.einstein.br)(port=1521))(connect_data=(service_name=prods.world)))" --username usr_big --password-alias millennium_bigdata.password.alias --query "select min(updt_dt_tm), max(updt_dt_tm) from v500.MIC_IC_ORDERS"

# echo "v500.MIC_TASK_LOG"
# sqoop eval -Dhadoop.security.credential.provider.path=jceks://hdfs//user/_usr_bigdataprd/certs/millennium_bigdata.password.jceks --connect "jdbc:oracle:thin:@(description=(address=(protocol=tcp)(host=lpfcmdb01.sdc.domhiae.einstein.br)(port=1521))(connect_data=(service_name=prods.world)))" --username usr_big --password-alias millennium_bigdata.password.alias --query "select min(updt_dt_tm), max(updt_dt_tm) from v500.MIC_TASK_LOG"

# echo "v500.UM_CHARGE_EVENT_ST"
# sqoop eval -Dhadoop.security.credential.provider.path=jceks://hdfs//user/_usr_bigdataprd/certs/millennium_bigdata.password.jceks --connect "jdbc:oracle:thin:@(description=(address=(protocol=tcp)(host=lpfcmdb01.sdc.domhiae.einstein.br)(port=1521))(connect_data=(service_name=prods.world)))" --username usr_big --password-alias millennium_bigdata.password.alias --query "select min(updt_dt_tm), max(updt_dt_tm) from v500.UM_CHARGE_EVENT_ST"

# echo "v500.CE_MICROBIOLOGY"
# sqoop eval -Dhadoop.security.credential.provider.path=jceks://hdfs//user/_usr_bigdataprd/certs/millennium_bigdata.password.jceks --connect "jdbc:oracle:thin:@(description=(address=(protocol=tcp)(host=lpfcmdb01.sdc.domhiae.einstein.br)(port=1521))(connect_data=(service_name=prods.world)))" --username usr_big --password-alias millennium_bigdata.password.alias --query "select min(updt_dt_tm), max(updt_dt_tm) from v500.CE_MICROBIOLOGY"

# echo "v500.MIC_EVENT_DETAIL"
# sqoop eval -Dhadoop.security.credential.provider.path=jceks://hdfs//user/_usr_bigdataprd/certs/millennium_bigdata.password.jceks --connect "jdbc:oracle:thin:@(description=(address=(protocol=tcp)(host=lpfcmdb01.sdc.domhiae.einstein.br)(port=1521))(connect_data=(service_name=prods.world)))" --username usr_big --password-alias millennium_bigdata.password.alias --query "select min(updt_dt_tm), max(updt_dt_tm) from v500.MIC_EVENT_DETAIL"

# echo "v500.MIC_ORDER_LAB"
# sqoop eval -Dhadoop.security.credential.provider.path=jceks://hdfs//user/_usr_bigdataprd/certs/millennium_bigdata.password.jceks --connect "jdbc:oracle:thin:@(description=(address=(protocol=tcp)(host=lpfcmdb01.sdc.domhiae.einstein.br)(port=1521))(connect_data=(service_name=prods.world)))" --username usr_big --password-alias millennium_bigdata.password.alias --query "select min(updt_dt_tm), max(updt_dt_tm) from v500.MIC_ORDER_LAB"

# echo "v500.PATHWAY"
# sqoop eval -Dhadoop.security.credential.provider.path=jceks://hdfs//user/_usr_bigdataprd/certs/millennium_bigdata.password.jceks --connect "jdbc:oracle:thin:@(description=(address=(protocol=tcp)(host=lpfcmdb01.sdc.domhiae.einstein.br)(port=1521))(connect_data=(service_name=prods.world)))" --username usr_big --password-alias millennium_bigdata.password.alias --query "select min(updt_dt_tm), max(updt_dt_tm) from v500.PATHWAY"

# echo "v500.PATHWAY_ACTION"
# sqoop eval -Dhadoop.security.credential.provider.path=jceks://hdfs//user/_usr_bigdataprd/certs/millennium_bigdata.password.jceks --connect "jdbc:oracle:thin:@(description=(address=(protocol=tcp)(host=lpfcmdb01.sdc.domhiae.einstein.br)(port=1521))(connect_data=(service_name=prods.world)))" --username usr_big --password-alias millennium_bigdata.password.alias --query "select min(updt_dt_tm), max(updt_dt_tm) from v500.PATHWAY_ACTION"

# echo "v500.PATHWAY_CATALOG"
# sqoop eval -Dhadoop.security.credential.provider.path=jceks://hdfs//user/_usr_bigdataprd/certs/millennium_bigdata.password.jceks --connect "jdbc:oracle:thin:@(description=(address=(protocol=tcp)(host=lpfcmdb01.sdc.domhiae.einstein.br)(port=1521))(connect_data=(service_name=prods.world)))" --username usr_big --password-alias millennium_bigdata.password.alias --query "select min(updt_dt_tm), max(updt_dt_tm) from v500.PATHWAY_CATALOG"

# echo "v500.PATHWAY_COMP"
# sqoop eval -Dhadoop.security.credential.provider.path=jceks://hdfs//user/_usr_bigdataprd/certs/millennium_bigdata.password.jceks --connect "jdbc:oracle:thin:@(description=(address=(protocol=tcp)(host=lpfcmdb01.sdc.domhiae.einstein.br)(port=1521))(connect_data=(service_name=prods.world)))" --username usr_big --password-alias millennium_bigdata.password.alias --query "select min(updt_dt_tm), max(updt_dt_tm) from v500.PATHWAY_COMP"

# echo "v500.PATHWAY_CUSTOMIZED_NOTIFY"
# sqoop eval -Dhadoop.security.credential.provider.path=jceks://hdfs//user/_usr_bigdataprd/certs/millennium_bigdata.password.jceks --connect "jdbc:oracle:thin:@(description=(address=(protocol=tcp)(host=lpfcmdb01.sdc.domhiae.einstein.br)(port=1521))(connect_data=(service_name=prods.world)))" --username usr_big --password-alias millennium_bigdata.password.alias --query "select min(updt_dt_tm), max(updt_dt_tm) from v500.PATHWAY_CUSTOMIZED_NOTIFY"

# echo "v500.PATHWAY_CUSTOMIZED_PLAN"
# sqoop eval -Dhadoop.security.credential.provider.path=jceks://hdfs//user/_usr_bigdataprd/certs/millennium_bigdata.password.jceks --connect "jdbc:oracle:thin:@(description=(address=(protocol=tcp)(host=lpfcmdb01.sdc.domhiae.einstein.br)(port=1521))(connect_data=(service_name=prods.world)))" --username usr_big --password-alias millennium_bigdata.password.alias --query "select min(updt_dt_tm), max(updt_dt_tm) from v500.PATHWAY_CUSTOMIZED_PLAN"

# echo "v500.PATHWAY_NOTIFICATION"
# sqoop eval -Dhadoop.security.credential.provider.path=jceks://hdfs//user/_usr_bigdataprd/certs/millennium_bigdata.password.jceks --connect "jdbc:oracle:thin:@(description=(address=(protocol=tcp)(host=lpfcmdb01.sdc.domhiae.einstein.br)(port=1521))(connect_data=(service_name=prods.world)))" --username usr_big --password-alias millennium_bigdata.password.alias --query "select min(updt_dt_tm), max(updt_dt_tm) from v500.PATHWAY_NOTIFICATION"

# echo "v500.PATHWAY_RELTN"
# sqoop eval -Dhadoop.security.credential.provider.path=jceks://hdfs//user/_usr_bigdataprd/certs/millennium_bigdata.password.jceks --connect "jdbc:oracle:thin:@(description=(address=(protocol=tcp)(host=lpfcmdb01.sdc.domhiae.einstein.br)(port=1521))(connect_data=(service_name=prods.world)))" --username usr_big --password-alias millennium_bigdata.password.alias --query "select min(updt_dt_tm), max(updt_dt_tm) from v500.PATHWAY_RELTN"

# echo "v500.PATHWAY_REVIEW"
# sqoop eval -Dhadoop.security.credential.provider.path=jceks://hdfs//user/_usr_bigdataprd/certs/millennium_bigdata.password.jceks --connect "jdbc:oracle:thin:@(description=(address=(protocol=tcp)(host=lpfcmdb01.sdc.domhiae.einstein.br)(port=1521))(connect_data=(service_name=prods.world)))" --username usr_big --password-alias millennium_bigdata.password.alias --query "select min(updt_dt_tm), max(updt_dt_tm) from v500.PATHWAY_REVIEW"

# echo "v500.PATHWAY_RULE"
# sqoop eval -Dhadoop.security.credential.provider.path=jceks://hdfs//user/_usr_bigdataprd/certs/millennium_bigdata.password.jceks --connect "jdbc:oracle:thin:@(description=(address=(protocol=tcp)(host=lpfcmdb01.sdc.domhiae.einstein.br)(port=1521))(connect_data=(service_name=prods.world)))" --username usr_big --password-alias millennium_bigdata.password.alias --query "select min(updt_dt_tm), max(updt_dt_tm) from v500.PATHWAY_RULE"

# echo "v500.TASK_ACTIVITY"
# sqoop eval -Dhadoop.security.credential.provider.path=jceks://hdfs//user/_usr_bigdataprd/certs/millennium_bigdata.password.jceks --connect "jdbc:oracle:thin:@(description=(address=(protocol=tcp)(host=lpfcmdb01.sdc.domhiae.einstein.br)(port=1521))(connect_data=(service_name=prods.world)))" --username usr_big --password-alias millennium_bigdata.password.alias --query "select min(updt_dt_tm), max(updt_dt_tm) from v500.TASK_ACTIVITY"

# echo "v500.RESULT_COMMENT"
# sqoop eval -Dhadoop.security.credential.provider.path=jceks://hdfs//user/_usr_bigdataprd/certs/millennium_bigdata.password.jceks --connect "jdbc:oracle:thin:@(description=(address=(protocol=tcp)(host=lpfcmdb01.sdc.domhiae.einstein.br)(port=1521))(connect_data=(service_name=prods.world)))" --username usr_big --password-alias millennium_bigdata.password.alias --query "select min(updt_dt_tm), max(updt_dt_tm) from v500.RESULT_COMMENT"



# beeline -u \
# "jdbc:hive2://lpfbigdap01.einstein.br:10000/default;principal=hive/lpfbigdap01.einstein.br@DOMHIAE.EINSTEIN.BR" \
# -e "DROP TABLE sandbox_eng_dados.ce_string_result;
# CREATE TABLE sandbox_eng_dados.ce_string_result (
#   valid_until_dt_tm STRING,
#   valid_from_dt_tm STRING,
#   last_norm_dt_tm STRING,
#   updt_dt_tm STRING,
#   modify_flag INT,
#   string_long_text_id BIGINT,
#   updt_cnt BIGINT,
#   updt_applctx BIGINT,
#   updt_task BIGINT,
#   updt_id BIGINT,
#   inaccurate_ind INT,
#   feasible_ind INT,
#   unit_of_measure_cd BIGINT,
#   equation_id BIGINT,
#   string_result_format_cd BIGINT,
#   event_id BIGINT,
#   string_result_text STRING,
#   calculation_equation STRING,
#   normal_low STRING,
#   normal_high STRING,
#   critical_low STRING,
#   critical_high STRING
# )
# clustered by (EVENT_ID) into 100000 buckets
# STORED AS PARQUET;"


 ]]></script>
        <scriptargs>task_activity</scriptargs>
      </command>
      <command>
        <description>invlaidate me</description>
        <jobref group='UTILS' name='INVALIDATE METADA' nodeStep='true'>
          <uuid>a25a116f-0043-4af7-b445-9dc4339d7f96</uuid>
        </jobref>
      </command>
    </sequence>
    <uuid>ac53f232-6b72-4a2b-91d4-15941527ff43</uuid>
  </job>
</joblist>