<joblist>
  <job>
    <defaultTab>nodes</defaultTab>
    <description></description>
    <dispatch>
      <excludePrecedence>true</excludePrecedence>
      <keepgoing>false</keepgoing>
      <rankOrder>ascending</rankOrder>
      <successOnEmptyNodeFilter>false</successOnEmptyNodeFilter>
      <threadcount>1</threadcount>
    </dispatch>
    <executionEnabled>true</executionEnabled>
    <group>Teste</group>
    <id>d5ef455e-7797-407f-9e37-22f2a07cd439</id>
    <loglevel>INFO</loglevel>
    <name>TESTE - Carga - long_text</name>
    <nodeFilterEditable>false</nodeFilterEditable>
    <nodefilters>
      <filter>lpfbigdap02</filter>
    </nodefilters>
    <nodesSelectedByDefault>true</nodesSelectedByDefault>
    <scheduleEnabled>true</scheduleEnabled>
    <sequence keepgoing='false' strategy='sequential'>
      <command>
        <script><![CDATA[cd $SCRIPTS_DIR/ingestions/
sh ingestion-new.sh --env millennium --sourcetable long_text --all 1]]></script>
        <scriptargs />
      </command>
    </sequence>
    <uuid>d5ef455e-7797-407f-9e37-22f2a07cd439</uuid>
  </job>
</joblist>