<joblist>
  <job>
    <defaultTab>nodes</defaultTab>
    <description></description>
    <dispatch>
      <excludePrecedence>true</excludePrecedence>
      <keepgoing>false</keepgoing>
      <rankOrder>ascending</rankOrder>
      <successOnEmptyNodeFilter>false</successOnEmptyNodeFilter>
      <threadcount>1</threadcount>
    </dispatch>
    <executionEnabled>true</executionEnabled>
    <group>Teste</group>
    <id>d65cab74-4a03-4c3b-82a4-6af6bc51f77b</id>
    <loglevel>INFO</loglevel>
    <name>TESTE - Carga (N�o reportar erro)</name>
    <nodeFilterEditable>false</nodeFilterEditable>
    <nodefilters>
      <filter>lpfbigdap02</filter>
    </nodefilters>
    <nodesSelectedByDefault>true</nodesSelectedByDefault>
    <scheduleEnabled>true</scheduleEnabled>
    <sequence keepgoing='false' strategy='sequential'>
      <command>
        <script><![CDATA[# cd $SCRIPTS_DIR/ingestions/
# sh ingestion.sh --env millennium --sourcetable CE_STRING_RESULT

# cd $SCRIPTS_DIR/ingestions/
# sh ingestion.sh --env millennium --sourcetable ENCNTR_PRSNL_RELTN

# cd /data/projects/ingestions/teste/bucket
# sh ingestion.sh --env millennium --sourcetable allergy

# cd $SCRIPTS_DIR/ingestions/teste
# sh ingestion.sh --env millennium --sourcetable ORDER_ACTION

# cd $SCRIPTS_DIR/ingestions/src/
# sh pyspark_submit_ingestion_from_sqoop.sh

cd /data/projects/ingestions/teste/bucket
sh ingestion.sh --env millennium --sourcetable ce_event_prsnl --all 1]]></script>
        <scriptargs />
      </command>
    </sequence>
    <uuid>d65cab74-4a03-4c3b-82a4-6af6bc51f77b</uuid>
  </job>
</joblist>