<joblist>
  <job>
    <defaultTab>nodes</defaultTab>
    <description><![CDATA[Ingest�o da tabela COLLECTION_LIST_CONTAINER (Delta)
COLLECTION_LIST_CONTAINER NAO PODE SER FULL POIS NAO PODE DROPAR A TABELA. CERNER NAO ARMAZENA O HISTORICO
]]></description>
    <dispatch>
      <excludePrecedence>true</excludePrecedence>
      <keepgoing>false</keepgoing>
      <rankOrder>ascending</rankOrder>
      <successOnEmptyNodeFilter>false</successOnEmptyNodeFilter>
      <threadcount>1</threadcount>
    </dispatch>
    <executionEnabled>true</executionEnabled>
    <group>STG_MILLENNIUM - Modularizado/STAGE COLLECTIONS</group>
    <id>db465da5-e143-464c-8f46-045563c33cb9</id>
    <loglevel>INFO</loglevel>
    <name>002 - COLLECTION_LIST_CONTAINER</name>
    <nodeFilterEditable>false</nodeFilterEditable>
    <nodefilters>
      <filter>name: lpfbigdap02</filter>
    </nodefilters>
    <nodesSelectedByDefault>true</nodesSelectedByDefault>
    <schedule>
      <month month='*' />
      <time hour='10' minute='00' seconds='0' />
      <weekday day='*' />
      <year year='*' />
    </schedule>
    <scheduleEnabled>true</scheduleEnabled>
    <sequence keepgoing='false' strategy='node-first'>
      <command>
        <description>COLLECTION_LIST_CONTAINER</description>
        <script><![CDATA[# sh ingestion-new.sh --env millennium --sourcetable $1 --sqoop 1 --spark 1 --job_control 1

cd $SCRIPTS_DIR/ingestions/

sh ingestion-new-collections.sh --env millennium --sourcetable $1 --sqoop 1 --spark 1 --job_control 1
]]></script>
        <scriptargs>COLLECTION_LIST_CONTAINER</scriptargs>
      </command>
    </sequence>
    <timeZone>America/Sao_Paulo</timeZone>
    <uuid>db465da5-e143-464c-8f46-045563c33cb9</uuid>
  </job>
</joblist>