<joblist>
  <job>
    <defaultTab>nodes</defaultTab>
    <description><![CDATA[Ingest�o da tabela COLLECTION_LIST (Delta)
COLLECTION_LIST NAO PODE SER FULL POIS NAO PODE DROPAR A TABELA. CERNER NAO ARMAZENA O HISTORICO
]]></description>
    <dispatch>
      <excludePrecedence>true</excludePrecedence>
      <keepgoing>false</keepgoing>
      <rankOrder>ascending</rankOrder>
      <successOnEmptyNodeFilter>false</successOnEmptyNodeFilter>
      <threadcount>1</threadcount>
    </dispatch>
    <executionEnabled>true</executionEnabled>
    <group>STG_MILLENNIUM - Modularizado/STAGE COLLECTIONS</group>
    <id>f71a682a-5b18-42fd-a751-f454f62585a6</id>
    <loglevel>INFO</loglevel>
    <name>001 - COLLECTION_LIST</name>
    <nodeFilterEditable>false</nodeFilterEditable>
    <nodefilters>
      <filter>name: lpfbigdap02</filter>
    </nodefilters>
    <nodesSelectedByDefault>true</nodesSelectedByDefault>
    <schedule>
      <month month='*' />
      <time hour='09' minute='40' seconds='0' />
      <weekday day='*' />
      <year year='*' />
    </schedule>
    <scheduleEnabled>true</scheduleEnabled>
    <sequence keepgoing='false' strategy='node-first'>
      <command>
        <description>COLLECTION_LIST</description>
        <script><![CDATA[# sh ingestion-new.sh --env millennium --sourcetable $1 --sqoop 1 --spark 1 --job_control 1

cd $SCRIPTS_DIR/ingestions/

sh ingestion-new-collections.sh --env millennium --sourcetable $1 --sqoop 1 --spark 1 --job_control 1
]]></script>
        <scriptargs>COLLECTION_LIST</scriptargs>
      </command>
    </sequence>
    <timeZone>America/Sao_Paulo</timeZone>
    <uuid>f71a682a-5b18-42fd-a751-f454f62585a6</uuid>
  </job>
</joblist>