<joblist>
  <job>
    <defaultTab>nodes</defaultTab>
    <description>Ingest�o da Tabela CE_EVENT_PRSNL</description>
    <dispatch>
      <excludePrecedence>true</excludePrecedence>
      <keepgoing>false</keepgoing>
      <rankOrder>ascending</rankOrder>
      <successOnEmptyNodeFilter>false</successOnEmptyNodeFilter>
      <threadcount>1</threadcount>
    </dispatch>
    <executionEnabled>true</executionEnabled>
    <group>Nova STG_MILLENNIUM - Modularizado/Fluxo CE_BLOB</group>
    <id>5eb00c5f-7712-4c51-b493-a6fb14c5e587</id>
    <loglevel>INFO</loglevel>
    <name>CE_EVENT_PRSNL</name>
    <nodeFilterEditable>false</nodeFilterEditable>
    <nodefilters>
      <filter>lpfbigdap02*</filter>
    </nodefilters>
    <nodesSelectedByDefault>true</nodesSelectedByDefault>
    <scheduleEnabled>true</scheduleEnabled>
    <sequence keepgoing='false' strategy='node-first'>
      <command>
        <description>CE_EVENT_PRSNL</description>
        <script><![CDATA[cd $SCRIPTS_DIR/ingestions/
sh ingestion.sh --env millennium --sourcetable $1

# full_sqoop()
# {
# echo "INGESTION_SQOOP_DIR: $INGESTION_SQOOP_DIR"
# cd $INGESTION_SQOOP_DIR
# echo "INICIANDO CARGA DA TABELA $1"
# sh sqoop_import.sh --env millennium --sourcetable $1 --extraoptions "--boundary-query 'select min(CE_EVENT_PRSNL_ID),max(CE_EVENT_PRSNL_ID) from V500.CE_EVENT_PRSNL' --map-column-java VALID_UNTIL_DT_TM=String,VALID_FROM_DT_TM=String,REQUEST_DT_TM=String,ACTION_DT_TM=String,UPDT_DT_TM=String"
# }

# full_tz()
# {
# echo "INICIANDO MUDANCA DE TZ DA FULL TABELA $1"
# cd /data/projects/stg_millennium/ce_event_prsnl
# sh pyspark_submit_fromUTCtoTZ_Full.sh $1-Full stg_millennium.$1 4 3 30g
# }
# delta_sqoop(){
# echo "INGESTION_SQOOP_DIR: $INGESTION_SQOOP_DIR"
# cd $INGESTION_SQOOP_DIR
# echo "INICIANDO CARGA DELTA DA TABELA $1"
# sh sqoop_import.sh --env millennium --sourcetable $1 --dias 1 --mode DELTA --splitby CE_EVENT_PRSNL_ID  --updtcol UPDT_DT_TM --cols "*" --extraoptions "--boundary-query 'select min(CE_EVENT_PRSNL_ID),max(CE_EVENT_PRSNL_ID) from V500.CE_EVENT_PRSNL' --map-column-java VALID_UNTIL_DT_TM=String,VALID_FROM_DT_TM=String,REQUEST_DT_TM=String,ACTION_DT_TM=String,UPDT_DT_TM=String"
# }
# delta_tz(){
# cd /data/projects/stg_millennium/ce_event_prsnl
# sh pyspark_submit_fromUTCtoTZ_delta.sh stage-$1-delta CE_EVENT_PRSNL_ID UPDT_DT_TM stg_millennium.$1 4 3 30g
# }
# drop_tmp()
# {
# hive -e "drop table stg_millennium.$1_tmp"
# hive -e "drop table stg_millennium.$1_delta"
# }

# drop_table(){
# hive -e "drop table stg_millennium.$1"  
# }

# #drop_table $1 && full_sqoop $1 && full_tz $1 && drop_tmp $1 && echo "carga full finalizada com sucesso" || exit 1
# delta_sqoop $1 && delta_tz $1 && echo "carga delta finalizada com sucesso" || exit 1]]></script>
        <scriptargs>CE_EVENT_PRSNL</scriptargs>
      </command>
    </sequence>
    <uuid>5eb00c5f-7712-4c51-b493-a6fb14c5e587</uuid>
  </job>
</joblist>