<joblist>
  <job>
    <defaultTab>nodes</defaultTab>
    <description>Ingest�o da tabela mic_event_detail</description>
    <dispatch>
      <excludePrecedence>true</excludePrecedence>
      <keepgoing>false</keepgoing>
      <rankOrder>ascending</rankOrder>
      <successOnEmptyNodeFilter>false</successOnEmptyNodeFilter>
      <threadcount>1</threadcount>
    </dispatch>
    <executionEnabled>true</executionEnabled>
    <group>Nova STG_MILLENNIUM - Modularizado/Fluxo CE_BLOB</group>
    <id>65db7311-9d40-490a-95ac-42f8c8108c31</id>
    <loglevel>INFO</loglevel>
    <name>MIC_EVENT_DETAIL</name>
    <nodeFilterEditable>false</nodeFilterEditable>
    <nodefilters>
      <filter>lpfbigdap02*</filter>
    </nodefilters>
    <nodesSelectedByDefault>true</nodesSelectedByDefault>
    <scheduleEnabled>true</scheduleEnabled>
    <sequence keepgoing='false' strategy='node-first'>
      <command>
        <description>mic_event_detail</description>
        <script><![CDATA[cd $SCRIPTS_DIR/ingestions/
sh ingestion.sh --env millennium --sourcetable $1

# full_sqoop(){
# echo "INGESTION_SQOOP_DIR: $INGESTION_SQOOP_DIR"
# cd $INGESTION_SQOOP_DIR
# echo "INICIANDO CARGA DA TABELA $1"
# sh sqoop_import.sh --env millennium --sourcetable $1 --extraoptions "--map-column-java TASK_LOG_ID=Long,EVENT_LOG_SEQ=Long,EVENT_DETAIL_SEQ=Long,DETAIL_SUS_CD=Long,PANEL_CD=Long,MEDIA_CD=Long,QUANTITATION_CD=Long,GROUP_BIOCHEM_CD=Long,DETAIL_BIOCHEM_CD=Long,RESULT_NUMERIC=Long,RESULT_TEXT=String,RESULT_UNIT_CD=Long,RESULT_STATUS_CD=Long,POSITIVE_IND=Long,ABNORMAL_IND=Long,CHARTABLE_IND=Long,UPDT_CNT=Long,UPDT_DT_TM=String,UPDT_ID=Long,UPDT_TASK=Long,UPDT_APPLCTX=Long,RESULT_CD=Long,PANEL_MED_CD=Long,PREV_EVENT_DETAIL_SEQ=Long,PREV_EVENT_LOG_SEQ=Long,PREV_TASK_LOG_ID=Long,REPORT_IND=Long"
# }
# full_tz()
# {
# echo "INICIANDO MUDANCA DE TZ DA FULL TABELA $1"
# cd $SCRIPTS_DIR/work-hiae
# sh pyspark_submit_fromUTCtoTZ_Full.sh $1-Full stg_millennium.$1 6 3 5g
# }
# delta_sqoop(){
# echo "INGESTION_SQOOP_DIR: $INGESTION_SQOOP_DIR"
# cd $INGESTION_SQOOP_DIR
# echo "INICIANDO CARGA DA TABELA $1"
# sh sqoop_import.sh --env millennium --mode DELTA --dias 1 --sourcetable $1 --splitby TASK_LOG_ID --updtcol UPDT_DT_TM --cols "TASK_LOG_ID,EVENT_LOG_SEQ,EVENT_DETAIL_SEQ,DETAIL_SUS_CD,PANEL_CD,MEDIA_CD,QUANTITATION_CD,GROUP_BIOCHEM_CD,DETAIL_BIOCHEM_CD,RESULT_NUMERIC,RESULT_TEXT,RESULT_UNIT_CD,RESULT_STATUS_CD,POSITIVE_IND,ABNORMAL_IND,CHARTABLE_IND,UPDT_CNT,UPDT_DT_TM,UPDT_ID,UPDT_TASK,UPDT_APPLCTX,RESULT_CD,PANEL_MED_CD,PREV_EVENT_DETAIL_SEQ,PREV_EVENT_LOG_SEQ,PREV_TASK_LOG_ID,REPORT_IND" --extraoptions "--map-column-java TASK_LOG_ID=Long,EVENT_LOG_SEQ=Long,EVENT_DETAIL_SEQ=Long,DETAIL_SUS_CD=Long,PANEL_CD=Long,MEDIA_CD=Long,QUANTITATION_CD=Long,GROUP_BIOCHEM_CD=Long,DETAIL_BIOCHEM_CD=Long,RESULT_NUMERIC=Long,RESULT_TEXT=String,RESULT_UNIT_CD=Long,RESULT_STATUS_CD=Long,POSITIVE_IND=Long,ABNORMAL_IND=Long,CHARTABLE_IND=Long,UPDT_CNT=Long,UPDT_DT_TM=String,UPDT_ID=Long,UPDT_TASK=Long,UPDT_APPLCTX=Long,RESULT_CD=Long,PANEL_MED_CD=Long,PREV_EVENT_DETAIL_SEQ=Long,PREV_EVENT_LOG_SEQ=Long,PREV_TASK_LOG_ID=Long,REPORT_IND=Long"
# }
# delta_tz(){
# cd $SCRIPTS_DIR/work-hiae
# sh pyspark_submit_fromUTCtoTZ_delta.sh stg-$1-delta TASK_LOG_ID UPDT_DT_TM stg_millennium.mic_event_detail 4 2 5g
# }
# drop_tmp()
# {
# hive -e "drop table stg_millennium.$1_tmp"
# hive -e "drop table stg_millennium.$1_delta"
# }
# drop_table(){
# hive -e "drop table stg_millennium.$1"  
# }


# drop_table $1 && full_sqoop $1 && full_tz $1 && drop_tmp $1 && echo "carga full finalizada com sucesso" || exit 1
# #delta_sqoop $1 && delta_tz $1 && drop_tmp $1 && echo "carga delta finalizada com sucesso" || exit 1
]]></script>
        <scriptargs>mic_event_detail</scriptargs>
      </command>
    </sequence>
    <uuid>65db7311-9d40-490a-95ac-42f8c8108c31</uuid>
  </job>
</joblist>