<joblist>
  <job>
    <defaultTab>nodes</defaultTab>
    <description>Ingest�o da Tabela CE_BLOB_RESULT</description>
    <dispatch>
      <excludePrecedence>true</excludePrecedence>
      <keepgoing>false</keepgoing>
      <rankOrder>ascending</rankOrder>
      <successOnEmptyNodeFilter>false</successOnEmptyNodeFilter>
      <threadcount>1</threadcount>
    </dispatch>
    <executionEnabled>true</executionEnabled>
    <group>Nova STG_MILLENNIUM - Modularizado/Fluxo CE_BLOB</group>
    <id>fa2ce12d-cd3e-4ef6-9809-63aa11a5a8dc</id>
    <loglevel>INFO</loglevel>
    <name>CE_BLOB_RESULT</name>
    <nodeFilterEditable>false</nodeFilterEditable>
    <nodefilters>
      <filter>lpfbigdap02*</filter>
    </nodefilters>
    <nodesSelectedByDefault>true</nodesSelectedByDefault>
    <scheduleEnabled>true</scheduleEnabled>
    <sequence keepgoing='false' strategy='node-first'>
      <command>
        <description>CE_BLOB_RESULT</description>
        <script><![CDATA[cd $SCRIPTS_DIR/ingestions/
sh ingestion.sh --env millennium --sourcetable $1

# # echo "INGESTION_SQOOP_DIR: $INGESTION_SQOOP_DIR"
# # cd $INGESTION_SQOOP_DIR
# # echo "INICIANDO CARGA DA TABELA CE_BLOB_RESULT"
# # sh sqoop_import.sh --env millennium --sourcetable CE_BLOB_RESULT --query " \
# # 'SELECT \
# # v500.CCLSQL_UTC_RULE(VALID_FROM_DT_TM,210) AS VALID_FROM_DT_TM, \
# # UPDT_DT_TM, \
# # v500.CCLSQL_UTC_RULE(VALID_UNTIL_DT_TM,210) AS VALID_UNTIL_DT_TM, \
# # MAX_SEQUENCE_NBR, \
# # EVENT_ID, \
# # SUCCESSION_TYPE_CD, \
# # CHECKSUM, \
# # UPDT_APPLCTX, \
# # DEVICE_CD, \
# # STORAGE_CD, \
# # FORMAT_CD, \
# # VERSION_NBR, \
# # UPDT_ID, \
# # UPDT_TASK, \
# # UPDT_CNT, \
# # BLOB_ATTRIBUTES, \
# # BLOB_HANDLE, \
# # SUB_SERIES_REF_NBR \
# # FROM CE_BLOB_RESULT where \$CONDITIONS'" --splitby EVENT_ID --extraoptions "--map-column-java \
# # VALID_FROM_DT_TM=String,\
# # UPDT_DT_TM=String,\
# # VALID_UNTIL_DT_TM=String,\
# # MAX_SEQUENCE_NBR=Integer,\
# # EVENT_ID=Long,\
# # SUCCESSION_TYPE_CD=Long,\
# # CHECKSUM=String,\
# # UPDT_APPLCTX=Long,\
# # DEVICE_CD=Long,\
# # STORAGE_CD=Long,\
# # FORMAT_CD=Long,\
# # VERSION_NBR=String,\
# # UPDT_ID=Long,\
# # UPDT_TASK=String,\
# # UPDT_CNT=Long,\
# # BLOB_ATTRIBUTES=String,\
# # BLOB_HANDLE=String,\
# # SUB_SERIES_REF_NBR=String"


# # echo "INGESTION_SQOOP_DIR: $INGESTION_SQOOP_DIR"
# # cd $INGESTION_SQOOP_DIR
# # echo "INICIANDO CARGA DELTA DA TABELA $1"
# # sh sqoop_import.sh --env millennium --sourcetable $1 --dias 1 --mode DELTA --splitby EVENT_ID  --updtcol UPDT_DT_TM --cols "VALID_FROM_DT_TM, \
# # UPDT_DT_TM, \
# # VALID_UNTIL_DT_TM, \
# # MAX_SEQUENCE_NBR, \
# # EVENT_ID, \
# # SUCCESSION_TYPE_CD, \
# # CHECKSUM, \
# # UPDT_APPLCTX, \
# # DEVICE_CD, \
# # STORAGE_CD, \
# # FORMAT_CD, \
# # VERSION_NBR, \
# # UPDT_ID, \
# # UPDT_TASK, \
# # UPDT_CNT, \
# # BLOB_ATTRIBUTES, \
# # BLOB_HANDLE, \
# # SUB_SERIES_REF_NBR" --extraoptions "--map-column-java \
# # VALID_FROM_DT_TM=String,\
# # UPDT_DT_TM=String,\
# # VALID_UNTIL_DT_TM=String,\
# # MAX_SEQUENCE_NBR=Integer,\
# # EVENT_ID=Long,\
# # SUCCESSION_TYPE_CD=Long,\
# # CHECKSUM=String,\
# # UPDT_APPLCTX=Long,\
# # DEVICE_CD=Long,\
# # STORAGE_CD=Long,\
# # FORMAT_CD=Long,\
# # VERSION_NBR=String,\
# # UPDT_ID=Long,\
# # UPDT_TASK=String,\
# # UPDT_CNT=Long,\
# # BLOB_ATTRIBUTES=String,\
# # BLOB_HANDLE=String,\
# # SUB_SERIES_REF_NBR=String"
# # cd $SCRIPTS_DIR/work-hiae
# # sh pyspark_submit_fromUTCtoTZ_delta.sh stage-$1-delta EVENT_ID,VALID_UNTIL_DT_TM UPDT_DT_TM stg_millennium.$1
# # hive -e "drop table stg_millennium.$1_tmp"
# # hive -e "drop table stg_millennium.$1_delta"

# full_sqoop(){
# echo "INGESTION_SQOOP_DIR: $INGESTION_SQOOP_DIR"
# cd $INGESTION_SQOOP_DIR
# echo "INICIANDO CARGA DA TABELA CE_BLOB_RESULT"
# sh sqoop_import.sh --env millennium --sourcetable CE_BLOB_RESULT --query " \
# 'SELECT \
# VALID_FROM_DT_TM, \
# UPDT_DT_TM, \
# VALID_UNTIL_DT_TM, \
# MAX_SEQUENCE_NBR, \
# EVENT_ID, \
# SUCCESSION_TYPE_CD, \
# CHECKSUM, \
# UPDT_APPLCTX, \
# DEVICE_CD, \
# STORAGE_CD, \
# FORMAT_CD, \
# VERSION_NBR, \
# UPDT_ID, \
# UPDT_TASK, \
# UPDT_CNT, \
# BLOB_ATTRIBUTES, \
# BLOB_HANDLE, \
# SUB_SERIES_REF_NBR \
# FROM CE_BLOB_RESULT where \$CONDITIONS'" --splitby EVENT_ID --extraoptions "--map-column-java \
# VALID_FROM_DT_TM=String,\
# UPDT_DT_TM=String,\
# VALID_UNTIL_DT_TM=String,\
# MAX_SEQUENCE_NBR=Integer,\
# EVENT_ID=Long,\
# SUCCESSION_TYPE_CD=Long,\
# CHECKSUM=String,\
# UPDT_APPLCTX=Long,\
# DEVICE_CD=Long,\
# STORAGE_CD=Long,\
# FORMAT_CD=Long,\
# VERSION_NBR=String,\
# UPDT_ID=Long,\
# UPDT_TASK=String,\
# UPDT_CNT=Long,\
# BLOB_ATTRIBUTES=String,\
# BLOB_HANDLE=String,\
# SUB_SERIES_REF_NBR=String"
# }
# full_tz(){
# echo "INICIANDO MUDANCA DE TZ DA FULL TABELA $1"
# cd $SCRIPTS_DIR/work-hiae
# sh pyspark_submit_fromUTCtoTZ_Full.sh $1-Full stg_millennium.$1
# }
# delta_sqoop(){
# echo "INGESTION_SQOOP_DIR: $INGESTION_SQOOP_DIR"
# cd $INGESTION_SQOOP_DIR
# echo "INICIANDO CARGA DELTA DA TABELA $1"
# sh sqoop_import.sh --env millennium --sourcetable $1 --dias 1 --mode DELTA --splitby EVENT_ID  --updtcol UPDT_DT_TM --cols "VALID_FROM_DT_TM, \
# UPDT_DT_TM, \
# VALID_UNTIL_DT_TM, \
# MAX_SEQUENCE_NBR, \
# EVENT_ID, \
# SUCCESSION_TYPE_CD, \
# CHECKSUM, \
# UPDT_APPLCTX, \
# DEVICE_CD, \
# STORAGE_CD, \
# FORMAT_CD, \
# VERSION_NBR, \
# UPDT_ID, \
# UPDT_TASK, \
# UPDT_CNT, \
# BLOB_ATTRIBUTES, \
# BLOB_HANDLE, \
# SUB_SERIES_REF_NBR" --extraoptions "--map-column-java \
# VALID_FROM_DT_TM=String,\
# UPDT_DT_TM=String,\
# VALID_UNTIL_DT_TM=String,\
# MAX_SEQUENCE_NBR=Integer,\
# EVENT_ID=Long,\
# SUCCESSION_TYPE_CD=Long,\
# CHECKSUM=String,\
# UPDT_APPLCTX=Long,\
# DEVICE_CD=Long,\
# STORAGE_CD=Long,\
# FORMAT_CD=Long,\
# VERSION_NBR=String,\
# UPDT_ID=Long,\
# UPDT_TASK=String,\
# UPDT_CNT=Long,\
# BLOB_ATTRIBUTES=String,\
# BLOB_HANDLE=String,\
# SUB_SERIES_REF_NBR=String"
# }
# delta_tz(){
# cd $SCRIPTS_DIR/work-hiae
# sh pyspark_submit_fromUTCtoTZ_delta.sh stage-$1-delta EVENT_ID,VALID_UNTIL_DT_TM UPDT_DT_TM stg_millennium.$1
# }
# drop_tmp(){
# hive -e "drop table stg_millennium.$1_tmp"
# hive -e "drop table stg_millennium.$1_delta"
# }

# drop_table(){
#     hive -e "drop table stg_millennium.$1"
# }

# #drop_table $1 && full_sqoop $1 && full_tz $1 && drop_tmp $1 && echo "carga full finalizada com sucesso" || exit 1

# delta_sqoop $1 && delta_tz $1 && drop_tmp $1 && echo "carga delta finalizada com sucesso" || exit 1

]]></script>
        <scriptargs>CE_BLOB_RESULT</scriptargs>
      </command>
    </sequence>
    <uuid>fa2ce12d-cd3e-4ef6-9809-63aa11a5a8dc</uuid>
  </job>
</joblist>