<joblist>
  <job>
    <defaultTab>nodes</defaultTab>
    <description>Ingest�o da Tabela CONTAINER</description>
    <dispatch>
      <excludePrecedence>true</excludePrecedence>
      <keepgoing>false</keepgoing>
      <rankOrder>ascending</rankOrder>
      <successOnEmptyNodeFilter>false</successOnEmptyNodeFilter>
      <threadcount>1</threadcount>
    </dispatch>
    <executionEnabled>true</executionEnabled>
    <group>Nova STG_MILLENNIUM - Modularizado/STAGE 07</group>
    <id>a100e39d-5cf4-4266-b70c-c65525e5e89a</id>
    <loglevel>INFO</loglevel>
    <name>001 - CONTAINER</name>
    <nodeFilterEditable>false</nodeFilterEditable>
    <nodefilters>
      <filter>lpfbigdap02*</filter>
    </nodefilters>
    <nodesSelectedByDefault>true</nodesSelectedByDefault>
    <scheduleEnabled>true</scheduleEnabled>
    <sequence keepgoing='false' strategy='node-first'>
      <command>
        <description>CONTAINER</description>
        <script><![CDATA[cd $SCRIPTS_DIR/ingestions/
sh ingestion.sh --env millennium --sourcetable $1

# #echo "INGESTION_SQOOP_DIR: $INGESTION_SQOOP_DIR"
# #cd $INGESTION_SQOOP_DIR
# #echo "INICIANDO CARGA DA TABELA $1"
# #sh sqoop_import.sh --env millennium --sourcetable $1 --extraoptions "--map-column-java CONTAINER_ID=Long,PARENT_CONTAINER_ID=Long,LABEL_DT_TM=String,SPECIMEN_ID=Long,STORAGE_RACK_CELL_ID=Long,COLLECTION_LIST_ID=Long,TRANSFER_LIST_ID=Long,SPECIMEN_TYPE_CD=Long,SPEC_CNTNR_CD=Long,COLL_CLASS_CD=Long,SPEC_HNDL_CD=Long,CURRENT_LOCATION_CD=Long,DRAWN_DT_TM=String,DRAWN_ID=Long,FIXATIVE_CD=Long,UPDT_DT_TM=String,UPDT_ID=Long,UPDT_TASK=Long,UPDT_CNT=Long,UPDT_APPLCTX=Long,RECEIVED_DT_TM=String,RECEIVED_ID=Long,COLLECTION_METHOD_CD=Long,UNITS_CD=Long,ORIGINAL_STORAGE_DT_TM=String,SUGGESTED_DISCARD_DT_TM=String,DISCARD_DT_TM=String,TASK_LOG_ID=Long,COLL_COMMENT_ID=Long,ON_ROBOTICS_LINE_FLAG=Integer,INSTR_LOGIN_IND=Integer,AUTO_PRINT_ALIQUOT_IND=Integer,STORAGE_STATUS_CD=Long,COLLECTION_TASK_ELIG_FLAG=Integer,DISCARD_REASON_CD=Long,ADDITIONAL_LABELS=Integer,REMAINING_VOLUME=Double,VOLUME=Double  --map-column-hive ADDITIONAL_LABELS=TINYINT,COLLECTION_TASK_ELIG_FLAG=TINYINT,ON_ROBOTICS_LINE_FLAG=TINYINT"
# #impala-shell -i lpfda05.domhiae.einstein.br:21000 -q "invalidate metadata stg_millennium.$1"

# # echo "INICIANDO MUDANCA DE TZ DA FULL TABELA $1"
# # cd $SCRIPTS_DIR/work-hiae
# # sh pyspark_submit_fromUTCtoTZ_Full.sh $1-Full stg_millennium.$1
# # echo "INGESTION_SQOOP_DIR: $INGESTION_SQOOP_DIR"
# # cd $INGESTION_SQOOP_DIR
# # echo "INICIANDO CARGA DA TABELA $1"
# # sh sqoop_import.sh --env millennium --sourcetable $1 --dias 1 --mode DELTA --splitby CONTAINER_ID  --updtcol UPDT_DT_TM --cols "*" --extraoptions "--map-column-java CONTAINER_ID=Long,PARENT_CONTAINER_ID=Long,LABEL_DT_TM=String,SPECIMEN_ID=Long,STORAGE_RACK_CELL_ID=Long,COLLECTION_LIST_ID=Long,TRANSFER_LIST_ID=Long,SPECIMEN_TYPE_CD=Long,SPEC_CNTNR_CD=Long,COLL_CLASS_CD=Long,SPEC_HNDL_CD=Long,CURRENT_LOCATION_CD=Long,DRAWN_DT_TM=String,DRAWN_ID=Long,FIXATIVE_CD=Long,UPDT_DT_TM=String,UPDT_ID=Long,UPDT_TASK=Long,UPDT_CNT=Long,UPDT_APPLCTX=Long,RECEIVED_DT_TM=String,RECEIVED_ID=Long,COLLECTION_METHOD_CD=Long,UNITS_CD=Long,ORIGINAL_STORAGE_DT_TM=String,SUGGESTED_DISCARD_DT_TM=String,DISCARD_DT_TM=String,TASK_LOG_ID=Long,COLL_COMMENT_ID=Long,ON_ROBOTICS_LINE_FLAG=Integer,INSTR_LOGIN_IND=Integer,AUTO_PRINT_ALIQUOT_IND=Integer,STORAGE_STATUS_CD=Long,COLLECTION_TASK_ELIG_FLAG=Integer,DISCARD_REASON_CD=Long,ADDITIONAL_LABELS=Integer,REMAINING_VOLUME=Double,VOLUME=Double  --map-column-hive ADDITIONAL_LABELS=TINYINT,COLLECTION_TASK_ELIG_FLAG=TINYINT,ON_ROBOTICS_LINE_FLAG=TINYINT"
# # cd $SCRIPTS_DIR/work-hiae
# # sh pyspark_submit_fromUTCtoTZ_delta.sh stage-$1-delta CONTAINER_ID UPDT_DT_TM stg_millennium.$1
# # hive -e "drop table stg_millennium.$1_tmp"
# # hive -e "drop table stg_millennium.$1_delta"

# full_sqoop(){
# echo "INGESTION_SQOOP_DIR: $INGESTION_SQOOP_DIR"
# cd $INGESTION_SQOOP_DIR
# echo "INICIANDO CARGA DA TABELA $1"
# sh sqoop_import.sh --env millennium --sourcetable $1 --extraoptions "--map-column-java CONTAINER_ID=Long,PARENT_CONTAINER_ID=Long,LABEL_DT_TM=String,SPECIMEN_ID=Long,STORAGE_RACK_CELL_ID=Long,COLLECTION_LIST_ID=Long,TRANSFER_LIST_ID=Long,SPECIMEN_TYPE_CD=Long,SPEC_CNTNR_CD=Long,COLL_CLASS_CD=Long,SPEC_HNDL_CD=Long,CURRENT_LOCATION_CD=Long,DRAWN_DT_TM=String,DRAWN_ID=Long,FIXATIVE_CD=Long,UPDT_DT_TM=String,UPDT_ID=Long,UPDT_TASK=Long,UPDT_CNT=Long,UPDT_APPLCTX=Long,RECEIVED_DT_TM=String,RECEIVED_ID=Long,COLLECTION_METHOD_CD=Long,UNITS_CD=Long,ORIGINAL_STORAGE_DT_TM=String,SUGGESTED_DISCARD_DT_TM=String,DISCARD_DT_TM=String,TASK_LOG_ID=Long,COLL_COMMENT_ID=Long,ON_ROBOTICS_LINE_FLAG=Integer,INSTR_LOGIN_IND=Integer,AUTO_PRINT_ALIQUOT_IND=Integer,STORAGE_STATUS_CD=Long,COLLECTION_TASK_ELIG_FLAG=Integer,DISCARD_REASON_CD=Long,ADDITIONAL_LABELS=Integer,REMAINING_VOLUME=Double,VOLUME=Double  --map-column-hive ADDITIONAL_LABELS=TINYINT,COLLECTION_TASK_ELIG_FLAG=TINYINT,ON_ROBOTICS_LINE_FLAG=TINYINT"
# #impala-shell -i lpfda05.domhiae.einstein.br:21000 -q "invalidate metadata stg_millennium.$1"
# }
# full_tz(){
# echo "INICIANDO MUDANCA DE TZ DA FULL TABELA $1"
# cd $SCRIPTS_DIR/work-hiae
# sh pyspark_submit_fromUTCtoTZ_Full.sh $1-Full stg_millennium.$1
# }
# delta_sqoop(){
# echo "INGESTION_SQOOP_DIR: $INGESTION_SQOOP_DIR"
# cd $INGESTION_SQOOP_DIR
# echo "INICIANDO CARGA DELTA DA TABELA $1"
# sh sqoop_import.sh --env millennium --sourcetable $1 --dias 1 --mode DELTA --splitby CONTAINER_ID  --updtcol UPDT_DT_TM --cols "*" --extraoptions "--map-column-java CONTAINER_ID=Long,PARENT_CONTAINER_ID=Long,LABEL_DT_TM=String,SPECIMEN_ID=Long,STORAGE_RACK_CELL_ID=Long,COLLECTION_LIST_ID=Long,TRANSFER_LIST_ID=Long,SPECIMEN_TYPE_CD=Long,SPEC_CNTNR_CD=Long,COLL_CLASS_CD=Long,SPEC_HNDL_CD=Long,CURRENT_LOCATION_CD=Long,DRAWN_DT_TM=String,DRAWN_ID=Long,FIXATIVE_CD=Long,UPDT_DT_TM=String,UPDT_ID=Long,UPDT_TASK=Long,UPDT_CNT=Long,UPDT_APPLCTX=Long,RECEIVED_DT_TM=String,RECEIVED_ID=Long,COLLECTION_METHOD_CD=Long,UNITS_CD=Long,ORIGINAL_STORAGE_DT_TM=String,SUGGESTED_DISCARD_DT_TM=String,DISCARD_DT_TM=String,TASK_LOG_ID=Long,COLL_COMMENT_ID=Long,ON_ROBOTICS_LINE_FLAG=Integer,INSTR_LOGIN_IND=Integer,AUTO_PRINT_ALIQUOT_IND=Integer,STORAGE_STATUS_CD=Long,COLLECTION_TASK_ELIG_FLAG=Integer,DISCARD_REASON_CD=Long,ADDITIONAL_LABELS=Integer,REMAINING_VOLUME=Double,VOLUME=Double  --map-column-hive ADDITIONAL_LABELS=TINYINT,COLLECTION_TASK_ELIG_FLAG=TINYINT,ON_ROBOTICS_LINE_FLAG=TINYINT"
# }
# delta_tz(){
# cd $SCRIPTS_DIR/work-hiae
# sh pyspark_submit_fromUTCtoTZ_delta.sh stage-$1-delta CONTAINER_ID UPDT_DT_TM stg_millennium.$1
# }
# drop_tmp(){
# hive -e "drop table stg_millennium.$1_tmp"
# hive -e "drop table stg_millennium.$1_delta"
# }

# drop_table(){
#     hive -e "drop table stg_millennium.$1"
# }

# #drop_table $1 && full_sqoop $1 && full_tz $1 && drop_tmp $1 && echo "carga full finalizada com sucesso" || exit 1

# delta_sqoop $1 && delta_tz $1 && drop_tmp $1 && echo "carga delta finalizada com sucesso" || exit 1
]]></script>
        <scriptargs>CONTAINER</scriptargs>
      </command>
    </sequence>
    <uuid>a100e39d-5cf4-4266-b70c-c65525e5e89a</uuid>
  </job>
</joblist>