<joblist>
  <job>
    <defaultTab>nodes</defaultTab>
    <description>Ingest�o da Tabela RESULT</description>
    <dispatch>
      <excludePrecedence>true</excludePrecedence>
      <keepgoing>false</keepgoing>
      <rankOrder>ascending</rankOrder>
      <successOnEmptyNodeFilter>false</successOnEmptyNodeFilter>
      <threadcount>1</threadcount>
    </dispatch>
    <executionEnabled>true</executionEnabled>
    <group>Nova STG_MILLENNIUM - Modularizado/STAGE 07</group>
    <id>eb9ab77d-8e3b-46bf-b520-5b33e06dd365</id>
    <loglevel>INFO</loglevel>
    <name>002 - RESULT</name>
    <nodeFilterEditable>false</nodeFilterEditable>
    <nodefilters>
      <filter>lpfbigdap02*</filter>
    </nodefilters>
    <nodesSelectedByDefault>true</nodesSelectedByDefault>
    <scheduleEnabled>true</scheduleEnabled>
    <sequence keepgoing='false' strategy='node-first'>
      <command>
        <description>RESULT</description>
        <script><![CDATA[cd $SCRIPTS_DIR/ingestions/
sh ingestion.sh --env millennium --sourcetable $1

# # echo "INGESTION_SQOOP_DIR: $INGESTION_SQOOP_DIR"
# # cd $INGESTION_SQOOP_DIR
# # echo "INICIANDO CARGA DA TABELA $1"
# # sh sqoop_import.sh --env millennium --sourcetable $1 --extraoptions "--map-column-java RESULT_ID=Long,ORDER_ID=Long,CALL_BACK_IND=Integer,CATALOG_CD=Long,TASK_ASSAY_CD=Long,RESULT_STATUS_CD=Long,CHARTABLE_FLAG=Integer,SECURITY_LEVEL_CD=Long,COMMENT_IND=Integer,NC_COMMENT_IND=Integer,UPDT_DT_TM=String,UPDT_ID=Long,UPDT_TASK=Long,UPDT_CNT=Long,UPDT_APPLCTX=Long,BB_RESULT_ID=Long,EVENT_ID=Long,BB_CONTROL_CELL_CD=Long,PERSON_ID=Long,BIOLOGICAL_CATEGORY_CD=Long,PRIMARY_IND=Integer,RESULT_PROCESSING_CD=Long,BB_GROUP_ID=Long,LOT_INFORMATION_ID=Long,PENDING_IND=Integer,RESTRICT_DISPLAY_IND=Integer,REPEAT_NUMBER=Integer,DISPLAY_SEQUENCE_NBR=Long"
# # #impala-shell -i lpfda05.domhiae.einstein.br:21000 -q "invalidate metadata stg_millennium.$1"

# # echo "INICIANDO MUDANCA DE TZ DA FULL TABELA $1"
# # cd $SCRIPTS_DIR/work-hiae
# # sh pyspark_submit_fromUTCtoTZ_Full.sh $1-Full stg_millennium.$1
# # echo "INGESTION_SQOOP_DIR: $INGESTION_SQOOP_DIR"
# # cd $INGESTION_SQOOP_DIR
# # echo "INICIANDO CARGA DELTA DA TABELA $1"
# # sh sqoop_import.sh --env millennium --sourcetable $1 --dias 1 --mode DELTA --splitby RESULT_ID  --updtcol UPDT_DT_TM --cols "*" --extraoptions "--map-column-java RESULT_ID=Long,ORDER_ID=Long,CALL_BACK_IND=Integer,CATALOG_CD=Long,TASK_ASSAY_CD=Long,RESULT_STATUS_CD=Long,CHARTABLE_FLAG=Integer,SECURITY_LEVEL_CD=Long,COMMENT_IND=Integer,NC_COMMENT_IND=Integer,UPDT_DT_TM=String,UPDT_ID=Long,UPDT_TASK=Long,UPDT_CNT=Long,UPDT_APPLCTX=Long,BB_RESULT_ID=Long,EVENT_ID=Long,BB_CONTROL_CELL_CD=Long,PERSON_ID=Long,BIOLOGICAL_CATEGORY_CD=Long,PRIMARY_IND=Integer,RESULT_PROCESSING_CD=Long,BB_GROUP_ID=Long,LOT_INFORMATION_ID=Long,PENDING_IND=Integer,RESTRICT_DISPLAY_IND=Integer,REPEAT_NUMBER=Integer,DISPLAY_SEQUENCE_NBR=Long"
# # cd $SCRIPTS_DIR/work-hiae
# # sh pyspark_submit_fromUTCtoTZ_delta.sh stage-$1-delta RESULT_ID UPDT_DT_TM stg_millennium.$1
# # hive -e "drop table stg_millennium.$1_tmp"
# # hive -e "drop table stg_millennium.$1_delta"

# full_sqoop(){
# echo "INGESTION_SQOOP_DIR: $INGESTION_SQOOP_DIR"
# cd $INGESTION_SQOOP_DIR
# echo "INICIANDO CARGA DA TABELA $1"
# sh sqoop_import.sh --env millennium --sourcetable $1 --extraoptions "--map-column-java RESULT_ID=Long,ORDER_ID=Long,CALL_BACK_IND=Integer,CATALOG_CD=Long,TASK_ASSAY_CD=Long,RESULT_STATUS_CD=Long,CHARTABLE_FLAG=Integer,SECURITY_LEVEL_CD=Long,COMMENT_IND=Integer,NC_COMMENT_IND=Integer,UPDT_DT_TM=String,UPDT_ID=Long,UPDT_TASK=Long,UPDT_CNT=Long,UPDT_APPLCTX=Long,BB_RESULT_ID=Long,EVENT_ID=Long,BB_CONTROL_CELL_CD=Long,PERSON_ID=Long,BIOLOGICAL_CATEGORY_CD=Long,PRIMARY_IND=Integer,RESULT_PROCESSING_CD=Long,BB_GROUP_ID=Long,LOT_INFORMATION_ID=Long,PENDING_IND=Integer,RESTRICT_DISPLAY_IND=Integer,REPEAT_NUMBER=Integer,DISPLAY_SEQUENCE_NBR=Long"
# #impala-shell -i lpfda05.domhiae.einstein.br:21000 -q "invalidate metadata stg_millennium.$1"
# }
# full_tz(){
# echo "INICIANDO MUDANCA DE TZ DA FULL TABELA $1"
# cd $SCRIPTS_DIR/work-hiae
# sh pyspark_submit_fromUTCtoTZ_Full.sh $1-Full stg_millennium.$1
# }
# delta_sqoop(){
# echo "INGESTION_SQOOP_DIR: $INGESTION_SQOOP_DIR"
# cd $INGESTION_SQOOP_DIR
# echo "INICIANDO CARGA DELTA DA TABELA $1"
# sh sqoop_import.sh --env millennium --sourcetable $1 --dias 1 --mode DELTA --splitby RESULT_ID  --updtcol UPDT_DT_TM --cols "*" --extraoptions "--map-column-java RESULT_ID=Long,ORDER_ID=Long,CALL_BACK_IND=Integer,CATALOG_CD=Long,TASK_ASSAY_CD=Long,RESULT_STATUS_CD=Long,CHARTABLE_FLAG=Integer,SECURITY_LEVEL_CD=Long,COMMENT_IND=Integer,NC_COMMENT_IND=Integer,UPDT_DT_TM=String,UPDT_ID=Long,UPDT_TASK=Long,UPDT_CNT=Long,UPDT_APPLCTX=Long,BB_RESULT_ID=Long,EVENT_ID=Long,BB_CONTROL_CELL_CD=Long,PERSON_ID=Long,BIOLOGICAL_CATEGORY_CD=Long,PRIMARY_IND=Integer,RESULT_PROCESSING_CD=Long,BB_GROUP_ID=Long,LOT_INFORMATION_ID=Long,PENDING_IND=Integer,RESTRICT_DISPLAY_IND=Integer,REPEAT_NUMBER=Integer,DISPLAY_SEQUENCE_NBR=Long"
# }
# delta_tz(){
# cd $SCRIPTS_DIR/work-hiae
# sh pyspark_submit_fromUTCtoTZ_delta.sh stage-$1-delta RESULT_ID UPDT_DT_TM stg_millennium.$1
# }
# drop_tmp(){
# hive -e "drop table stg_millennium.$1_tmp"
# hive -e "drop table stg_millennium.$1_delta"
# }

# drop_table(){
#     hive -e "drop table stg_millennium.$1"
# }

# #drop_table $1 && full_sqoop $1 && full_tz $1 && drop_tmp $1 && echo "carga full finalizada com sucesso" || exit 1

# delta_sqoop $1 && delta_tz $1 && drop_tmp $1 && echo "carga delta finalizada com sucesso" || exit 1
]]></script>
        <scriptargs>RESULT</scriptargs>
      </command>
    </sequence>
    <uuid>eb9ab77d-8e3b-46bf-b520-5b33e06dd365</uuid>
  </job>
</joblist>