<joblist>
  <job>
    <defaultTab>nodes</defaultTab>
    <description>Ingest�o da LONG_TEXT</description>
    <dispatch>
      <excludePrecedence>true</excludePrecedence>
      <keepgoing>false</keepgoing>
      <rankOrder>ascending</rankOrder>
      <successOnEmptyNodeFilter>false</successOnEmptyNodeFilter>
      <threadcount>1</threadcount>
    </dispatch>
    <executionEnabled>true</executionEnabled>
    <group>Nova STG_MILLENNIUM - Modularizado/Fluxo LONG_TEXT</group>
    <id>078ab0b0-5116-4f10-9900-754ea9dd002c</id>
    <loglevel>INFO</loglevel>
    <name>LONG_TEXT</name>
    <nodeFilterEditable>false</nodeFilterEditable>
    <nodefilters>
      <filter>lpfbigdap02*</filter>
    </nodefilters>
    <nodesSelectedByDefault>true</nodesSelectedByDefault>
    <scheduleEnabled>true</scheduleEnabled>
    <sequence keepgoing='false' strategy='node-first'>
      <command>
        <description>LONG_TEXT</description>
        <script><![CDATA[cd $SCRIPTS_DIR/ingestions/
sh ingestion.sh --env millennium --sourcetable long_text
# sh ingestion.sh --env millennium --sourcetable $1]]></script>
        <scriptargs>LONG_TEXT</scriptargs>
      </command>
    </sequence>
    <uuid>078ab0b0-5116-4f10-9900-754ea9dd002c</uuid>
  </job>
</joblist>