<joblist>
  <job>
    <defaultTab>nodes</defaultTab>
    <description>Ingest�o da Tabela PERFORM_RESULT</description>
    <dispatch>
      <excludePrecedence>true</excludePrecedence>
      <keepgoing>false</keepgoing>
      <rankOrder>ascending</rankOrder>
      <successOnEmptyNodeFilter>false</successOnEmptyNodeFilter>
      <threadcount>1</threadcount>
    </dispatch>
    <executionEnabled>true</executionEnabled>
    <group>Nova STG_MILLENNIUM - Modularizado/Fluxo LONG_TEXT</group>
    <id>5579d35e-d21c-411d-b8ea-6f543c6205ef</id>
    <loglevel>INFO</loglevel>
    <name>PERFORM_RESULT</name>
    <nodeFilterEditable>false</nodeFilterEditable>
    <nodefilters>
      <filter>lpfbigdap02*</filter>
    </nodefilters>
    <nodesSelectedByDefault>true</nodesSelectedByDefault>
    <scheduleEnabled>true</scheduleEnabled>
    <sequence keepgoing='false' strategy='node-first'>
      <command>
        <description>PERFORM_RESULT</description>
        <script><![CDATA[cd $SCRIPTS_DIR/ingestions/
sh ingestion.sh --env millennium --sourcetable $1

# # echo "INGESTION_SQOOP_DIR: $INGESTION_SQOOP_DIR"
# # cd $INGESTION_SQOOP_DIR
# # echo "INICIANDO CARGA DA TABELA $1"
# # sh sqoop_import.sh --env millennium --sourcetable $1 --query " \
# # 'SELECT \
# # v500.CCLSQL_UTC_RULE(RESULT_VALUE_DT_TM,210) AS RESULT_VALUE_DT_TM, \
# # v500.CCLSQL_UTC_RULE(PERFORM_DT_TM,210) AS PERFORM_DT_TM, \
# # UPDT_DT_TM, \
# # DILUTION_FACTOR, \
# # NORMAL_HIGH, \
# # NORMAL_LOW, \
# # RESULT_VALUE_NUMERIC, \
# # RESULT_STATUS_CD, \
# # PERFORM_PERSONNEL_ID, \
# # RESULT_TYPE_CD, \
# # NOMENCLATURE_ID, \
# # REFERENCE_RANGE_FACTOR_ID, \
# # NORMAL_CD, \
# # CRITICAL_CD, \
# # REVIEW_CD, \
# # DELTA_CD, \
# # SERVICE_RESOURCE_CD, \
# # CONTAINER_ID, \
# # PARENT_PERFORM_RESULT_ID, \
# # MULTIPLEX_RESOURCE_CD, \
# # RESULT_ID, \
# # WORKLIST_ID, \
# # INTERFACE_STATUS_FLAG, \
# # PERFORM_RESULT_ID, \
# # NOTIFY_CD, \
# # QC_OVERRIDE_CD, \
# # PERFORM_TZ, \
# # APP_MODE_IND, \
# # AV_ERROR_CD, \
# # EQUATION_ID, \
# # UPDT_ID, \
# # UPDT_TASK, \
# # UPDT_CNT, \
# # UPDT_APPLCTX, \
# # LESS_GREAT_FLAG, \
# # NUMERIC_RAW_VALUE, \
# # INTERP_OVERRIDE_IND, \
# # RESULT_CODE_SET_CD, \
# # LONG_TEXT_ID, \
# # ACTION_SEQUENCE, \
# # UNITS_CD, \
# # INTERFACE_FLAG, \
# # INTERP_DATA_ID, \
# # DELTA_PERF_RESULT_ID, \
# # LINEAR_CD, \
# # FEASIBLE_CD, \
# # ADVANCED_DELTA_ID, \
# # REPEAT_NBR, \
# # POST_ALPHA_IND, \
# # UNPERF_FLAG, \
# # RAW_RESULT_STR, \
# # IDENTIFIER, \
# # RESOURCE_ERROR_CODES, \
# # RESULT_VALUE_ALPHA, \
# # ASCII_TEXT, \
# # NORMAL_ALPHA \
# # FROM PERFORM_RESULT where \$CONDITIONS'" --splitby PERFORM_RESULT_ID --extraoptions "--map-column-java PERFORM_RESULT_ID=Long,RESULT_ID=Long,RESULT_VALUE_DT_TM=String,MULTIPLEX_RESOURCE_CD=Long,PARENT_PERFORM_RESULT_ID=Long,CONTAINER_ID=Long,SERVICE_RESOURCE_CD=Long,RESULT_STATUS_CD=Long,PERFORM_PERSONNEL_ID=Long,PERFORM_DT_TM=String,RESULT_TYPE_CD=Long,NOMENCLATURE_ID=Long,REFERENCE_RANGE_FACTOR_ID=Long,NORMAL_CD=Long,CRITICAL_CD=Long,REVIEW_CD=Long,DELTA_CD=String,EQUATION_ID=Long,UPDT_DT_TM=String,UPDT_ID=Long,UPDT_TASK=Long,UPDT_CNT=Long,UPDT_APPLCTX=Long,LESS_GREAT_FLAG=Integer,INTERP_OVERRIDE_IND=Integer,RESULT_CODE_SET_CD=Long,LONG_TEXT_ID=Long,UNITS_CD=Long,INTERFACE_FLAG=Integer,INTERP_DATA_ID=Long,DELTA_PERF_RESULT_ID=Long,LINEAR_CD=Long,FEASIBLE_CD=Long,ADVANCED_DELTA_ID=Long,POST_ALPHA_IND=Integer,UNPERF_FLAG=Integer,AV_ERROR_CD=Long,APP_MODE_IND=Integer,PERFORM_TZ=Integer,QC_OVERRIDE_CD=Long,NOTIFY_CD=Long,WORKLIST_ID=Long,INTERFACE_STATUS_FLAG=Integer,RESULT_VALUE_NUMERIC=Double,NORMAL_LOW=Double,NORMAL_HIGH=Double,DILUTION_FACTOR=Double,NUMERIC_RAW_VALUE=String,ACTION_SEQUENCE=Long,REPEAT_NBR=Long"
# # impala-shell -i lpfda05.domhiae.einstein.br:21000 -q "invalidate metadata stg_millennium.$1"


# full_sqoop(){
# echo "INICIANDO MUDANCA DE TZ DA FULL TABELA $1"
# cd $INGESTION_SQOOP_DIR
# echo "INICIANDO CARGA DA TABELA $1"
# sh sqoop_import.sh --env millennium --sourcetable $1 --query " \
# 'SELECT \
# RESULT_VALUE_DT_TM, \
# PERFORM_DT_TM, \
# UPDT_DT_TM, \
# DILUTION_FACTOR, \
# NORMAL_HIGH, \
# NORMAL_LOW, \
# RESULT_VALUE_NUMERIC, \
# RESULT_STATUS_CD, \
# PERFORM_PERSONNEL_ID, \
# RESULT_TYPE_CD, \
# NOMENCLATURE_ID, \
# REFERENCE_RANGE_FACTOR_ID, \
# NORMAL_CD, \
# CRITICAL_CD, \
# REVIEW_CD, \
# DELTA_CD, \
# SERVICE_RESOURCE_CD, \
# CONTAINER_ID, \
# PARENT_PERFORM_RESULT_ID, \
# MULTIPLEX_RESOURCE_CD, \
# RESULT_ID, \
# WORKLIST_ID, \
# INTERFACE_STATUS_FLAG, \
# PERFORM_RESULT_ID, \
# NOTIFY_CD, \
# QC_OVERRIDE_CD, \
# PERFORM_TZ, \
# APP_MODE_IND, \
# AV_ERROR_CD, \
# EQUATION_ID, \
# UPDT_ID, \
# UPDT_TASK, \
# UPDT_CNT, \
# UPDT_APPLCTX, \
# LESS_GREAT_FLAG, \
# NUMERIC_RAW_VALUE, \
# INTERP_OVERRIDE_IND, \
# RESULT_CODE_SET_CD, \
# LONG_TEXT_ID, \
# ACTION_SEQUENCE, \
# UNITS_CD, \
# INTERFACE_FLAG, \
# INTERP_DATA_ID, \
# DELTA_PERF_RESULT_ID, \
# LINEAR_CD, \
# FEASIBLE_CD, \
# ADVANCED_DELTA_ID, \
# REPEAT_NBR, \
# POST_ALPHA_IND, \
# UNPERF_FLAG, \
# RAW_RESULT_STR, \
# IDENTIFIER, \
# RESOURCE_ERROR_CODES, \
# RESULT_VALUE_ALPHA, \
# ASCII_TEXT, \
# NORMAL_ALPHA \
# FROM PERFORM_RESULT where \$CONDITIONS'" --splitby PERFORM_RESULT_ID --extraoptions "--map-column-java PERFORM_RESULT_ID=Long,RESULT_ID=Long,RESULT_VALUE_DT_TM=String,MULTIPLEX_RESOURCE_CD=Long,PARENT_PERFORM_RESULT_ID=Long,CONTAINER_ID=Long,SERVICE_RESOURCE_CD=Long,RESULT_STATUS_CD=Long,PERFORM_PERSONNEL_ID=Long,PERFORM_DT_TM=String,RESULT_TYPE_CD=Long,NOMENCLATURE_ID=Long,REFERENCE_RANGE_FACTOR_ID=Long,NORMAL_CD=Long,CRITICAL_CD=Long,REVIEW_CD=Long,DELTA_CD=String,EQUATION_ID=Long,UPDT_DT_TM=String,UPDT_ID=Long,UPDT_TASK=Long,UPDT_CNT=Long,UPDT_APPLCTX=Long,LESS_GREAT_FLAG=Integer,INTERP_OVERRIDE_IND=Integer,RESULT_CODE_SET_CD=Long,LONG_TEXT_ID=Long,UNITS_CD=Long,INTERFACE_FLAG=Integer,INTERP_DATA_ID=Long,DELTA_PERF_RESULT_ID=Long,LINEAR_CD=Long,FEASIBLE_CD=Long,ADVANCED_DELTA_ID=Long,POST_ALPHA_IND=Integer,UNPERF_FLAG=Integer,AV_ERROR_CD=Long,APP_MODE_IND=Integer,PERFORM_TZ=Integer,QC_OVERRIDE_CD=Long,NOTIFY_CD=Long,WORKLIST_ID=Long,INTERFACE_STATUS_FLAG=Integer,RESULT_VALUE_NUMERIC=Double,NORMAL_LOW=Double,NORMAL_HIGH=Double,DILUTION_FACTOR=Double,NUMERIC_RAW_VALUE=String,ACTION_SEQUENCE=Long,REPEAT_NBR=Long"
# }
# full_tz(){
# echo "INICIANDO MUDANCA DE TZ DA FULL TABELA $1"
# cd $SCRIPTS_DIR/work-hiae
# sh pyspark_submit_fromUTCtoTZ_Full.sh $1-Full stg_millennium.$1
# hive -e "drop table stg_millennium.$1_tmp"
# }
# delta_sqoop(){
# echo "INGESTION_SQOOP_DIR: $INGESTION_SQOOP_DIR"
# cd $INGESTION_SQOOP_DIR
# echo "INICIANDO CARGA DELTA DA TABELA $1"
# sh sqoop_import.sh --env millennium --sourcetable $1 --dias 3 --mode DELTA --splitby PERFORM_RESULT_ID  --updtcol UPDT_DT_TM --cols "RESULT_VALUE_DT_TM, \
# PERFORM_DT_TM, \
# UPDT_DT_TM, \
# DILUTION_FACTOR, \
# NORMAL_HIGH, \
# NORMAL_LOW, \
# RESULT_VALUE_NUMERIC, \
# RESULT_STATUS_CD, \
# PERFORM_PERSONNEL_ID, \
# RESULT_TYPE_CD, \
# NOMENCLATURE_ID, \
# REFERENCE_RANGE_FACTOR_ID, \
# NORMAL_CD, \
# CRITICAL_CD, \
# REVIEW_CD, \
# DELTA_CD, \
# SERVICE_RESOURCE_CD, \
# CONTAINER_ID, \
# PARENT_PERFORM_RESULT_ID, \
# MULTIPLEX_RESOURCE_CD, \
# RESULT_ID, \
# WORKLIST_ID, \
# INTERFACE_STATUS_FLAG, \
# PERFORM_RESULT_ID, \
# NOTIFY_CD, \
# QC_OVERRIDE_CD, \
# PERFORM_TZ, \
# APP_MODE_IND, \
# AV_ERROR_CD, \
# EQUATION_ID, \
# UPDT_ID, \
# UPDT_TASK, \
# UPDT_CNT, \
# UPDT_APPLCTX, \
# LESS_GREAT_FLAG, \
# NUMERIC_RAW_VALUE, \
# INTERP_OVERRIDE_IND, \
# RESULT_CODE_SET_CD, \
# LONG_TEXT_ID, \
# ACTION_SEQUENCE, \
# UNITS_CD, \
# INTERFACE_FLAG, \
# INTERP_DATA_ID, \
# DELTA_PERF_RESULT_ID, \
# LINEAR_CD, \
# FEASIBLE_CD, \
# ADVANCED_DELTA_ID, \
# REPEAT_NBR, \
# POST_ALPHA_IND, \
# UNPERF_FLAG, \
# RAW_RESULT_STR, \
# IDENTIFIER, \
# RESOURCE_ERROR_CODES, \
# RESULT_VALUE_ALPHA, \
# ASCII_TEXT, \
# NORMAL_ALPHA" --extraoptions "--map-column-java PERFORM_RESULT_ID=Long,RESULT_ID=Long,RESULT_VALUE_DT_TM=String,MULTIPLEX_RESOURCE_CD=Long,PARENT_PERFORM_RESULT_ID=Long,CONTAINER_ID=Long,SERVICE_RESOURCE_CD=Long,RESULT_STATUS_CD=Long,PERFORM_PERSONNEL_ID=Long,PERFORM_DT_TM=String,RESULT_TYPE_CD=Long,NOMENCLATURE_ID=Long,REFERENCE_RANGE_FACTOR_ID=Long,NORMAL_CD=Long,CRITICAL_CD=Long,REVIEW_CD=Long,DELTA_CD=String,EQUATION_ID=Long,UPDT_DT_TM=String,UPDT_ID=Long,UPDT_TASK=Long,UPDT_CNT=Long,UPDT_APPLCTX=Long,LESS_GREAT_FLAG=Integer,INTERP_OVERRIDE_IND=Integer,RESULT_CODE_SET_CD=Long,LONG_TEXT_ID=Long,UNITS_CD=Long,INTERFACE_FLAG=Integer,INTERP_DATA_ID=Long,DELTA_PERF_RESULT_ID=Long,LINEAR_CD=Long,FEASIBLE_CD=Long,ADVANCED_DELTA_ID=Long,POST_ALPHA_IND=Integer,UNPERF_FLAG=Integer,AV_ERROR_CD=Long,APP_MODE_IND=Integer,PERFORM_TZ=Integer,QC_OVERRIDE_CD=Long,NOTIFY_CD=Long,WORKLIST_ID=Long,INTERFACE_STATUS_FLAG=Integer,RESULT_VALUE_NUMERIC=Double,NORMAL_LOW=Double,NORMAL_HIGH=Double,DILUTION_FACTOR=Double,NUMERIC_RAW_VALUE=String,ACTION_SEQUENCE=Long,REPEAT_NBR=Long"
# }
# delta_tz(){
# cd $SCRIPTS_DIR/work-hiae
# sh pyspark_submit_fromUTCtoTZ_delta.sh stage-$1-delta PERFORM_RESULT_ID UPDT_DT_TM stg_millennium.$1 
# }
# drop_tmp(){
# hive -e "drop table stg_millennium.$1_tmp"
# hive -e "drop table stg_millennium.$1_delta"
# }

# drop_table(){
#     hive -e "drop table stg_millennium.$1"
# }

# #drop_table $1 && full_sqoop $1 && full_tz $1 && drop_tmp $1 && echo "carga full finalizada com sucesso" || exit 1

# delta_sqoop $1 && delta_tz $1 && drop_tmp $1 && echo "carga delta finalizada com sucesso" || exit 1

]]></script>
        <scriptargs>PERFORM_RESULT</scriptargs>
      </command>
    </sequence>
    <uuid>5579d35e-d21c-411d-b8ea-6f543c6205ef</uuid>
  </job>
</joblist>