<joblist>
  <job>
    <defaultTab>nodes</defaultTab>
    <description>Ingest�o da Tabela DIAGNOSIS</description>
    <dispatch>
      <excludePrecedence>true</excludePrecedence>
      <keepgoing>false</keepgoing>
      <rankOrder>ascending</rankOrder>
      <successOnEmptyNodeFilter>false</successOnEmptyNodeFilter>
      <threadcount>1</threadcount>
    </dispatch>
    <executionEnabled>true</executionEnabled>
    <group>STG_MILLENNIUM - Modularizado/STAGE 04</group>
    <id>2929d025-34a8-44fd-813a-cdce4c7eed53</id>
    <loglevel>INFO</loglevel>
    <name>006 - DIAGNOSIS</name>
    <nodeFilterEditable>false</nodeFilterEditable>
    <nodefilters>
      <filter>lpfbigdap02*</filter>
    </nodefilters>
    <nodesSelectedByDefault>true</nodesSelectedByDefault>
    <scheduleEnabled>true</scheduleEnabled>
    <sequence keepgoing='false' strategy='node-first'>
      <command>
        <description>DIAGNOSIS</description>
        <script><![CDATA[cd $SCRIPTS_DIR/ingestions/
#sh ingestion.sh --env millennium --sourcetable $1
sh ingestion-new.sh --env millennium --sourcetable $1 --all 1

# #echo "INGESTION_SQOOP_DIR: $INGESTION_SQOOP_DIR"
# #cd $INGESTION_SQOOP_DIR
# #echo "INICIANDO CARGA DA TABELA $1"
# #sh sqoop_import.sh --env millennium --sourcetable $1 --extraoptions "--map-column-java BEG_EFFECTIVE_DT_TM=String,\
# # END_EFFECTIVE_DT_TM=String,\
# # ACTIVE_STATUS_DT_TM=String,\
# # UPDT_DT_TM=String,\
# # ATTESTATION_DT_TM=String,\
# # DIAG_DT_TM=String,\
# # DIAGNOSIS_GROUP=String,\
# # ACTIVE_STATUS_PRSNL_ID=Long,\
# # DIAGNOSTIC_CATEGORY_CD=Long,\
# # DIAG_PRIORITY=String,\
# # DIAG_PRSNL_ID=Long,\
# # DIAG_CLASS_CD=Long,\
# # CONFID_LEVEL_CD=Long,\
# # ACTIVE_IND=Integer,\
# # UPDT_APPLCTX=Long,\
# # DIAG_TYPE_CD=Long,\
# # CONTRIBUTOR_SYSTEM_CD=Long,\
# # PERSON_ID=Long,\
# # ENCNTR_ID=Long,\
# # NOMENCLATURE_ID=Long,\
# # UPDT_TASK=String,\
# # UPDT_ID=Long,\
# # MOD_NOMENCLATURE_ID=Long,\
# # SVC_CAT_HIST_ID=Long,\
# # CONDITIONAL_QUAL_CD=Long,\
# # CLINICAL_SERVICE_CD=Long,\
# # CONFIRMATION_STATUS_CD=Long,\
# # CLASSIFICATION_CD=Long,\
# # SEVERITY_CLASS_CD=Long,\
# # CERTAINTY_CD=Long,\
# # PROBABILITY=String,\
# # LONG_BLOB_ID=Long,\
# # RANKING_CD=Long,\
# # SEVERITY_CD=Long,\
# # CLINICAL_DIAG_PRIORITY=String,\
# # ENCNTR_SLICE_ID=Long,\
# # PRESENT_ON_ADMIT_CD=Long,\
# # HAC_IND=Integer,\
# # LATERALITY_CD=Long,\
# # ORIGINATING_NOMENCLATURE_ID=Long,\
# # DIAGNOSIS_ID=Long,\
# # UPDT_CNT=Long,\
# # ACTIVE_STATUS_CD=Long,\
# # DIAG_PRSNL_NAME=String,\
# # DIAG_NOTE=String,\
# # SEVERITY_FTDESC=String,\
# # DIAGNOSIS_DISPLAY=String,\
# # DIAG_FTDESC=String,\
# # SEG_UNIQUE_KEY=String,\
# # REFERENCE_NBR=String"


# # echo "INICIANDO MUDANCA DE TZ DA FULL TABELA $1"
# # cd $SCRIPTS_DIR/work-hiae
# # sh pyspark_submit_fromUTCtoTZ_Full.sh $1-Full stg_millennium.$1
# # echo "INGESTION_SQOOP_DIR: $INGESTION_SQOOP_DIR"
# # cd $INGESTION_SQOOP_DIR
# # echo "INICIANDO CARGA DA TABELA $1"
# # sh sqoop_import.sh --env millennium --sourcetable $1 --dias 1 --mode DELTA --splitby DIAGNOSIS_ID  --updtcol UPDT_DT_TM --cols "*" --extraoptions "--map-column-java BEG_EFFECTIVE_DT_TM=String,\
# # END_EFFECTIVE_DT_TM=String,\
# # ACTIVE_STATUS_DT_TM=String,\
# # UPDT_DT_TM=String,\
# # ATTESTATION_DT_TM=String,\
# # DIAG_DT_TM=String,\
# # DIAGNOSIS_GROUP=String,\
# # ACTIVE_STATUS_PRSNL_ID=Long,\
# # DIAGNOSTIC_CATEGORY_CD=Long,\
# # DIAG_PRIORITY=String,\
# # DIAG_PRSNL_ID=Long,\
# # DIAG_CLASS_CD=Long,\
# # CONFID_LEVEL_CD=Long,\
# # ACTIVE_IND=Integer,\
# # UPDT_APPLCTX=Long,\
# # DIAG_TYPE_CD=Long,\
# # CONTRIBUTOR_SYSTEM_CD=Long,\
# # PERSON_ID=Long,\
# # ENCNTR_ID=Long,\
# # NOMENCLATURE_ID=Long,\
# # UPDT_TASK=String,\
# # UPDT_ID=Long,\
# # MOD_NOMENCLATURE_ID=Long,\
# # SVC_CAT_HIST_ID=Long,\
# # CONDITIONAL_QUAL_CD=Long,\
# # CLINICAL_SERVICE_CD=Long,\
# # CONFIRMATION_STATUS_CD=Long,\
# # CLASSIFICATION_CD=Long,\
# # SEVERITY_CLASS_CD=Long,\
# # CERTAINTY_CD=Long,\
# # PROBABILITY=String,\
# # LONG_BLOB_ID=Long,\
# # RANKING_CD=Long,\
# # SEVERITY_CD=Long,\
# # CLINICAL_DIAG_PRIORITY=String,\
# # ENCNTR_SLICE_ID=Long,\
# # PRESENT_ON_ADMIT_CD=Long,\
# # HAC_IND=Integer,\
# # LATERALITY_CD=Long,\
# # ORIGINATING_NOMENCLATURE_ID=Long,\
# # DIAGNOSIS_ID=Long,\
# # UPDT_CNT=Long,\
# # ACTIVE_STATUS_CD=Long,\
# # DIAG_PRSNL_NAME=String,\
# # DIAG_NOTE=String,\
# # SEVERITY_FTDESC=String,\
# # DIAGNOSIS_DISPLAY=String,\
# # DIAG_FTDESC=String,\
# # SEG_UNIQUE_KEY=String,\
# # REFERENCE_NBR=String"
# # cd $SCRIPTS_DIR/work-hiae
# # sh pyspark_submit_fromUTCtoTZ_delta.sh stage-$1-delta DIAGNOSIS_ID UPDT_DT_TM stg_millennium.$1
# # hive -e "drop table stg_millennium.$1_tmp"
# # hive -e "drop table stg_millennium.$1_delta"

# full_sqoop(){
# echo "INGESTION_SQOOP_DIR: $INGESTION_SQOOP_DIR"
# cd $INGESTION_SQOOP_DIR
# echo "INICIANDO CARGA DA TABELA $1"
# sh sqoop_import.sh --env millennium --sourcetable $1 --extraoptions "--map-column-java BEG_EFFECTIVE_DT_TM=String,\
# END_EFFECTIVE_DT_TM=String,\
# ACTIVE_STATUS_DT_TM=String,\
# UPDT_DT_TM=String,\
# ATTESTATION_DT_TM=String,\
# DIAG_DT_TM=String,\
# DIAGNOSIS_GROUP=String,\
# ACTIVE_STATUS_PRSNL_ID=Long,\
# DIAGNOSTIC_CATEGORY_CD=Long,\
# DIAG_PRIORITY=String,\
# DIAG_PRSNL_ID=Long,\
# DIAG_CLASS_CD=Long,\
# CONFID_LEVEL_CD=Long,\
# ACTIVE_IND=Integer,\
# UPDT_APPLCTX=Long,\
# DIAG_TYPE_CD=Long,\
# CONTRIBUTOR_SYSTEM_CD=Long,\
# PERSON_ID=Long,\
# ENCNTR_ID=Long,\
# NOMENCLATURE_ID=Long,\
# UPDT_TASK=String,\
# UPDT_ID=Long,\
# MOD_NOMENCLATURE_ID=Long,\
# SVC_CAT_HIST_ID=Long,\
# CONDITIONAL_QUAL_CD=Long,\
# CLINICAL_SERVICE_CD=Long,\
# CONFIRMATION_STATUS_CD=Long,\
# CLASSIFICATION_CD=Long,\
# SEVERITY_CLASS_CD=Long,\
# CERTAINTY_CD=Long,\
# PROBABILITY=String,\
# LONG_BLOB_ID=Long,\
# RANKING_CD=Long,\
# SEVERITY_CD=Long,\
# CLINICAL_DIAG_PRIORITY=String,\
# ENCNTR_SLICE_ID=Long,\
# PRESENT_ON_ADMIT_CD=Long,\
# HAC_IND=Integer,\
# LATERALITY_CD=Long,\
# ORIGINATING_NOMENCLATURE_ID=Long,\
# DIAGNOSIS_ID=Long,\
# UPDT_CNT=Long,\
# ACTIVE_STATUS_CD=Long,\
# DIAG_PRSNL_NAME=String,\
# DIAG_NOTE=String,\
# SEVERITY_FTDESC=String,\
# DIAGNOSIS_DISPLAY=String,\
# DIAG_FTDESC=String,\
# SEG_UNIQUE_KEY=String,\
# REFERENCE_NBR=String"

# }
# full_tz(){
# echo "INICIANDO MUDANCA DE TZ DA FULL TABELA $1"
# cd $SCRIPTS_DIR/work-hiae
# sh pyspark_submit_fromUTCtoTZ_Full.sh $1-Full stg_millennium.$1
# }
# delta_sqoop(){
# echo "INGESTION_SQOOP_DIR: $INGESTION_SQOOP_DIR"
# cd $INGESTION_SQOOP_DIR
# echo "INICIANDO CARGA DA TABELA $1"
# sh sqoop_import.sh --env millennium --sourcetable $1 --dias 1 --mode DELTA --splitby DIAGNOSIS_ID  --updtcol UPDT_DT_TM --cols "*" --extraoptions "--map-column-java BEG_EFFECTIVE_DT_TM=String,\
# END_EFFECTIVE_DT_TM=String,\
# ACTIVE_STATUS_DT_TM=String,\
# UPDT_DT_TM=String,\
# ATTESTATION_DT_TM=String,\
# DIAG_DT_TM=String,\
# DIAGNOSIS_GROUP=String,\
# ACTIVE_STATUS_PRSNL_ID=Long,\
# DIAGNOSTIC_CATEGORY_CD=Long,\
# DIAG_PRIORITY=String,\
# DIAG_PRSNL_ID=Long,\
# DIAG_CLASS_CD=Long,\
# CONFID_LEVEL_CD=Long,\
# ACTIVE_IND=Integer,\
# UPDT_APPLCTX=Long,\
# DIAG_TYPE_CD=Long,\
# CONTRIBUTOR_SYSTEM_CD=Long,\
# PERSON_ID=Long,\
# ENCNTR_ID=Long,\
# NOMENCLATURE_ID=Long,\
# UPDT_TASK=String,\
# UPDT_ID=Long,\
# MOD_NOMENCLATURE_ID=Long,\
# SVC_CAT_HIST_ID=Long,\
# CONDITIONAL_QUAL_CD=Long,\
# CLINICAL_SERVICE_CD=Long,\
# CONFIRMATION_STATUS_CD=Long,\
# CLASSIFICATION_CD=Long,\
# SEVERITY_CLASS_CD=Long,\
# CERTAINTY_CD=Long,\
# PROBABILITY=String,\
# LONG_BLOB_ID=Long,\
# RANKING_CD=Long,\
# SEVERITY_CD=Long,\
# CLINICAL_DIAG_PRIORITY=String,\
# ENCNTR_SLICE_ID=Long,\
# PRESENT_ON_ADMIT_CD=Long,\
# HAC_IND=Integer,\
# LATERALITY_CD=Long,\
# ORIGINATING_NOMENCLATURE_ID=Long,\
# DIAGNOSIS_ID=Long,\
# UPDT_CNT=Long,\
# ACTIVE_STATUS_CD=Long,\
# DIAG_PRSNL_NAME=String,\
# DIAG_NOTE=String,\
# SEVERITY_FTDESC=String,\
# DIAGNOSIS_DISPLAY=String,\
# DIAG_FTDESC=String,\
# SEG_UNIQUE_KEY=String,\
# REFERENCE_NBR=String"
# }
# delta_tz(){
# cd $SCRIPTS_DIR/work-hiae
# sh pyspark_submit_fromUTCtoTZ_delta.sh stage-$1-delta DIAGNOSIS_ID UPDT_DT_TM stg_millennium.$1
# }
# drop_tmp(){
# hive -e "drop table stg_millennium.$1_tmp"
# hive -e "drop table stg_millennium.$1_delta"
# }

# drop_table(){
#     hive -e "drop table stg_millennium.$1"
# }

# #drop_table $1 && full_sqoop $1 && full_tz $1 && drop_tmp $1 && echo "carga full finalizada com sucesso" || exit 1

# delta_sqoop $1 && delta_tz $1 && drop_tmp $1 && echo "carga delta finalizada com sucesso" || exit 1
]]></script>
        <scriptargs>DIAGNOSIS</scriptargs>
      </command>
    </sequence>
    <uuid>2929d025-34a8-44fd-813a-cdce4c7eed53</uuid>
  </job>
</joblist>