<joblist>
  <job>
    <defaultTab>nodes</defaultTab>
    <description>Ingest�o da tabela PERSON</description>
    <dispatch>
      <excludePrecedence>true</excludePrecedence>
      <keepgoing>false</keepgoing>
      <rankOrder>ascending</rankOrder>
      <successOnEmptyNodeFilter>false</successOnEmptyNodeFilter>
      <threadcount>1</threadcount>
    </dispatch>
    <executionEnabled>true</executionEnabled>
    <group>STG_MILLENNIUM - Modularizado/STAGE 04</group>
    <id>8312820e-bd76-4053-bb8f-9c9b31a3b65a</id>
    <loglevel>INFO</loglevel>
    <name>001 - PERSON</name>
    <nodeFilterEditable>false</nodeFilterEditable>
    <nodefilters>
      <filter>lpfbigdap02*</filter>
    </nodefilters>
    <nodesSelectedByDefault>true</nodesSelectedByDefault>
    <scheduleEnabled>true</scheduleEnabled>
    <sequence keepgoing='false' strategy='node-first'>
      <command>
        <description>PERSON</description>
        <script><![CDATA[cd $SCRIPTS_DIR/ingestions/
#sh ingestion.sh --env millennium --sourcetable $1
sh ingestion-new.sh --env millennium --sourcetable PERSON --all 1
# # echo "INGESTION_SQOOP_DIR: $INGESTION_SQOOP_DIR"
# # cd $INGESTION_SQOOP_DIR
# # echo "INICIANDO CARGA DA TABELA $1"
# # #sh sqoop_import.sh --env millennium --sourcetable $1 --extraoptions "--map-column-java EMANCIPATION_DT_TM=String,PERSON_ID=Long,UPDT_CNT=Integer,UPDT_DT_TM=String,UPDT_ID=Long,UPDT_TASK=Integer,UPDT_APPLCTX=Integer,ACTIVE_IND=Integer,ACTIVE_STATUS_CD=Long,ACTIVE_STATUS_PRSNL_ID=Long,ACTIVE_STATUS_DT_TM=String,CREATE_DT_TM=String,CREATE_PRSNL_ID=Long,BEG_EFFECTIVE_DT_TM=String,END_EFFECTIVE_DT_TM=String,PERSON_TYPE_CD=Long,NAME_LAST_KEY=String,NAME_FIRST_KEY=String,NAME_FULL_FORMATTED=String,AUTOPSY_CD=Long,BIRTH_DT_CD=Long,BIRTH_DT_TM=String,CONCEPTION_DT_TM=String,CAUSE_OF_DEATH=String,DECEASED_CD=Long,DECEASED_DT_TM=String,ETHNIC_GRP_CD=Long,LANGUAGE_CD=Long,MARITAL_TYPE_CD=Long,PURGE_OPTION_CD=Long,RACE_CD=Long,RELIGION_CD=Long,SEX_CD=Long,SEX_AGE_CHANGE_IND=Integer,DATA_STATUS_CD=Long,DATA_STATUS_DT_TM=String,DATA_STATUS_PRSNL_ID=Long,CONTRIBUTOR_SYSTEM_CD=Long,LANGUAGE_DIALECT_CD=Long,NAME_LAST=String,NAME_FIRST=String,NAME_PHONETIC=String,LAST_ENCNTR_DT_TM=String,SPECIES_CD=Long,CONFID_LEVEL_CD=Long,VIP_CD=Long,NAME_FIRST_SYNONYM_ID=Long,CITIZENSHIP_CD=Long,VET_MILITARY_STATUS_CD=Long,MOTHER_MAIDEN_NAME=String,NATIONALITY_CD=Long,FT_ENTITY_NAME=String,FT_ENTITY_ID=Long,NAME_MIDDLE_KEY=String,NAME_MIDDLE=String,NAME_FIRST_PHONETIC=String,NAME_LAST_PHONETIC=String,NAME_LAST_KEY_NLS=String,NAME_FIRST_KEY_NLS=String,NAME_MIDDLE_KEY_NLS=String,MILITARY_RANK_CD=Long,MILITARY_BASE_LOCATION=String,MILITARY_SERVICE_CD=Long,DECEASED_SOURCE_CD=Long,CAUSE_OF_DEATH_CD=Long,BIRTH_TZ=Integer,BIRTH_PREC_FLAG=Integer,ABS_BIRTH_DT_TM=String,ARCHIVE_ENV_ID=Long,ARCHIVE_STATUS_CD=Long,LAST_ACCESSED_DT_TM=String,ARCHIVE_STATUS_DT_TM=String,NEXT_RESTORE_DT_TM=String,AGE_AT_DEATH=Integer,AGE_AT_DEATH_UNIT_CD=Long,AGE_AT_DEATH_PREC_MOD_FLAG=Integer,DECEASED_TZ=Integer,DECEASED_DT_TM_PREC_FLAG=Integer,DECEASED_ID_METHOD_CD=Long,LOGICAL_DOMAIN_ID=Long,NAME_LAST_KEY_A_NLS=String,NAME_FIRST_KEY_A_NLS=String,NAME_MIDDLE_KEY_A_NLS=String,PERSON_STATUS_CD=Long,RESIDENT_CD=Long"
# # #impala-shell -i lpfda05.domhiae.einstein.br:21000 -q "invalidate metadata stg_millennium.$1"
# # sh sqoop_import.sh --env millennium --sourcetable $1 --dias 1 --mode DELTA --splitby PERSON_ID  --updtcol UPDT_DT_TM --cols "person_id , updt_cnt , updt_dt_tm , updt_id , updt_task , updt_applctx , active_ind , active_status_cd , active_status_prsnl_id , active_status_dt_tm , create_dt_tm , create_prsnl_id , beg_effective_dt_tm , end_effective_dt_tm , person_type_cd , name_last_key , name_first_key , name_full_formatted , autopsy_cd , birth_dt_cd , birth_dt_tm , conception_dt_tm , cause_of_death , deceased_cd , deceased_dt_tm , ethnic_grp_cd , language_cd , marital_type_cd , purge_option_cd , race_cd , religion_cd , sex_cd , sex_age_change_ind , data_status_cd , data_status_dt_tm , data_status_prsnl_id , contributor_system_cd , language_dialect_cd , name_last , name_first , name_phonetic , last_encntr_dt_tm , species_cd , confid_level_cd , vip_cd , name_first_synonym_id , citizenship_cd , vet_military_status_cd , mother_maiden_name , nationality_cd , ft_entity_name , ft_entity_id , name_middle_key , name_middle , name_first_phonetic , name_last_phonetic , name_last_key_nls , name_first_key_nls , name_middle_key_nls , military_rank_cd , military_base_location , military_service_cd , deceased_source_cd , cause_of_death_cd , birth_tz , birth_prec_flag , abs_birth_dt_tm , archive_env_id , archive_status_cd , last_accessed_dt_tm , archive_status_dt_tm , next_restore_dt_tm , age_at_death , age_at_death_unit_cd , age_at_death_prec_mod_flag , deceased_tz , deceased_dt_tm_prec_flag , deceased_id_method_cd , logical_domain_id , name_last_key_a_nls , name_first_key_a_nls , name_middle_key_a_nls , person_status_cd , resident_cd , emancipation_dt_tm , deceased_notify_source_cd" --extraoptions "--map-column-java EMANCIPATION_DT_TM=String,PERSON_ID=Long,UPDT_CNT=Integer,UPDT_DT_TM=String,UPDT_ID=Long,UPDT_TASK=Integer,UPDT_APPLCTX=Integer,ACTIVE_IND=Integer,ACTIVE_STATUS_CD=Long,ACTIVE_STATUS_PRSNL_ID=Long,ACTIVE_STATUS_DT_TM=String,CREATE_DT_TM=String,CREATE_PRSNL_ID=Long,BEG_EFFECTIVE_DT_TM=String,END_EFFECTIVE_DT_TM=String,PERSON_TYPE_CD=Long,NAME_LAST_KEY=String,NAME_FIRST_KEY=String,NAME_FULL_FORMATTED=String,AUTOPSY_CD=Long,BIRTH_DT_CD=Long,BIRTH_DT_TM=String,CONCEPTION_DT_TM=String,CAUSE_OF_DEATH=String,DECEASED_CD=Long,DECEASED_DT_TM=String,ETHNIC_GRP_CD=Long,LANGUAGE_CD=Long,MARITAL_TYPE_CD=Long,PURGE_OPTION_CD=Long,RACE_CD=Long,RELIGION_CD=Long,SEX_CD=Long,SEX_AGE_CHANGE_IND=Integer,DATA_STATUS_CD=Long,DATA_STATUS_DT_TM=String,DATA_STATUS_PRSNL_ID=Long,CONTRIBUTOR_SYSTEM_CD=Long,LANGUAGE_DIALECT_CD=Long,NAME_LAST=String,NAME_FIRST=String,NAME_PHONETIC=String,LAST_ENCNTR_DT_TM=String,SPECIES_CD=Long,CONFID_LEVEL_CD=Long,VIP_CD=Long,NAME_FIRST_SYNONYM_ID=Long,CITIZENSHIP_CD=Long,VET_MILITARY_STATUS_CD=Long,MOTHER_MAIDEN_NAME=String,NATIONALITY_CD=Long,FT_ENTITY_NAME=String,FT_ENTITY_ID=Long,NAME_MIDDLE_KEY=String,NAME_MIDDLE=String,NAME_FIRST_PHONETIC=String,NAME_LAST_PHONETIC=String,NAME_LAST_KEY_NLS=String,NAME_FIRST_KEY_NLS=String,NAME_MIDDLE_KEY_NLS=String,MILITARY_RANK_CD=Long,MILITARY_BASE_LOCATION=String,MILITARY_SERVICE_CD=Long,DECEASED_SOURCE_CD=Long,CAUSE_OF_DEATH_CD=Long,BIRTH_TZ=Integer,BIRTH_PREC_FLAG=Integer,ABS_BIRTH_DT_TM=String,ARCHIVE_ENV_ID=Long,ARCHIVE_STATUS_CD=Long,LAST_ACCESSED_DT_TM=String,ARCHIVE_STATUS_DT_TM=String,NEXT_RESTORE_DT_TM=String,AGE_AT_DEATH=Integer,AGE_AT_DEATH_UNIT_CD=Long,AGE_AT_DEATH_PREC_MOD_FLAG=Integer,DECEASED_TZ=Integer,DECEASED_DT_TM_PREC_FLAG=Integer,DECEASED_ID_METHOD_CD=Long,LOGICAL_DOMAIN_ID=Long,NAME_LAST_KEY_A_NLS=String,NAME_FIRST_KEY_A_NLS=String,NAME_MIDDLE_KEY_A_NLS=String,PERSON_STATUS_CD=Long,RESIDENT_CD=Long"
# # cd $SCRIPTS_DIR/work-hiae
# # sh pyspark_submit_fromUTCtoTZ_delta.sh stage-$1-delta PERSON_ID UPDT_DT_TM stg_millennium.$1



# full_sqoop(){
# echo "INGESTION_SQOOP_DIR: $INGESTION_SQOOP_DIR"
# cd $INGESTION_SQOOP_DIR
# echo "INICIANDO CARGA DA TABELA $1"
# sh sqoop_import.sh --env millennium --sourcetable $1 --extraoptions "--map-column-java EMANCIPATION_DT_TM=String,PERSON_ID=Long,UPDT_CNT=Integer,UPDT_DT_TM=String,UPDT_ID=Long,UPDT_TASK=Integer,UPDT_APPLCTX=Integer,ACTIVE_IND=Integer,ACTIVE_STATUS_CD=Long,ACTIVE_STATUS_PRSNL_ID=Long,ACTIVE_STATUS_DT_TM=String,CREATE_DT_TM=String,CREATE_PRSNL_ID=Long,BEG_EFFECTIVE_DT_TM=String,END_EFFECTIVE_DT_TM=String,PERSON_TYPE_CD=Long,NAME_LAST_KEY=String,NAME_FIRST_KEY=String,NAME_FULL_FORMATTED=String,AUTOPSY_CD=Long,BIRTH_DT_CD=Long,BIRTH_DT_TM=String,CONCEPTION_DT_TM=String,CAUSE_OF_DEATH=String,DECEASED_CD=Long,DECEASED_DT_TM=String,ETHNIC_GRP_CD=Long,LANGUAGE_CD=Long,MARITAL_TYPE_CD=Long,PURGE_OPTION_CD=Long,RACE_CD=Long,RELIGION_CD=Long,SEX_CD=Long,SEX_AGE_CHANGE_IND=Integer,DATA_STATUS_CD=Long,DATA_STATUS_DT_TM=String,DATA_STATUS_PRSNL_ID=Long,CONTRIBUTOR_SYSTEM_CD=Long,LANGUAGE_DIALECT_CD=Long,NAME_LAST=String,NAME_FIRST=String,NAME_PHONETIC=String,LAST_ENCNTR_DT_TM=String,SPECIES_CD=Long,CONFID_LEVEL_CD=Long,VIP_CD=Long,NAME_FIRST_SYNONYM_ID=Long,CITIZENSHIP_CD=Long,VET_MILITARY_STATUS_CD=Long,MOTHER_MAIDEN_NAME=String,NATIONALITY_CD=Long,FT_ENTITY_NAME=String,FT_ENTITY_ID=Long,NAME_MIDDLE_KEY=String,NAME_MIDDLE=String,NAME_FIRST_PHONETIC=String,NAME_LAST_PHONETIC=String,NAME_LAST_KEY_NLS=String,NAME_FIRST_KEY_NLS=String,NAME_MIDDLE_KEY_NLS=String,MILITARY_RANK_CD=Long,MILITARY_BASE_LOCATION=String,MILITARY_SERVICE_CD=Long,DECEASED_SOURCE_CD=Long,CAUSE_OF_DEATH_CD=Long,BIRTH_TZ=Integer,BIRTH_PREC_FLAG=Integer,ABS_BIRTH_DT_TM=String,ARCHIVE_ENV_ID=Long,ARCHIVE_STATUS_CD=Long,LAST_ACCESSED_DT_TM=String,ARCHIVE_STATUS_DT_TM=String,NEXT_RESTORE_DT_TM=String,AGE_AT_DEATH=Integer,AGE_AT_DEATH_UNIT_CD=Long,AGE_AT_DEATH_PREC_MOD_FLAG=Integer,DECEASED_TZ=Integer,DECEASED_DT_TM_PREC_FLAG=Integer,DECEASED_ID_METHOD_CD=Long,LOGICAL_DOMAIN_ID=Long,NAME_LAST_KEY_A_NLS=String,NAME_FIRST_KEY_A_NLS=String,NAME_MIDDLE_KEY_A_NLS=String,PERSON_STATUS_CD=Long,RESIDENT_CD=Long"
# #impala-shell -i lpfda05.domhiae.einstein.br:21000 -q "invalidate metadata stg_millennium.$1"
# }
# full_tz(){
# echo "INICIANDO MUDANCA DE TZ DA FULL TABELA $1"
# cd $SCRIPTS_DIR/work-hiae
# sh pyspark_submit_fromUTCtoTZ_Full.sh $1-Full stg_millennium.$1
# }
# delta_sqoop(){
# echo "INGESTION_SQOOP_DIR: $INGESTION_SQOOP_DIR"
# cd $INGESTION_SQOOP_DIR
# echo "INICIANDO CARGA DELTA DA TABELA $1"
# sh sqoop_import.sh --env millennium --sourcetable $1 --dias 1 --mode DELTA --splitby PERSON_ID  --updtcol UPDT_DT_TM --cols "person_id , updt_cnt , updt_dt_tm , updt_id , updt_task , updt_applctx , active_ind , active_status_cd , active_status_prsnl_id , active_status_dt_tm , create_dt_tm , create_prsnl_id , beg_effective_dt_tm , end_effective_dt_tm , person_type_cd , name_last_key , name_first_key , name_full_formatted , autopsy_cd , birth_dt_cd , birth_dt_tm , conception_dt_tm , cause_of_death , deceased_cd , deceased_dt_tm , ethnic_grp_cd , language_cd , marital_type_cd , purge_option_cd , race_cd , religion_cd , sex_cd , sex_age_change_ind , data_status_cd , data_status_dt_tm , data_status_prsnl_id , contributor_system_cd , language_dialect_cd , name_last , name_first , name_phonetic , last_encntr_dt_tm , species_cd , confid_level_cd , vip_cd , name_first_synonym_id , citizenship_cd , vet_military_status_cd , mother_maiden_name , nationality_cd , ft_entity_name , ft_entity_id , name_middle_key , name_middle , name_first_phonetic , name_last_phonetic , name_last_key_nls , name_first_key_nls , name_middle_key_nls , military_rank_cd , military_base_location , military_service_cd , deceased_source_cd , cause_of_death_cd , birth_tz , birth_prec_flag , abs_birth_dt_tm , archive_env_id , archive_status_cd , last_accessed_dt_tm , archive_status_dt_tm , next_restore_dt_tm , age_at_death , age_at_death_unit_cd , age_at_death_prec_mod_flag , deceased_tz , deceased_dt_tm_prec_flag , deceased_id_method_cd , logical_domain_id , name_last_key_a_nls , name_first_key_a_nls , name_middle_key_a_nls , person_status_cd , resident_cd , emancipation_dt_tm , deceased_notify_source_cd" --extraoptions "--map-column-java EMANCIPATION_DT_TM=String,PERSON_ID=Long,UPDT_CNT=Integer,UPDT_DT_TM=String,UPDT_ID=Long,UPDT_TASK=Integer,UPDT_APPLCTX=Integer,ACTIVE_IND=Integer,ACTIVE_STATUS_CD=Long,ACTIVE_STATUS_PRSNL_ID=Long,ACTIVE_STATUS_DT_TM=String,CREATE_DT_TM=String,CREATE_PRSNL_ID=Long,BEG_EFFECTIVE_DT_TM=String,END_EFFECTIVE_DT_TM=String,PERSON_TYPE_CD=Long,NAME_LAST_KEY=String,NAME_FIRST_KEY=String,NAME_FULL_FORMATTED=String,AUTOPSY_CD=Long,BIRTH_DT_CD=Long,BIRTH_DT_TM=String,CONCEPTION_DT_TM=String,CAUSE_OF_DEATH=String,DECEASED_CD=Long,DECEASED_DT_TM=String,ETHNIC_GRP_CD=Long,LANGUAGE_CD=Long,MARITAL_TYPE_CD=Long,PURGE_OPTION_CD=Long,RACE_CD=Long,RELIGION_CD=Long,SEX_CD=Long,SEX_AGE_CHANGE_IND=Integer,DATA_STATUS_CD=Long,DATA_STATUS_DT_TM=String,DATA_STATUS_PRSNL_ID=Long,CONTRIBUTOR_SYSTEM_CD=Long,LANGUAGE_DIALECT_CD=Long,NAME_LAST=String,NAME_FIRST=String,NAME_PHONETIC=String,LAST_ENCNTR_DT_TM=String,SPECIES_CD=Long,CONFID_LEVEL_CD=Long,VIP_CD=Long,NAME_FIRST_SYNONYM_ID=Long,CITIZENSHIP_CD=Long,VET_MILITARY_STATUS_CD=Long,MOTHER_MAIDEN_NAME=String,NATIONALITY_CD=Long,FT_ENTITY_NAME=String,FT_ENTITY_ID=Long,NAME_MIDDLE_KEY=String,NAME_MIDDLE=String,NAME_FIRST_PHONETIC=String,NAME_LAST_PHONETIC=String,NAME_LAST_KEY_NLS=String,NAME_FIRST_KEY_NLS=String,NAME_MIDDLE_KEY_NLS=String,MILITARY_RANK_CD=Long,MILITARY_BASE_LOCATION=String,MILITARY_SERVICE_CD=Long,DECEASED_SOURCE_CD=Long,CAUSE_OF_DEATH_CD=Long,BIRTH_TZ=Integer,BIRTH_PREC_FLAG=Integer,ABS_BIRTH_DT_TM=String,ARCHIVE_ENV_ID=Long,ARCHIVE_STATUS_CD=Long,LAST_ACCESSED_DT_TM=String,ARCHIVE_STATUS_DT_TM=String,NEXT_RESTORE_DT_TM=String,AGE_AT_DEATH=Integer,AGE_AT_DEATH_UNIT_CD=Long,AGE_AT_DEATH_PREC_MOD_FLAG=Integer,DECEASED_TZ=Integer,DECEASED_DT_TM_PREC_FLAG=Integer,DECEASED_ID_METHOD_CD=Long,LOGICAL_DOMAIN_ID=Long,NAME_LAST_KEY_A_NLS=String,NAME_FIRST_KEY_A_NLS=String,NAME_MIDDLE_KEY_A_NLS=String,PERSON_STATUS_CD=Long,RESIDENT_CD=Long"
# }
# delta_tz(){
# cd $SCRIPTS_DIR/work-hiae
# sh pyspark_submit_fromUTCtoTZ_delta.sh stage-$1-delta PERSON_ID UPDT_DT_TM stg_millennium.$1
# }
# drop_tmp(){
# hive -e "drop table stg_millennium.$1_tmp"
# hive -e "drop table stg_millennium.$1_delta"
# }

# drop_table(){
#     hive -e "drop table stg_millennium.$1"
# }

# #drop_table $1 && full_sqoop $1 && full_tz $1 && drop_tmp $1 && echo "carga full finalizada com sucesso" || exit 1

# delta_sqoop $1 && delta_tz $1 && drop_tmp $1 && echo "carga delta finalizada com sucesso" || exit 1

]]></script>
        <scriptargs>PERSON</scriptargs>
      </command>
    </sequence>
    <uuid>8312820e-bd76-4053-bb8f-9c9b31a3b65a</uuid>
  </job>
</joblist>