<joblist>
  <job>
    <defaultTab>nodes</defaultTab>
    <description>Ingest�o da Tabela PRSNL</description>
    <dispatch>
      <excludePrecedence>true</excludePrecedence>
      <keepgoing>false</keepgoing>
      <rankOrder>ascending</rankOrder>
      <successOnEmptyNodeFilter>false</successOnEmptyNodeFilter>
      <threadcount>1</threadcount>
    </dispatch>
    <executionEnabled>true</executionEnabled>
    <group>STG_MILLENNIUM - Modularizado/STAGE 04</group>
    <id>8e7846db-4e46-460e-8bcc-0b0db1ae9b7f</id>
    <loglevel>INFO</loglevel>
    <name>003 - PRSNL</name>
    <nodeFilterEditable>false</nodeFilterEditable>
    <nodefilters>
      <filter>lpfbigdap02*</filter>
    </nodefilters>
    <nodesSelectedByDefault>true</nodesSelectedByDefault>
    <scheduleEnabled>true</scheduleEnabled>
    <sequence keepgoing='false' strategy='node-first'>
      <command>
        <description>PRSNL</description>
        <script><![CDATA[cd $SCRIPTS_DIR/ingestions/
#sh ingestion.sh --env millennium --sourcetable $1
sh ingestion-new.sh --env millennium --sourcetable $1 --all 1

# #echo "INICIANDO MUDANCA DE TZ DA FULL TABELA $1"
# #cd $SCRIPTS_DIR/work-hiae
# #sh pyspark_submit_fromUTCtoTZ_Full.sh $1-Full stg_millennium.$1
# # echo "INGESTION_SQOOP_DIR: $INGESTION_SQOOP_DIR"
# # cd $INGESTION_SQOOP_DIR
# # echo "INICIANDO CARGA DA TABELA $1"
# # #sh sqoop_import.sh --env millennium --sourcetable $1 --extraoptions "--map-column-java PERSON_ID=Long,UPDT_CNT=Long,UPDT_DT_TM=String,UPDT_ID=Long,UPDT_TASK=Long,UPDT_APPLCTX=Long,ACTIVE_IND=Integer,ACTIVE_STATUS_CD=Long,ACTIVE_STATUS_DT_TM=String,ACTIVE_STATUS_PRSNL_ID=Long,CREATE_PRSNL_ID=Long,CREATE_DT_TM=String,PRSNL_TYPE_CD=Long,PHYSICIAN_IND=Integer,POSITION_CD=Long,DEPARTMENT_CD=Long,FREE_TEXT_IND=Integer,BEG_EFFECTIVE_DT_TM=String,END_EFFECTIVE_DT_TM=String,SECTION_CD=Long,DATA_STATUS_CD=Long,DATA_STATUS_DT_TM=String,DATA_STATUS_PRSNL_ID=Long,CONTRIBUTOR_SYSTEM_CD=Long,FT_ENTITY_ID=Long,PRIM_ASSIGN_LOC_CD=Long,LOG_ACCESS_IND=Integer,PHYSICIAN_STATUS_CD=Long,LOGICAL_DOMAIN_GRP_ID=Long,LOGICAL_DOMAIN_ID=Long,EXTERNAL_IND=Integer,LOG_LEVEL=Integer --map-column-hive LOG_ACCESS_IND=TINYINT,LOG_LEVEL=TINYINT,EXTERNAL_IND=TINYINT"
# # #impala-shell -i lpfda05.domhiae.einstein.br:21000 -q "invalidate metadata stg_millennium.$1"
# # sh sqoop_import.sh --env millennium --sourcetable $1 --dias 5 --mode DELTA --splitby PERSON_ID  --updtcol UPDT_DT_TM --cols "*" --extraoptions "--map-column-java PERSON_ID=Long,UPDT_CNT=Long,UPDT_DT_TM=String,UPDT_ID=Long,UPDT_TASK=Long,UPDT_APPLCTX=Long,ACTIVE_IND=Integer,ACTIVE_STATUS_CD=Long,ACTIVE_STATUS_DT_TM=String,ACTIVE_STATUS_PRSNL_ID=Long,CREATE_PRSNL_ID=Long,CREATE_DT_TM=String,PRSNL_TYPE_CD=Long,PHYSICIAN_IND=Integer,POSITION_CD=Long,DEPARTMENT_CD=Long,FREE_TEXT_IND=Integer,BEG_EFFECTIVE_DT_TM=String,END_EFFECTIVE_DT_TM=String,SECTION_CD=Long,DATA_STATUS_CD=Long,DATA_STATUS_DT_TM=String,DATA_STATUS_PRSNL_ID=Long,CONTRIBUTOR_SYSTEM_CD=Long,FT_ENTITY_ID=Long,PRIM_ASSIGN_LOC_CD=Long,LOG_ACCESS_IND=Integer,PHYSICIAN_STATUS_CD=Long,LOGICAL_DOMAIN_GRP_ID=Long,LOGICAL_DOMAIN_ID=Long,EXTERNAL_IND=Integer,LOG_LEVEL=Integer --map-column-hive LOG_ACCESS_IND=TINYINT,LOG_LEVEL=TINYINT,EXTERNAL_IND=TINYINT"
# # cd $SCRIPTS_DIR/work-hiae
# # sh pyspark_submit_fromUTCtoTZ_delta.sh stage-$1-delta PERSON_ID UPDT_DT_TM stg_millennium.$1
# # hive -e "drop table stg_millennium.$1_tmp"
# # hive -e "drop table stg_millennium.$1_delta"


# full_sqoop(){
# echo "INGESTION_SQOOP_DIR: $INGESTION_SQOOP_DIR"
# cd $INGESTION_SQOOP_DIR
# echo "INICIANDO CARGA DA TABELA $1"
# sh sqoop_import.sh --env millennium --sourcetable $1 --extraoptions "--map-column-java PERSON_ID=Long,UPDT_CNT=Long,UPDT_DT_TM=String,UPDT_ID=Long,UPDT_TASK=Long,UPDT_APPLCTX=Long,ACTIVE_IND=Integer,ACTIVE_STATUS_CD=Long,ACTIVE_STATUS_DT_TM=String,ACTIVE_STATUS_PRSNL_ID=Long,CREATE_PRSNL_ID=Long,CREATE_DT_TM=String,PRSNL_TYPE_CD=Long,PHYSICIAN_IND=Integer,POSITION_CD=Long,DEPARTMENT_CD=Long,FREE_TEXT_IND=Integer,BEG_EFFECTIVE_DT_TM=String,END_EFFECTIVE_DT_TM=String,SECTION_CD=Long,DATA_STATUS_CD=Long,DATA_STATUS_DT_TM=String,DATA_STATUS_PRSNL_ID=Long,CONTRIBUTOR_SYSTEM_CD=Long,FT_ENTITY_ID=Long,PRIM_ASSIGN_LOC_CD=Long,LOG_ACCESS_IND=Integer,PHYSICIAN_STATUS_CD=Long,LOGICAL_DOMAIN_GRP_ID=Long,LOGICAL_DOMAIN_ID=Long,EXTERNAL_IND=Integer,LOG_LEVEL=Integer --map-column-hive LOG_ACCESS_IND=TINYINT,LOG_LEVEL=TINYINT,EXTERNAL_IND=TINYINT"
# #impala-shell -i lpfda05.domhiae.einstein.br:21000 -q "invalidate metadata stg_millennium.$1"
# }
# full_tz(){
# echo "INICIANDO MUDANCA DE TZ DA FULL TABELA $1"
# cd $SCRIPTS_DIR/work-hiae
# sh pyspark_submit_fromUTCtoTZ_Full.sh $1-Full stg_millennium.$1
# }
# delta_sqoop(){
# echo "INGESTION_SQOOP_DIR: $INGESTION_SQOOP_DIR"
# cd $INGESTION_SQOOP_DIR
# echo "INICIANDO CARGA DELTA DA TABELA $1"
# sh sqoop_import.sh --env millennium --sourcetable $1 --dias 5 --mode DELTA --splitby PERSON_ID  --updtcol UPDT_DT_TM --cols "*" --extraoptions "--map-column-java PERSON_ID=Long,UPDT_CNT=Long,UPDT_DT_TM=String,UPDT_ID=Long,UPDT_TASK=Long,UPDT_APPLCTX=Long,ACTIVE_IND=Integer,ACTIVE_STATUS_CD=Long,ACTIVE_STATUS_DT_TM=String,ACTIVE_STATUS_PRSNL_ID=Long,CREATE_PRSNL_ID=Long,CREATE_DT_TM=String,PRSNL_TYPE_CD=Long,PHYSICIAN_IND=Integer,POSITION_CD=Long,DEPARTMENT_CD=Long,FREE_TEXT_IND=Integer,BEG_EFFECTIVE_DT_TM=String,END_EFFECTIVE_DT_TM=String,SECTION_CD=Long,DATA_STATUS_CD=Long,DATA_STATUS_DT_TM=String,DATA_STATUS_PRSNL_ID=Long,CONTRIBUTOR_SYSTEM_CD=Long,FT_ENTITY_ID=Long,PRIM_ASSIGN_LOC_CD=Long,LOG_ACCESS_IND=Integer,PHYSICIAN_STATUS_CD=Long,LOGICAL_DOMAIN_GRP_ID=Long,LOGICAL_DOMAIN_ID=Long,EXTERNAL_IND=Integer,LOG_LEVEL=Integer --map-column-hive LOG_ACCESS_IND=TINYINT,LOG_LEVEL=TINYINT,EXTERNAL_IND=TINYINT"
# }
# delta_tz(){
# cd $SCRIPTS_DIR/work-hiae
# sh pyspark_submit_fromUTCtoTZ_delta.sh stage-$1-delta PERSON_ID UPDT_DT_TM stg_millennium.$1
# }
# drop_tmp(){
# hive -e "drop table stg_millennium.$1_tmp"
# hive -e "drop table stg_millennium.$1_delta"
# }

# drop_table(){
#     hive -e "drop table stg_millennium.$1"
# }

# #drop_table $1 && full_sqoop $1 && full_tz $1 && drop_tmp $1 && echo "carga full finalizada com sucesso" || exit 1

# delta_sqoop $1 && delta_tz $1 && drop_tmp $1 && echo "carga delta finalizada com sucesso" || exit 1
]]></script>
        <scriptargs>PRSNL</scriptargs>
      </command>
    </sequence>
    <uuid>8e7846db-4e46-460e-8bcc-0b0db1ae9b7f</uuid>
  </job>
</joblist>