<joblist>
  <job>
    <defaultTab>nodes</defaultTab>
    <description>Ingest�o da tabela CODE_VALUE</description>
    <dispatch>
      <excludePrecedence>true</excludePrecedence>
      <keepgoing>false</keepgoing>
      <rankOrder>ascending</rankOrder>
      <successOnEmptyNodeFilter>false</successOnEmptyNodeFilter>
      <threadcount>1</threadcount>
    </dispatch>
    <executionEnabled>true</executionEnabled>
    <group>STG_MILLENNIUM - Modularizado/STAGE 04</group>
    <id>acfdfda8-7f38-448e-8ba1-d01f448702fa</id>
    <loglevel>INFO</loglevel>
    <name>002 - CODE_VALUE</name>
    <nodeFilterEditable>false</nodeFilterEditable>
    <nodefilters>
      <filter>lpfbigdap02*</filter>
    </nodefilters>
    <nodesSelectedByDefault>true</nodesSelectedByDefault>
    <scheduleEnabled>true</scheduleEnabled>
    <sequence keepgoing='false' strategy='node-first'>
      <command>
        <description>CODE_VALUE</description>
        <script><![CDATA[cd $SCRIPTS_DIR/ingestions/

sh ingestion-new.sh --env millennium --sourcetable $1 --all 1

#sh ingestion.sh --env millennium --sourcetable $1

# #echo "INGESTION_SQOOP_DIR: $INGESTION_SQOOP_DIR"
# #cd $INGESTION_SQOOP_DIR
# #echo "INICIANDO CARGA DA TABELA $1"
# #sh sqoop_import.sh --env millennium --sourcetable $1 --extraoptions "--map-column-java CODE_VALUE=Long,CODE_SET=Long,COLLATION_SEQ=Long,ACTIVE_TYPE_CD=Long,ACTIVE_IND=Long,ACTIVE_DT_TM=String,INACTIVE_DT_TM=String,UPDT_DT_TM=String,UPDT_ID=Long,UPDT_CNT=Long,UPDT_TASK=Long,UPDT_APPLCTX=Long,BEGIN_EFFECTIVE_DT_TM=String,END_EFFECTIVE_DT_TM=String,DATA_STATUS_CD=Long,DATA_STATUS_DT_TM=String,DATA_STATUS_PRSNL_ID=Long,ACTIVE_STATUS_PRSNL_ID=Long"
# #impala-shell -i lpfda05.domhiae.einstein.br:21000 -q "invalidate metadata stg_millennium.$1"
# # echo "INGESTION_SQOOP_DIR: $INGESTION_SQOOP_DIR"
# # cd $INGESTION_SQOOP_DIR
# # echo "INICIANDO CARGA DA TABELA $1"
# # sh sqoop_code_value_delta.sh
# # cd $SCRIPTS_DIR/work-hiae
# # sh pyspark_submit_fromUTCtoTZ_delta.sh stg-code_value-delta CODE_VALUE UPDT_DT_TM stg_millennium.code_value


# full_sqoop(){
# echo "INGESTION_SQOOP_DIR: $INGESTION_SQOOP_DIR"
# cd $INGESTION_SQOOP_DIR
# echo "INICIANDO CARGA DA TABELA $1"
# sh sqoop_import.sh --env millennium --sourcetable $1 --extraoptions "--map-column-java CODE_VALUE=Long,CODE_SET=Long,COLLATION_SEQ=Long,ACTIVE_TYPE_CD=Long,ACTIVE_IND=Long,ACTIVE_DT_TM=String,INACTIVE_DT_TM=String,UPDT_DT_TM=String,UPDT_ID=Long,UPDT_CNT=Long,UPDT_TASK=Long,UPDT_APPLCTX=Long,BEGIN_EFFECTIVE_DT_TM=String,END_EFFECTIVE_DT_TM=String,DATA_STATUS_CD=Long,DATA_STATUS_DT_TM=String,DATA_STATUS_PRSNL_ID=Long,ACTIVE_STATUS_PRSNL_ID=Long"
# #impala-shell -i lpfda05.domhiae.einstein.br:21000 -q "invalidate metadata stg_millennium.$1"
# }
# full_tz(){
# echo "INICIANDO MUDANCA DE TZ DA FULL TABELA $1"
# cd $SCRIPTS_DIR/work-hiae
# sh pyspark_submit_fromUTCtoTZ_Full.sh $1-Full stg_millennium.$1
# }
# delta_sqoop(){
# echo "INGESTION_SQOOP_DIR: $INGESTION_SQOOP_DIR"
# cd $INGESTION_SQOOP_DIR
# echo "INICIANDO CARGA DELTA DA TABELA $1"
# sh sqoop_import.sh --env millennium --sourcetable $1 --dias 1 --mode DELTA --splitby CODE_VALUE  --updtcol UPDT_DT_TM --cols "*" --extraoptions "--map-column-java CODE_VALUE=Long,CODE_SET=Long,COLLATION_SEQ=Long,ACTIVE_TYPE_CD=Long,ACTIVE_IND=Long,ACTIVE_DT_TM=String,INACTIVE_DT_TM=String,UPDT_DT_TM=String,UPDT_ID=Long,UPDT_CNT=Long,UPDT_TASK=Long,UPDT_APPLCTX=Long,BEGIN_EFFECTIVE_DT_TM=String,END_EFFECTIVE_DT_TM=String,DATA_STATUS_CD=Long,DATA_STATUS_DT_TM=String,DATA_STATUS_PRSNL_ID=Long,ACTIVE_STATUS_PRSNL_ID=Long"
# }
# delta_tz(){
# cd $SCRIPTS_DIR/work-hiae
# sh pyspark_submit_fromUTCtoTZ_delta.sh stg-$1-delta CODE_VALUE UPDT_DT_TM stg_millennium.$1
# }
# drop_tmp(){
# hive -e "drop table stg_millennium.$1_tmp"
# hive -e "drop table stg_millennium.$1_delta"
# }

# drop_table(){
#     hive -e "drop table stg_millennium.$1"
# }

# #drop_table $1 && full_sqoop $1 && full_tz $1 && drop_tmp $1 && echo "carga full finalizada com sucesso" || exit 1

# delta_sqoop $1 && delta_tz $1 && drop_tmp $1 && echo "carga delta finalizada com sucesso" || exit 1
]]></script>
        <scriptargs>CODE_VALUE</scriptargs>
      </command>
    </sequence>
    <uuid>acfdfda8-7f38-448e-8ba1-d01f448702fa</uuid>
  </job>
</joblist>