<joblist>
  <job>
    <defaultTab>nodes</defaultTab>
    <description>Ingest�o da tabela tr00129_pessoa</description>
    <dispatch>
      <excludePrecedence>true</excludePrecedence>
      <keepgoing>false</keepgoing>
      <rankOrder>ascending</rankOrder>
      <successOnEmptyNodeFilter>false</successOnEmptyNodeFilter>
      <threadcount>1</threadcount>
    </dispatch>
    <executionEnabled>true</executionEnabled>
    <group>STG_SIAF - Modularizado/STAGE 01</group>
    <id>4e0c9fca-5014-4e0a-9635-8e3ba2e93f32</id>
    <loglevel>INFO</loglevel>
    <name>005 - tr00129_pessoa</name>
    <nodeFilterEditable>false</nodeFilterEditable>
    <nodefilters>
      <filter>lpfbigdap02*</filter>
    </nodefilters>
    <nodesSelectedByDefault>true</nodesSelectedByDefault>
    <scheduleEnabled>true</scheduleEnabled>
    <sequence keepgoing='false' strategy='node-first'>
      <command>
        <description>tr00129_pessoa</description>
        <script><![CDATA[cd $SCRIPTS_DIR/ingestions/
sh ingestion-new.sh --env siaf_sql --sourcetable $1 --all 1]]></script>
        <scriptargs>tr00129_pessoa</scriptargs>
      </command>
    </sequence>
    <uuid>4e0c9fca-5014-4e0a-9635-8e3ba2e93f32</uuid>
  </job>
</joblist>