<joblist>
  <job>
    <defaultTab>nodes</defaultTab>
    <description>Ingest�o da tabela t00327_agda_crgo</description>
    <dispatch>
      <excludePrecedence>true</excludePrecedence>
      <keepgoing>false</keepgoing>
      <rankOrder>ascending</rankOrder>
      <successOnEmptyNodeFilter>false</successOnEmptyNodeFilter>
      <threadcount>1</threadcount>
    </dispatch>
    <executionEnabled>true</executionEnabled>
    <group>STG_SIAF - Modularizado/STAGE 01</group>
    <id>6c0912bf-b62d-4799-a06f-6ad6293dbd97</id>
    <loglevel>INFO</loglevel>
    <name>003 - t00327_agda_crgo</name>
    <nodeFilterEditable>false</nodeFilterEditable>
    <nodefilters>
      <filter>lpfbigdap02*</filter>
    </nodefilters>
    <nodesSelectedByDefault>true</nodesSelectedByDefault>
    <scheduleEnabled>true</scheduleEnabled>
    <sequence keepgoing='false' strategy='node-first'>
      <command>
        <description>t00327_agda_crgo</description>
        <script><![CDATA[cd $SCRIPTS_DIR/ingestions/
sh ingestion-new.sh --env siaf_sql --sourcetable $1 --all 1

#--map-column-java 'DT_ALTO=String,DT_FIM=String,DH_FIM=String,DH_INCO=String,DT_ICLO=String,DT_INCO=String,TM_ALTO=String,TM_FIM=String,TM_ICLO=String,TM_INCO=String']]></script>
        <scriptargs>t00327_agda_crgo</scriptargs>
      </command>
    </sequence>
    <uuid>6c0912bf-b62d-4799-a06f-6ad6293dbd97</uuid>
  </job>
</joblist>