<joblist>
  <job>
    <defaultTab>nodes</defaultTab>
    <description>Ingest�o da tabela t00429_agda_crgo_dcto_aqvo</description>
    <dispatch>
      <excludePrecedence>true</excludePrecedence>
      <keepgoing>false</keepgoing>
      <rankOrder>ascending</rankOrder>
      <successOnEmptyNodeFilter>false</successOnEmptyNodeFilter>
      <threadcount>1</threadcount>
    </dispatch>
    <executionEnabled>true</executionEnabled>
    <group>STG_SIAF - Modularizado/STAGE 01</group>
    <id>81a04fac-81d5-45be-ae7d-54eb4ac72e6e</id>
    <loglevel>INFO</loglevel>
    <name>002 - t00429_agda_crgo_dcto_aqvo</name>
    <nodeFilterEditable>false</nodeFilterEditable>
    <nodefilters>
      <filter>lpfbigdap02*</filter>
    </nodefilters>
    <nodesSelectedByDefault>true</nodesSelectedByDefault>
    <scheduleEnabled>true</scheduleEnabled>
    <sequence keepgoing='false' strategy='node-first'>
      <command>
        <description>t00429_agda_crgo_dcto_aqvo</description>
        <script><![CDATA[cd $SCRIPTS_DIR/ingestions/
sh ingestion-new.sh --env siaf_sql --sourcetable $1 --all 1
#--map-column-java 'DT_ALTO=String,DT_FIM=String,DH_FIM=String,DH_INCO=String,DT_ICLO=String,DT_INCO=String,TM_ALTO=String,TM_FIM=String,TM_ICLO=String,TM_INCO=String']]></script>
        <scriptargs>t00429_agda_crgo_dcto_aqvo</scriptargs>
      </command>
    </sequence>
    <uuid>81a04fac-81d5-45be-ae7d-54eb4ac72e6e</uuid>
  </job>
</joblist>