<joblist>
  <job>
    <defaultTab>nodes</defaultTab>
    <description>Ingest�o da tabela t00428_dcto_aqvo</description>
    <dispatch>
      <excludePrecedence>true</excludePrecedence>
      <keepgoing>false</keepgoing>
      <rankOrder>ascending</rankOrder>
      <successOnEmptyNodeFilter>false</successOnEmptyNodeFilter>
      <threadcount>1</threadcount>
    </dispatch>
    <executionEnabled>true</executionEnabled>
    <group>STG_SIAF - Modularizado/STAGE 01</group>
    <id>8487ab89-71ef-4857-b08c-ccee7d8a0835</id>
    <loglevel>INFO</loglevel>
    <name>001 - t00428_dcto_aqvo</name>
    <nodeFilterEditable>false</nodeFilterEditable>
    <nodefilters>
      <filter>lpfbigdap02*</filter>
    </nodefilters>
    <nodesSelectedByDefault>true</nodesSelectedByDefault>
    <scheduleEnabled>true</scheduleEnabled>
    <sequence keepgoing='false' strategy='node-first'>
      <command>
        <description>t00428_dcto_aqvo</description>
        <script><![CDATA[cd $SCRIPTS_DIR/ingestions/
sh ingestion-new.sh --env siaf_sql --sourcetable $1 --all 1]]></script>
        <scriptargs>t00428_dcto_aqvo</scriptargs>
      </command>
    </sequence>
    <uuid>8487ab89-71ef-4857-b08c-ccee7d8a0835</uuid>
  </job>
</joblist>