<joblist>
  <job>
    <defaultTab>nodes</defaultTab>
    <description>Ingest�o da Tabela PERIOPERATIVE_DOCUMENT</description>
    <dispatch>
      <excludePrecedence>true</excludePrecedence>
      <keepgoing>false</keepgoing>
      <rankOrder>ascending</rankOrder>
      <successOnEmptyNodeFilter>false</successOnEmptyNodeFilter>
      <threadcount>1</threadcount>
    </dispatch>
    <executionEnabled>true</executionEnabled>
    <group>STG_MILLENNIUM - Modularizado/STAGE 05</group>
    <id>14136ad4-2a90-44d1-969b-b29dd25e7a98</id>
    <loglevel>INFO</loglevel>
    <name>005 - PERIOPERATIVE_DOCUMENT</name>
    <nodeFilterEditable>false</nodeFilterEditable>
    <nodefilters>
      <filter>lpfbigdap02*</filter>
    </nodefilters>
    <nodesSelectedByDefault>true</nodesSelectedByDefault>
    <scheduleEnabled>true</scheduleEnabled>
    <sequence keepgoing='false' strategy='node-first'>
      <command>
        <description>PERIOPERATIVE_DOCUMENT</description>
        <script><![CDATA[cd $SCRIPTS_DIR/ingestions/

sh ingestion-new.sh --env millennium --sourcetable $1 --all 1

]]></script>
        <scriptargs>PERIOPERATIVE_DOCUMENT</scriptargs>
      </command>
    </sequence>
    <uuid>14136ad4-2a90-44d1-969b-b29dd25e7a98</uuid>
  </job>
</joblist>