<joblist>
  <job>
    <defaultTab>nodes</defaultTab>
    <description>Ingest�o da Tabela ORDER_ENTRY_FIELDS</description>
    <dispatch>
      <excludePrecedence>true</excludePrecedence>
      <keepgoing>false</keepgoing>
      <rankOrder>ascending</rankOrder>
      <successOnEmptyNodeFilter>false</successOnEmptyNodeFilter>
      <threadcount>1</threadcount>
    </dispatch>
    <executionEnabled>true</executionEnabled>
    <group>STG_MILLENNIUM - Modularizado/STAGE 05</group>
    <id>3e665872-fa6f-4330-b6f7-e34fe41b7b69</id>
    <loglevel>INFO</loglevel>
    <name>004 - ORDER_ENTRY_FIELDS</name>
    <nodeFilterEditable>false</nodeFilterEditable>
    <nodefilters>
      <filter>lpfbigdap02*</filter>
    </nodefilters>
    <nodesSelectedByDefault>true</nodesSelectedByDefault>
    <scheduleEnabled>true</scheduleEnabled>
    <sequence keepgoing='false' strategy='node-first'>
      <command>
        <description>ORDER_ENTRY_FIELDS</description>
        <script><![CDATA[cd $SCRIPTS_DIR/ingestions/

sh ingestion-new.sh --env millennium --sourcetable $1 --all 1

#sh ingestion.sh --env millennium --sourcetable $1

# full_sqoop(){
# echo "INGESTION_SQOOP_DIR: $INGESTION_SQOOP_DIR"
# cd $INGESTION_SQOOP_DIR
# echo "INICIANDO CARGA DA TABELA $1"
# sh sqoop_import.sh --env millennium --sourcetable $1 --extraoptions "--map-column-java OE_FIELD_ID=Long,CODESET=Long,DESCRIPTION=String,CATALOG_TYPE_CD=Long,OE_FIELD_MEANING_ID=Long,REQUEST=Long,MIN_VAL=Long,MAX_VAL=Long,FIELD_TYPE_FLAG=Integer,ACCEPT_SIZE=Long,VALIDATION_TYPE_FLAG=Integer,HELP_CONTEXT_ID=Long,UPDT_CNT=Long,UPDT_DT_TM=String,UPDT_ID=Long,UPDT_TASK=Long,UPDT_APPLCTX=Long,ALLOW_MULTIPLE_IND=Integer,SPIN_INCREMENT_CNT=Long,PROMPT_ENTITY_NAME=String,PROMPT_ENTITY_ID=Long,HIDE_MALE_IND=Integer,HIDE_FEMALE_IND=Integer,HIDE_MIN_AGE_IND=Integer,HIDE_MIN_AGE=Long,HIDE_MIN_AGE_UNITS_FLAG=Integer,HIDE_MAX_AGE_IND=Integer,HIDE_MAX_AGE=Long,HIDE_MAX_AGE_UNITS_FLAG=Integer,SMART_DEFAULTING_FLAG=Integer,EVENT_CD=Long,COMMON_FLAG=Integer,FSI_MAP_TO_OBX_IND=Integer,CKI=String"

# }
# full_tz(){
# echo "INICIANDO MUDANCA DE TZ DA FULL TABELA $1"
# cd $SCRIPTS_DIR/work-hiae
# sh pyspark_submit_fromUTCtoTZ_Full.sh $1-Full stg_millennium.$1
# hive -e "drop table stg_millennium.$1_tmp"
# }
# delta_sqoop(){
# echo "INGESTION_SQOOP_DIR: $INGESTION_SQOOP_DIR"
# cd $INGESTION_SQOOP_DIR
# echo "INICIANDO CARGA DELTA DA TABELA $1"
# sh sqoop_import.sh --env millennium --sourcetable $1 --dias 1 --mode DELTA --splitby OE_FIELD_ID  --updtcol UPDT_DT_TM --cols "*" --extraoptions "--map-column-java OE_FIELD_ID=Long,CODESET=Long,DESCRIPTION=String,CATALOG_TYPE_CD=Long,OE_FIELD_MEANING_ID=Long,REQUEST=Long,MIN_VAL=Long,MAX_VAL=Long,FIELD_TYPE_FLAG=Integer,ACCEPT_SIZE=Long,VALIDATION_TYPE_FLAG=Integer,HELP_CONTEXT_ID=Long,UPDT_CNT=Long,UPDT_DT_TM=String,UPDT_ID=Long,UPDT_TASK=Long,UPDT_APPLCTX=Long,ALLOW_MULTIPLE_IND=Integer,SPIN_INCREMENT_CNT=Long,PROMPT_ENTITY_NAME=String,PROMPT_ENTITY_ID=Long,HIDE_MALE_IND=Integer,HIDE_FEMALE_IND=Integer,HIDE_MIN_AGE_IND=Integer,HIDE_MIN_AGE=Long,HIDE_MIN_AGE_UNITS_FLAG=Integer,HIDE_MAX_AGE_IND=Integer,HIDE_MAX_AGE=Long,HIDE_MAX_AGE_UNITS_FLAG=Integer,SMART_DEFAULTING_FLAG=Integer,EVENT_CD=Long,COMMON_FLAG=Integer,FSI_MAP_TO_OBX_IND=Integer,CKI=String"
# }
# delta_tz(){
# cd $SCRIPTS_DIR/work-hiae
# sh pyspark_submit_fromUTCtoTZ_delta.sh stage-$1-delta OE_FIELD_ID UPDT_DT_TM stg_millennium.$1
# }
# drop_tmp(){
# hive -e "drop table stg_millennium.$1_tmp"
# hive -e "drop table stg_millennium.$1_delta"
# }

# drop_table(){
#     hive -e "drop table stg_millennium.$1"
# }

# #drop_table $1 && full_sqoop $1 && full_tz $1 && drop_tmp $1 && echo "carga full finalizada com sucesso" || exit 1

# delta_sqoop $1 && delta_tz $1 && drop_tmp $1 && echo "carga delta finalizada com sucesso" || exit 1
]]></script>
        <scriptargs>ORDER_ENTRY_FIELDS</scriptargs>
      </command>
    </sequence>
    <uuid>3e665872-fa6f-4330-b6f7-e34fe41b7b69</uuid>
  </job>
</joblist>