<joblist>
  <job>
    <defaultTab>nodes</defaultTab>
    <description>Ingest�o da tabela MIC_TASK_LOG</description>
    <dispatch>
      <excludePrecedence>true</excludePrecedence>
      <keepgoing>false</keepgoing>
      <rankOrder>ascending</rankOrder>
      <successOnEmptyNodeFilter>false</successOnEmptyNodeFilter>
      <threadcount>1</threadcount>
    </dispatch>
    <executionEnabled>true</executionEnabled>
    <group>STG_MILLENNIUM - Modularizado/STAGE 05</group>
    <id>cfcbd7be-49fc-4d99-b441-9b40f0b21c62</id>
    <loglevel>INFO</loglevel>
    <name>003 - MIC_TASK_LOG</name>
    <nodeFilterEditable>false</nodeFilterEditable>
    <nodefilters>
      <filter>lpfbigdap02*</filter>
    </nodefilters>
    <nodesSelectedByDefault>true</nodesSelectedByDefault>
    <scheduleEnabled>true</scheduleEnabled>
    <sequence keepgoing='false' strategy='node-first'>
      <command>
        <description>MIC_TASK_LOG</description>
        <script><![CDATA[cd $SCRIPTS_DIR/ingestions/

#sh ingestion.sh --env millennium --sourcetable $1

sh ingestion-new.sh --env millennium --sourcetable $1 --all 1

# full_sqoop(){
# echo "INGESTION_SQOOP_DIR: $INGESTION_SQOOP_DIR"
# cd $INGESTION_SQOOP_DIR
# echo "INICIANDO CARGA DA TABELA $1"
# sh sqoop_import.sh --env millennium --sourcetable $1 --extraoptions "--map-column-java TASK_LOG_ID=Long,ORDER_ID=Long,CATALOG_CD=Long,CORRECTED_IND=Long,TASK_DISPLAY_ORDER=Long,TASK_TECH_ID=Long,TASK_CD=Long,TASK_QUAL=Long,TASK_CLASS_FLAG=Long,TASK_TYPE_FLAG=Long,TASK_STATUS_CD=Long,TASK_DT_TM=String,TASK_LOCATION_CD=Long,ORGANISM_CD=Long,ORGANISM_QUAL=Long,OBSERVATION=String,Q_SCORE=Long,CHARTABLE_IND=Long,ABNORMAL_IND=Long,POSITIVE_IND=Long,COMMENT_IND=Long,REQUEUE_IND=Long,EXPEDITE_IND=Long,UPDT_CNT=Long,UPDT_DT_TM=String,UPDT_ID=Long,UPDT_TASK=Long,UPDT_APPLCTX=Long,INSTR_ID_NBR=String,INSTR_RESOURCE_CD=Long,LONG_TEXT_ID=Long,ACTION_TECH_ID=Long,ACTION_DT_TM=String,ACTION_TZ=Long,EVENT_HISTORY_FLAG=Long,INSTR_RESULT_IDENT=String,CRITICAL_IND=Long"
# }
# full_tz()
# {
# echo "INICIANDO MUDANCA DE TZ DA FULL TABELA $1"
# cd $SCRIPTS_DIR/work-hiae
# sh pyspark_submit_fromUTCtoTZ_Full.sh $1-Full stg_millennium.$1 6 3 5g
# }
# delta_sqoop(){
# echo "INGESTION_SQOOP_DIR: $INGESTION_SQOOP_DIR"
# cd $INGESTION_SQOOP_DIR
# echo "INICIANDO CARGA DA TABELA $1"
# sh sqoop_import.sh --env millennium --mode DELTA --dias 1 --sourcetable $1 --splitby EVENT_ID --updtcol UPDT_DT_TM --cols "TASK_LOG_ID,ORDER_ID,CATALOG_CD,CORRECTED_IND,TASK_DISPLAY_ORDER,TASK_TECH_ID,TASK_CD,TASK_QUAL,TASK_CLASS_FLAG,TASK_TYPE_FLAG,TASK_STATUS_CD,TASK_DT_TM,TASK_LOCATION_CD,ORGANISM_CD,ORGANISM_QUAL,OBSERVATION,Q_SCORE,CHARTABLE_IND,ABNORMAL_IND,POSITIVE_IND,COMMENT_IND,REQUEUE_IND,EXPEDITE_IND,UPDT_CNT,UPDT_DT_TM,UPDT_ID,UPDT_TASK,UPDT_APPLCTX,INSTR_ID_NBR,INSTR_RESOURCE_CD,LONG_TEXT_ID,ACTION_TECH_ID,ACTION_DT_TM,ACTION_TZ,EVENT_HISTORY_FLAG,INSTR_RESULT_IDENT,CRITICAL_IND" --extraoptions "--map-column-java TASK_LOG_ID=Long,ORDER_ID=Long,CATALOG_CD=Long,CORRECTED_IND=Long,TASK_DISPLAY_ORDER=Long,TASK_TECH_ID=Long,TASK_CD=Long,TASK_QUAL=Long,TASK_CLASS_FLAG=Long,TASK_TYPE_FLAG=Long,TASK_STATUS_CD=Long,TASK_DT_TM=String,TASK_LOCATION_CD=Long,ORGANISM_CD=Long,ORGANISM_QUAL=Long,OBSERVATION=String,Q_SCORE=Long,CHARTABLE_IND=Long,ABNORMAL_IND=Long,POSITIVE_IND=Long,COMMENT_IND=Long,REQUEUE_IND=Long,EXPEDITE_IND=Long,UPDT_CNT=Long,UPDT_DT_TM=String,UPDT_ID=Long,UPDT_TASK=Long,UPDT_APPLCTX=Long,INSTR_ID_NBR=String,INSTR_RESOURCE_CD=Long,LONG_TEXT_ID=Long,ACTION_TECH_ID=Long,ACTION_DT_TM=String,ACTION_TZ=Long,EVENT_HISTORY_FLAG=Long,INSTR_RESULT_IDENT=String,CRITICAL_IND=Long"
# }
# delta_tz(){
# cd $SCRIPTS_DIR/work-hiae
# sh pyspark_submit_fromUTCtoTZ_delta.sh stg-$1-delta TASK_LOG_ID UPDT_DT_TM stg_millennium.mic_task_log 4 2 5g
# }
# drop_tmp()
# {
# hive -e "drop table stg_millennium.$1_tmp"
# hive -e "drop table stg_millennium.$1_delta"
# }
# drop_table(){
# hive -e "drop table stg_millennium.$1"  
# }


# drop_table $1 && full_sqoop $1 && full_tz $1 && drop_tmp $1 && echo "carga full finalizada com sucesso" || exit 1
# #delta_sqoop $1 && delta_tz $1 && drop_tmp $1 && echo "carga delta finalizada com sucesso" || exit 1
]]></script>
        <scriptargs>MIC_TASK_LOG</scriptargs>
      </command>
    </sequence>
    <uuid>cfcbd7be-49fc-4d99-b441-9b40f0b21c62</uuid>
  </job>
</joblist>