<joblist>
  <job>
    <defaultTab>nodes</defaultTab>
    <description>Ingest�o da Tabela SURG_CASE_PROCEDURE</description>
    <dispatch>
      <excludePrecedence>true</excludePrecedence>
      <keepgoing>false</keepgoing>
      <rankOrder>ascending</rankOrder>
      <successOnEmptyNodeFilter>false</successOnEmptyNodeFilter>
      <threadcount>1</threadcount>
    </dispatch>
    <executionEnabled>true</executionEnabled>
    <group>STG_MILLENNIUM - Modularizado/STAGE 05</group>
    <id>d88fe5c8-2e04-4742-b2db-ba17daccf739</id>
    <loglevel>INFO</loglevel>
    <name>001 - SURG_CASE_PROCEDURE</name>
    <nodeFilterEditable>false</nodeFilterEditable>
    <nodefilters>
      <filter>lpfbigdap02*</filter>
    </nodefilters>
    <nodesSelectedByDefault>true</nodesSelectedByDefault>
    <scheduleEnabled>true</scheduleEnabled>
    <sequence keepgoing='false' strategy='node-first'>
      <command>
        <description>SURG_CASE_PROCEDURE</description>
        <script><![CDATA[cd $SCRIPTS_DIR/ingestions/

sh ingestion-new.sh --env millennium --sourcetable $1 --all 1

#sh ingestion.sh --env millennium --sourcetable $1

# full_sqoop(){
# echo "INGESTION_SQOOP_DIR: $INGESTION_SQOOP_DIR"
# cd $INGESTION_SQOOP_DIR
# echo "INICIANDO CARGA DA TABELA $1"
# sh sqoop_import.sh --env millennium --sourcetable $1 --extraoptions "--map-column-java PRIMARY_PROC_IND=Integer,WOUND_CLASS_CD=Long,PROC_START_DT_TM=String,PROC_END_DT_TM=String,ORDER_ID=Long,PICK_LIST_CHG_FLAG=Integer,SCHED_SURG_PROC_CD=Long,SCHED_PRIMARY_IND=Integer,SCHED_SURG_SPECIALTY_ID=Long,CONCURRENT_IND=Integer,ACTIVE_IND=Integer,ACTIVE_STATUS_DT_TM=String,ACTIVE_STATUS_PRSNL_ID=Long,BEG_EFFECTIVE_DT_TM=String,END_EFFECTIVE_DT_TM=String,CREATE_DT_TM=String,UPDT_CNT=Long,UPDT_DT_TM=String,REPORTING_PROC_IND=Integer,EVENT_ID=Long,SCHED_SURG_AREA_CD=Long,PROC_END_TZ=Integer,PROC_START_TZ=Integer,SCHED_WOUND_CLASS_CD=Long,SCHED_SPEC_REQ_IND=Integer,SCHED_UD4_CD=Long,SCHED_UD3_CD=Long,SCHED_UD2_CD=Long,SCHED_UD1_CD=Long,SCHED_XRAY_IND=Integer,SCHED_IMPLANT_IND=Integer,SCHED_BLOOD_PRODUCT_REQ_IND=Integer,SCHED_FROZEN_SECTION_REQ_IND=Integer,SCHED_CASE_LEVEL_CD=Long,SCHED_XRAY_TECH_IND=Integer,SCHED_UD5_CD=Long,SURG_CASE_PROC_ID=Long,SEGMENT_HEADER_ID=Long,INST_CD=Long,DEPT_CD=Long,SURG_AREA_CD=Long,SURG_CASE_ID=Long,SURG_PROC_CD=Long,SYNONYM_ID=Long,PRIMARY_SURGEON_ID=Long,SURG_SPECIALTY_ID=Long,ANESTH_TYPE_CD=Long,SPEC_NOT_COLLECTED_REASON_CD=Long,PROC_DUR_MIN=Integer,PROC_START_DAY=Integer,PROC_START_HOUR=Integer,PROC_START_MONTH=Integer,PROC_COMPLETE_QTY=Integer,PREF_CARD_ID=Long,SCHED_PRIMARY_SURGEON_ID=Long,SCHED_ANESTH_TYPE_CD=Long,SCHED_DUR=Integer,SCHED_QTY=Integer,SCHED_SEQ_NUM=Integer,ACTIVE_STATUS_CD=Long,CREATE_APPLCTX=Long,CREATE_PRSNL_ID=Long,CREATE_TASK=Long,UPDT_ID=Long,UPDT_TASK=Long,UPDT_APPLCTX=Long,SCHED_PROC_CNT=Integer"
# #impala-shell -i lpfda05.domhiae.einstein.br:21000 -q "invalidate metadata stg_millennium.$1"
# }
# full_tz(){
# echo "INICIANDO MUDANCA DE TZ DA FULL TABELA $1"
# cd $SCRIPTS_DIR/work-hiae
# sh pyspark_submit_fromUTCtoTZ_Full.sh $1-Full stg_millennium.$1
# hive -e "drop table stg_millennium.$1_tmp"
# }
# delta_sqoop(){
# echo "INGESTION_SQOOP_DIR: $INGESTION_SQOOP_DIR"
# cd $INGESTION_SQOOP_DIR
# echo "INICIANDO CARGA DELTA DA TABELA $1"
# sh sqoop_import.sh --env millennium --sourcetable $1 --dias 1 --mode DELTA --splitby SURG_CASE_PROC_ID  --updtcol UPDT_DT_TM --cols "*" --extraoptions "--map-column-java PRIMARY_PROC_IND=Integer,WOUND_CLASS_CD=Long,PROC_START_DT_TM=String,PROC_END_DT_TM=String,ORDER_ID=Long,PICK_LIST_CHG_FLAG=Integer,SCHED_SURG_PROC_CD=Long,SCHED_PRIMARY_IND=Integer,SCHED_SURG_SPECIALTY_ID=Long,CONCURRENT_IND=Integer,ACTIVE_IND=Integer,ACTIVE_STATUS_DT_TM=String,ACTIVE_STATUS_PRSNL_ID=Long,BEG_EFFECTIVE_DT_TM=String,END_EFFECTIVE_DT_TM=String,CREATE_DT_TM=String,UPDT_CNT=Long,UPDT_DT_TM=String,REPORTING_PROC_IND=Integer,EVENT_ID=Long,SCHED_SURG_AREA_CD=Long,PROC_END_TZ=Integer,PROC_START_TZ=Integer,SCHED_WOUND_CLASS_CD=Long,SCHED_SPEC_REQ_IND=Integer,SCHED_UD4_CD=Long,SCHED_UD3_CD=Long,SCHED_UD2_CD=Long,SCHED_UD1_CD=Long,SCHED_XRAY_IND=Integer,SCHED_IMPLANT_IND=Integer,SCHED_BLOOD_PRODUCT_REQ_IND=Integer,SCHED_FROZEN_SECTION_REQ_IND=Integer,SCHED_CASE_LEVEL_CD=Long,SCHED_XRAY_TECH_IND=Integer,SCHED_UD5_CD=Long,SURG_CASE_PROC_ID=Long,SEGMENT_HEADER_ID=Long,INST_CD=Long,DEPT_CD=Long,SURG_AREA_CD=Long,SURG_CASE_ID=Long,SURG_PROC_CD=Long,SYNONYM_ID=Long,PRIMARY_SURGEON_ID=Long,SURG_SPECIALTY_ID=Long,ANESTH_TYPE_CD=Long,SPEC_NOT_COLLECTED_REASON_CD=Long,PROC_DUR_MIN=Integer,PROC_START_DAY=Integer,PROC_START_HOUR=Integer,PROC_START_MONTH=Integer,PROC_COMPLETE_QTY=Integer,PREF_CARD_ID=Long,SCHED_PRIMARY_SURGEON_ID=Long,SCHED_ANESTH_TYPE_CD=Long,SCHED_DUR=Integer,SCHED_QTY=Integer,SCHED_SEQ_NUM=Integer,ACTIVE_STATUS_CD=Long,CREATE_APPLCTX=Long,CREATE_PRSNL_ID=Long,CREATE_TASK=Long,UPDT_ID=Long,UPDT_TASK=Long,UPDT_APPLCTX=Long,SCHED_PROC_CNT=Integer"
# }
# delta_tz(){
# cd $SCRIPTS_DIR/work-hiae
# sh pyspark_submit_fromUTCtoTZ_delta.sh stage-$1-delta SURG_CASE_PROC_ID UPDT_DT_TM stg_millennium.$1
# }
# drop_tmp(){
# hive -e "drop table stg_millennium.$1_tmp"
# hive -e "drop table stg_millennium.$1_delta"
# }

# drop_table(){
#     hive -e "drop table stg_millennium.$1"
# }

# #drop_table $1 && full_sqoop $1 && full_tz $1 && drop_tmp $1 && echo "carga full finalizada com sucesso" || exit 1

# delta_sqoop $1 && delta_tz $1 && drop_tmp $1 && echo "carga delta finalizada com sucesso" || exit 1
]]></script>
        <scriptargs>SURG_CASE_PROCEDURE</scriptargs>
      </command>
    </sequence>
    <uuid>d88fe5c8-2e04-4742-b2db-ba17daccf739</uuid>
  </job>
</joblist>