<joblist>
  <job>
    <defaultTab>nodes</defaultTab>
    <description>Ingest�o da Tabela ENCOUNTER</description>
    <dispatch>
      <excludePrecedence>true</excludePrecedence>
      <keepgoing>false</keepgoing>
      <rankOrder>ascending</rankOrder>
      <successOnEmptyNodeFilter>false</successOnEmptyNodeFilter>
      <threadcount>1</threadcount>
    </dispatch>
    <executionEnabled>true</executionEnabled>
    <group>STG_MILLENNIUM - Modularizado/STAGE 08</group>
    <id>75606538-cec1-4a58-b459-e8b5b3a97293</id>
    <loglevel>INFO</loglevel>
    <name>001 - ENCOUNTER</name>
    <nodeFilterEditable>false</nodeFilterEditable>
    <nodefilters>
      <filter>lpfbigdap02*</filter>
    </nodefilters>
    <nodesSelectedByDefault>true</nodesSelectedByDefault>
    <scheduleEnabled>true</scheduleEnabled>
    <sequence keepgoing='false' strategy='node-first'>
      <command>
        <description>ENCOUNTER</description>
        <script><![CDATA[cd $SCRIPTS_DIR/ingestions/

sh ingestion-new.sh --env millennium --sourcetable $1 --all 1

#sh ingestion.sh --env millennium --sourcetable $1

# #echo "INGESTION_SQOOP_DIR: $INGESTION_SQOOP_DIR"
# #cd $INGESTION_SQOOP_DIR
# #echo "INICIANDO CARGA DA TABELA $1"
# #sh sqoop_import.sh --env millennium --sourcetable $1 --splitby ENCNTR_ID --extraoptions "--map-column-java ENCNTR_ID=Long,PERSON_ID=Long,UPDT_CNT=Long,UPDT_DT_TM=String,UPDT_ID=Long,UPDT_TASK=Long,UPDT_APPLCTX=Long,ACTIVE_IND=Long,ACTIVE_STATUS_CD=Long,ACTIVE_STATUS_DT_TM=String,ACTIVE_STATUS_PRSNL_ID=Long,CREATE_DT_TM=String,CREATE_PRSNL_ID=Long,BEG_EFFECTIVE_DT_TM=String,END_EFFECTIVE_DT_TM=String,ENCNTR_CLASS_CD=Long,ENCNTR_TYPE_CD=Long,ENCNTR_TYPE_CLASS_CD=Long,ENCNTR_STATUS_CD=Long,PRE_REG_DT_TM=String,PRE_REG_PRSNL_ID=Long,REG_DT_TM=String,REG_PRSNL_ID=Long,EST_ARRIVE_DT_TM=String,EST_DEPART_DT_TM=String,ARRIVE_DT_TM=String,DEPART_DT_TM=String,ADMIT_TYPE_CD=Long,ADMIT_SRC_CD=Long,ADMIT_MODE_CD=Long,ADMIT_WITH_MEDICATION_CD=Long,DISCH_DISPOSITION_CD=Long,DISCH_TO_LOCTN_CD=Long,PREADMIT_TESTING_CD=Long,READMIT_CD=Long,ACCOMMODATION_CD=Long,ACCOMMODATION_REQUEST_CD=Long,ALT_RESULT_DEST_CD=Long,AMBULATORY_COND_CD=Long,COURTESY_CD=Long,DIET_TYPE_CD=Long,ISOLATION_CD=Long,MED_SERVICE_CD=Long,RESULT_DEST_CD=Long,CONFID_LEVEL_CD=Long,VIP_CD=Long,SPECIALTY_UNIT_CD=Long,MENTAL_HEALTH_DT_TM=String,MENTAL_HEALTH_CD=Long,DOC_RCVD_DT_TM=String,REFERRAL_RCVD_DT_TM=String,ALT_LVL_CARE_DT_TM=String,ALC_DECOMP_DT_TM=String,REGION_CD=Long,SITTER_REQUIRED_CD=Long,ALC_REASON_CD=Long,PLACEMENT_AUTH_PRSNL_ID=Long,PATIENT_CLASSIFICATION_CD=Long,MENTAL_CATEGORY_CD=Long,PSYCHIATRIC_STATUS_CD=Long,INPATIENT_ADMIT_DT_TM=String,RESULT_ACCUMULATION_DT_TM=String,PREGNANCY_STATUS_CD=Long,INITIAL_CONTACT_DT_TM=String,ONSET_DT_TM=String,LAST_MENSTRUAL_PERIOD_DT_TM=String,EXPECTED_DELIVERY_DT_TM=String,ABN_STATUS_CD=Long,LEVEL_OF_SERVICE_CD=Long,PLACE_OF_SVC_ADMIT_DT_TM=String,PLACE_OF_SVC_TYPE_CD=Long,PLACE_OF_SVC_ORG_ID=Long,EST_FINANCIAL_RESP_AMT=Long,REFERRAL_SOURCE_CD=Long,ADMIT_DECISION_DT_TM=String,ACCIDENT_RELATED_IND=Long,ORDER_SOURCE_CD=Long,PAYMENT_COLLECTION_STATUS_CD=Long,DISCH_PRSNL_ID=Long,ADMIT_EARLY_IND=Long,KIOSK_QUEUE_NBR_DT_TM=String,TREATMENT_PHASE_CD=Long,REFER_TO_UNIT_STAFF_CD=Long,LODGER_CD=Long,LOCATION_CD=Long,LOC_FACILITY_CD=Long,LOC_BUILDING_CD=Long,LOC_NURSE_UNIT_CD=Long,LOC_ROOM_CD=Long,DISCH_DT_TM=String,LOC_BED_CD=Long"

# # echo "INGESTION_SQOOP_DIR: $INGESTION_SQOOP_DIR"
# # cd $INGESTION_SQOOP_DIR
# # echo "INICIANDO CARGA DA TABELA $1"
# # sh sqoop_import.sh --env millennium --sourcetable $1 --dias 1 --mode DELTA --splitby ENCNTR_ID  --updtcol UPDT_DT_TM --cols "encntr_id, person_id, updt_cnt, updt_dt_tm, updt_id, updt_task, updt_applctx, active_ind, active_status_cd, active_status_dt_tm, active_status_prsnl_id, create_dt_tm, create_prsnl_id, beg_effective_dt_tm, end_effective_dt_tm, encntr_class_cd, encntr_type_cd, encntr_type_class_cd, encntr_status_cd, pre_reg_dt_tm, pre_reg_prsnl_id, reg_dt_tm, reg_prsnl_id, est_arrive_dt_tm, est_depart_dt_tm, arrive_dt_tm, depart_dt_tm, admit_type_cd, admit_src_cd, admit_mode_cd, admit_with_medication_cd, referring_comment, disch_disposition_cd, disch_to_loctn_cd, preadmit_nbr, preadmit_testing_cd, readmit_cd, accommodation_cd, accommodation_request_cd, alt_result_dest_cd, ambulatory_cond_cd, courtesy_cd, diet_type_cd, isolation_cd, med_service_cd, result_dest_cd, confid_level_cd, vip_cd, name_last_key, name_first_key, name_full_formatted, name_last, name_first, name_phonetic, sex_cd, birth_dt_cd, birth_dt_tm, species_cd, data_status_cd, data_status_dt_tm, data_status_prsnl_id, contributor_system_cd, location_cd, loc_facility_cd, loc_building_cd, loc_nurse_unit_cd, loc_room_cd, loc_bed_cd, disch_dt_tm, guarantor_type_cd, loc_temp_cd, organization_id, reason_for_visit, encntr_financial_id, name_first_synonym_id, financial_class_cd, bbd_procedure_cd, info_given_by, safekeeping_cd, trauma_cd, triage_cd, triage_dt_tm, visitor_status_cd, valuables_cd, security_access_cd, refer_facility_cd, trauma_dt_tm, accomp_by_cd, accommodation_reason_cd, chart_complete_dt_tm, zero_balance_dt_tm, archive_dt_tm_est, archive_dt_tm_act, purge_dt_tm_est, purge_dt_tm_act, encntr_complete_dt_tm, pa_current_status_cd, pa_current_status_dt_tm, parent_ret_criteria_id, service_category_cd, contract_status_cd, est_length_of_stay, alt_lvl_care_cd, assign_to_loc_dt_tm, program_service_cd, specialty_unit_cd, mental_health_dt_tm, mental_health_cd, doc_rcvd_dt_tm, referral_rcvd_dt_tm, alt_lvl_care_dt_tm, alc_decomp_dt_tm, region_cd, sitter_required_cd, alc_reason_cd, placement_auth_prsnl_id, patient_classification_cd, mental_category_cd, psychiatric_status_cd, inpatient_admit_dt_tm, result_accumulation_dt_tm, pregnancy_status_cd, initial_contact_dt_tm, onset_dt_tm, last_menstrual_period_dt_tm, expected_delivery_dt_tm, abn_status_cd, level_of_service_cd, place_of_svc_admit_dt_tm, place_of_svc_type_cd, place_of_svc_org_id, est_financial_resp_amt, referral_source_cd, admit_decision_dt_tm, accident_related_ind, order_source_cd, payment_collection_status_cd, disch_prsnl_id, admit_early_ind, kiosk_queue_nbr_txt, kiosk_queue_nbr_dt_tm, treatment_phase_cd, refer_to_unit_staff_cd, lodger_cd, client_organization_id, person_plan_profile_type_cd, military_service_related_cd, incident_cd, external_ind, complete_reg_dt_tm, complete_reg_prsnl_id, clergy_visit_cd, ed_referral_source_cd" --extraoptions "--map-column-java ENCNTR_ID=Long,PERSON_ID=Long,UPDT_CNT=Long,UPDT_DT_TM=String,UPDT_ID=Long,UPDT_TASK=Long,UPDT_APPLCTX=Long,ACTIVE_IND=Long,ACTIVE_STATUS_CD=Long,ACTIVE_STATUS_DT_TM=String,ACTIVE_STATUS_PRSNL_ID=Long,CREATE_DT_TM=String,CREATE_PRSNL_ID=Long,BEG_EFFECTIVE_DT_TM=String,END_EFFECTIVE_DT_TM=String,ENCNTR_CLASS_CD=Long,ENCNTR_TYPE_CD=Long,ENCNTR_TYPE_CLASS_CD=Long,ENCNTR_STATUS_CD=Long,PRE_REG_DT_TM=String,PRE_REG_PRSNL_ID=Long,REG_DT_TM=String,REG_PRSNL_ID=Long,EST_ARRIVE_DT_TM=String,EST_DEPART_DT_TM=String,ARRIVE_DT_TM=String,DEPART_DT_TM=String,ADMIT_TYPE_CD=Long,ADMIT_SRC_CD=Long,ADMIT_MODE_CD=Long,ADMIT_WITH_MEDICATION_CD=Long,DISCH_DISPOSITION_CD=Long,DISCH_TO_LOCTN_CD=Long,PREADMIT_TESTING_CD=Long,READMIT_CD=Long,ACCOMMODATION_CD=Long,ACCOMMODATION_REQUEST_CD=Long,ALT_RESULT_DEST_CD=Long,AMBULATORY_COND_CD=Long,COURTESY_CD=Long,DIET_TYPE_CD=Long,ISOLATION_CD=Long,MED_SERVICE_CD=Long,RESULT_DEST_CD=Long,CONFID_LEVEL_CD=Long,VIP_CD=Long,SPECIALTY_UNIT_CD=Long,MENTAL_HEALTH_DT_TM=String,MENTAL_HEALTH_CD=Long,DOC_RCVD_DT_TM=String,REFERRAL_RCVD_DT_TM=String,ALT_LVL_CARE_DT_TM=String,ALC_DECOMP_DT_TM=String,REGION_CD=Long,SITTER_REQUIRED_CD=Long,ALC_REASON_CD=Long,PLACEMENT_AUTH_PRSNL_ID=Long,PATIENT_CLASSIFICATION_CD=Long,MENTAL_CATEGORY_CD=Long,PSYCHIATRIC_STATUS_CD=Long,INPATIENT_ADMIT_DT_TM=String,RESULT_ACCUMULATION_DT_TM=String,PREGNANCY_STATUS_CD=Long,INITIAL_CONTACT_DT_TM=String,ONSET_DT_TM=String,LAST_MENSTRUAL_PERIOD_DT_TM=String,EXPECTED_DELIVERY_DT_TM=String,ABN_STATUS_CD=Long,LEVEL_OF_SERVICE_CD=Long,PLACE_OF_SVC_ADMIT_DT_TM=String,PLACE_OF_SVC_TYPE_CD=Long,PLACE_OF_SVC_ORG_ID=Long,EST_FINANCIAL_RESP_AMT=Long,REFERRAL_SOURCE_CD=Long,ADMIT_DECISION_DT_TM=String,ACCIDENT_RELATED_IND=Long,ORDER_SOURCE_CD=Long,PAYMENT_COLLECTION_STATUS_CD=Long,DISCH_PRSNL_ID=Long,ADMIT_EARLY_IND=Long,KIOSK_QUEUE_NBR_DT_TM=String,TREATMENT_PHASE_CD=Long,REFER_TO_UNIT_STAFF_CD=Long,LODGER_CD=Long,LOCATION_CD=Long,LOC_FACILITY_CD=Long,LOC_BUILDING_CD=Long,LOC_NURSE_UNIT_CD=Long,LOC_ROOM_CD=Long,DISCH_DT_TM=String,LOC_BED_CD=Long"
# # cd $SCRIPTS_DIR/work-hiae
# # sh pyspark_submit_fromUTCtoTZ_delta.sh stage-encounter-delta ENCNTR_ID UPDT_DT_TM stg_millennium.encounter

# # hive -e "drop table stg_millennium.$1_tmp"
# # hive -e "drop table stg_millennium.$1_delta"


# full_sqoop(){
# echo "INGESTION_SQOOP_DIR: $INGESTION_SQOOP_DIR"
# cd $INGESTION_SQOOP_DIR
# echo "INICIANDO CARGA DA TABELA $1"
# sh sqoop_import.sh --env millennium --sourcetable $1 --splitby ENCNTR_ID --extraoptions "--map-column-java ENCNTR_ID=Long,PERSON_ID=Long,UPDT_CNT=Long,UPDT_DT_TM=String,UPDT_ID=Long,UPDT_TASK=Long,UPDT_APPLCTX=Long,ACTIVE_IND=Long,ACTIVE_STATUS_CD=Long,ACTIVE_STATUS_DT_TM=String,ACTIVE_STATUS_PRSNL_ID=Long,CREATE_DT_TM=String,CREATE_PRSNL_ID=Long,BEG_EFFECTIVE_DT_TM=String,END_EFFECTIVE_DT_TM=String,ENCNTR_CLASS_CD=Long,ENCNTR_TYPE_CD=Long,ENCNTR_TYPE_CLASS_CD=Long,ENCNTR_STATUS_CD=Long,PRE_REG_DT_TM=String,PRE_REG_PRSNL_ID=Long,REG_DT_TM=String,REG_PRSNL_ID=Long,EST_ARRIVE_DT_TM=String,EST_DEPART_DT_TM=String,ARRIVE_DT_TM=String,DEPART_DT_TM=String,ADMIT_TYPE_CD=Long,ADMIT_SRC_CD=Long,ADMIT_MODE_CD=Long,ADMIT_WITH_MEDICATION_CD=Long,DISCH_DISPOSITION_CD=Long,DISCH_TO_LOCTN_CD=Long,PREADMIT_TESTING_CD=Long,READMIT_CD=Long,ACCOMMODATION_CD=Long,ACCOMMODATION_REQUEST_CD=Long,ALT_RESULT_DEST_CD=Long,AMBULATORY_COND_CD=Long,COURTESY_CD=Long,DIET_TYPE_CD=Long,ISOLATION_CD=Long,MED_SERVICE_CD=Long,RESULT_DEST_CD=Long,CONFID_LEVEL_CD=Long,VIP_CD=Long,SPECIALTY_UNIT_CD=Long,MENTAL_HEALTH_DT_TM=String,MENTAL_HEALTH_CD=Long,DOC_RCVD_DT_TM=String,REFERRAL_RCVD_DT_TM=String,ALT_LVL_CARE_DT_TM=String,ALC_DECOMP_DT_TM=String,REGION_CD=Long,SITTER_REQUIRED_CD=Long,ALC_REASON_CD=Long,PLACEMENT_AUTH_PRSNL_ID=Long,PATIENT_CLASSIFICATION_CD=Long,MENTAL_CATEGORY_CD=Long,PSYCHIATRIC_STATUS_CD=Long,INPATIENT_ADMIT_DT_TM=String,RESULT_ACCUMULATION_DT_TM=String,PREGNANCY_STATUS_CD=Long,INITIAL_CONTACT_DT_TM=String,ONSET_DT_TM=String,LAST_MENSTRUAL_PERIOD_DT_TM=String,EXPECTED_DELIVERY_DT_TM=String,ABN_STATUS_CD=Long,LEVEL_OF_SERVICE_CD=Long,PLACE_OF_SVC_ADMIT_DT_TM=String,PLACE_OF_SVC_TYPE_CD=Long,PLACE_OF_SVC_ORG_ID=Long,EST_FINANCIAL_RESP_AMT=Long,REFERRAL_SOURCE_CD=Long,ADMIT_DECISION_DT_TM=String,ACCIDENT_RELATED_IND=Long,ORDER_SOURCE_CD=Long,PAYMENT_COLLECTION_STATUS_CD=Long,DISCH_PRSNL_ID=Long,ADMIT_EARLY_IND=Long,KIOSK_QUEUE_NBR_DT_TM=String,TREATMENT_PHASE_CD=Long,REFER_TO_UNIT_STAFF_CD=Long,LODGER_CD=Long,LOCATION_CD=Long,LOC_FACILITY_CD=Long,LOC_BUILDING_CD=Long,LOC_NURSE_UNIT_CD=Long,LOC_ROOM_CD=Long,DISCH_DT_TM=String,LOC_BED_CD=Long"
# #impala-shell -i lpfda05.domhiae.einstein.br:21000 -q "invalidate metadata stg_millennium.$1"
# }
# full_tz(){
# echo "INICIANDO MUDANCA DE TZ DA FULL TABELA $1"
# cd $SCRIPTS_DIR/work-hiae
# sh pyspark_submit_fromUTCtoTZ_Full.sh $1-Full stg_millennium.$1
# hive -e "drop table stg_millennium.$1_tmp"
# }
# delta_sqoop(){
# echo "INGESTION_SQOOP_DIR: $INGESTION_SQOOP_DIR"
# cd $INGESTION_SQOOP_DIR
# echo "INICIANDO CARGA DELTA DA TABELA $1"
# sh sqoop_import.sh --env millennium --sourcetable $1 --dias 1 --mode DELTA --splitby ENCNTR_ID  --updtcol UPDT_DT_TM --cols "encntr_id, person_id, updt_cnt, updt_dt_tm, updt_id, updt_task, updt_applctx, active_ind, active_status_cd, active_status_dt_tm, active_status_prsnl_id, create_dt_tm, create_prsnl_id, beg_effective_dt_tm, end_effective_dt_tm, encntr_class_cd, encntr_type_cd, encntr_type_class_cd, encntr_status_cd, pre_reg_dt_tm, pre_reg_prsnl_id, reg_dt_tm, reg_prsnl_id, est_arrive_dt_tm, est_depart_dt_tm, arrive_dt_tm, depart_dt_tm, admit_type_cd, admit_src_cd, admit_mode_cd, admit_with_medication_cd, referring_comment, disch_disposition_cd, disch_to_loctn_cd, preadmit_nbr, preadmit_testing_cd, readmit_cd, accommodation_cd, accommodation_request_cd, alt_result_dest_cd, ambulatory_cond_cd, courtesy_cd, diet_type_cd, isolation_cd, med_service_cd, result_dest_cd, confid_level_cd, vip_cd, name_last_key, name_first_key, name_full_formatted, name_last, name_first, name_phonetic, sex_cd, birth_dt_cd, birth_dt_tm, species_cd, data_status_cd, data_status_dt_tm, data_status_prsnl_id, contributor_system_cd, location_cd, loc_facility_cd, loc_building_cd, loc_nurse_unit_cd, loc_room_cd, loc_bed_cd, disch_dt_tm, guarantor_type_cd, loc_temp_cd, organization_id, reason_for_visit, encntr_financial_id, name_first_synonym_id, financial_class_cd, bbd_procedure_cd, info_given_by, safekeeping_cd, trauma_cd, triage_cd, triage_dt_tm, visitor_status_cd, valuables_cd, security_access_cd, refer_facility_cd, trauma_dt_tm, accomp_by_cd, accommodation_reason_cd, chart_complete_dt_tm, zero_balance_dt_tm, archive_dt_tm_est, archive_dt_tm_act, purge_dt_tm_est, purge_dt_tm_act, encntr_complete_dt_tm, pa_current_status_cd, pa_current_status_dt_tm, parent_ret_criteria_id, service_category_cd, contract_status_cd, est_length_of_stay, alt_lvl_care_cd, assign_to_loc_dt_tm, program_service_cd, specialty_unit_cd, mental_health_dt_tm, mental_health_cd, doc_rcvd_dt_tm, referral_rcvd_dt_tm, alt_lvl_care_dt_tm, alc_decomp_dt_tm, region_cd, sitter_required_cd, alc_reason_cd, placement_auth_prsnl_id, patient_classification_cd, mental_category_cd, psychiatric_status_cd, inpatient_admit_dt_tm, result_accumulation_dt_tm, pregnancy_status_cd, initial_contact_dt_tm, onset_dt_tm, last_menstrual_period_dt_tm, expected_delivery_dt_tm, abn_status_cd, level_of_service_cd, place_of_svc_admit_dt_tm, place_of_svc_type_cd, place_of_svc_org_id, est_financial_resp_amt, referral_source_cd, admit_decision_dt_tm, accident_related_ind, order_source_cd, payment_collection_status_cd, disch_prsnl_id, admit_early_ind, kiosk_queue_nbr_txt, kiosk_queue_nbr_dt_tm, treatment_phase_cd, refer_to_unit_staff_cd, lodger_cd, client_organization_id, person_plan_profile_type_cd, military_service_related_cd, incident_cd, external_ind, complete_reg_dt_tm, complete_reg_prsnl_id, clergy_visit_cd, ed_referral_source_cd" --extraoptions "--map-column-java ENCNTR_ID=Long,PERSON_ID=Long,UPDT_CNT=Long,UPDT_DT_TM=String,UPDT_ID=Long,UPDT_TASK=Long,UPDT_APPLCTX=Long,ACTIVE_IND=Long,ACTIVE_STATUS_CD=Long,ACTIVE_STATUS_DT_TM=String,ACTIVE_STATUS_PRSNL_ID=Long,CREATE_DT_TM=String,CREATE_PRSNL_ID=Long,BEG_EFFECTIVE_DT_TM=String,END_EFFECTIVE_DT_TM=String,ENCNTR_CLASS_CD=Long,ENCNTR_TYPE_CD=Long,ENCNTR_TYPE_CLASS_CD=Long,ENCNTR_STATUS_CD=Long,PRE_REG_DT_TM=String,PRE_REG_PRSNL_ID=Long,REG_DT_TM=String,REG_PRSNL_ID=Long,EST_ARRIVE_DT_TM=String,EST_DEPART_DT_TM=String,ARRIVE_DT_TM=String,DEPART_DT_TM=String,ADMIT_TYPE_CD=Long,ADMIT_SRC_CD=Long,ADMIT_MODE_CD=Long,ADMIT_WITH_MEDICATION_CD=Long,DISCH_DISPOSITION_CD=Long,DISCH_TO_LOCTN_CD=Long,PREADMIT_TESTING_CD=Long,READMIT_CD=Long,ACCOMMODATION_CD=Long,ACCOMMODATION_REQUEST_CD=Long,ALT_RESULT_DEST_CD=Long,AMBULATORY_COND_CD=Long,COURTESY_CD=Long,DIET_TYPE_CD=Long,ISOLATION_CD=Long,MED_SERVICE_CD=Long,RESULT_DEST_CD=Long,CONFID_LEVEL_CD=Long,VIP_CD=Long,SPECIALTY_UNIT_CD=Long,MENTAL_HEALTH_DT_TM=String,MENTAL_HEALTH_CD=Long,DOC_RCVD_DT_TM=String,REFERRAL_RCVD_DT_TM=String,ALT_LVL_CARE_DT_TM=String,ALC_DECOMP_DT_TM=String,REGION_CD=Long,SITTER_REQUIRED_CD=Long,ALC_REASON_CD=Long,PLACEMENT_AUTH_PRSNL_ID=Long,PATIENT_CLASSIFICATION_CD=Long,MENTAL_CATEGORY_CD=Long,PSYCHIATRIC_STATUS_CD=Long,INPATIENT_ADMIT_DT_TM=String,RESULT_ACCUMULATION_DT_TM=String,PREGNANCY_STATUS_CD=Long,INITIAL_CONTACT_DT_TM=String,ONSET_DT_TM=String,LAST_MENSTRUAL_PERIOD_DT_TM=String,EXPECTED_DELIVERY_DT_TM=String,ABN_STATUS_CD=Long,LEVEL_OF_SERVICE_CD=Long,PLACE_OF_SVC_ADMIT_DT_TM=String,PLACE_OF_SVC_TYPE_CD=Long,PLACE_OF_SVC_ORG_ID=Long,EST_FINANCIAL_RESP_AMT=Long,REFERRAL_SOURCE_CD=Long,ADMIT_DECISION_DT_TM=String,ACCIDENT_RELATED_IND=Long,ORDER_SOURCE_CD=Long,PAYMENT_COLLECTION_STATUS_CD=Long,DISCH_PRSNL_ID=Long,ADMIT_EARLY_IND=Long,KIOSK_QUEUE_NBR_DT_TM=String,TREATMENT_PHASE_CD=Long,REFER_TO_UNIT_STAFF_CD=Long,LODGER_CD=Long,LOCATION_CD=Long,LOC_FACILITY_CD=Long,LOC_BUILDING_CD=Long,LOC_NURSE_UNIT_CD=Long,LOC_ROOM_CD=Long,DISCH_DT_TM=String,LOC_BED_CD=Long"
# }
# delta_tz(){
# cd $SCRIPTS_DIR/work-hiae
# sh pyspark_submit_fromUTCtoTZ_delta.sh stage-$1-delta ENCNTR_ID UPDT_DT_TM stg_millennium.$1
# }
# drop_tmp(){
# hive -e "drop table stg_millennium.$1_tmp"
# hive -e "drop table stg_millennium.$1_delta"
# }

# drop_table(){
#     hive -e "drop table stg_millennium.$1"
# }

# #drop_table $1 && full_sqoop $1 && full_tz $1 && drop_tmp $1 && echo "carga full finalizada com sucesso" || exit 1

# delta_sqoop $1 && delta_tz $1 && drop_tmp $1 && echo "carga delta finalizada com sucesso" || exit 1
]]></script>
        <scriptargs>ENCOUNTER</scriptargs>
      </command>
    </sequence>
    <uuid>75606538-cec1-4a58-b459-e8b5b3a97293</uuid>
  </job>
</joblist>