<joblist>
  <job>
    <defaultTab>nodes</defaultTab>
    <description>Ingest�o da Tabela CE_RESULT_SET_LINK</description>
    <dispatch>
      <excludePrecedence>true</excludePrecedence>
      <keepgoing>false</keepgoing>
      <rankOrder>ascending</rankOrder>
      <successOnEmptyNodeFilter>false</successOnEmptyNodeFilter>
      <threadcount>1</threadcount>
    </dispatch>
    <executionEnabled>true</executionEnabled>
    <group>STG_MILLENNIUM - Modularizado/STAGE 08</group>
    <id>c68cf112-e8b8-407a-8372-1d5b2c6023d0</id>
    <loglevel>INFO</loglevel>
    <name>007 - CE_RESULT_SET_LINK</name>
    <nodeFilterEditable>false</nodeFilterEditable>
    <nodefilters>
      <filter>lpfbigdap02*</filter>
    </nodefilters>
    <nodesSelectedByDefault>true</nodesSelectedByDefault>
    <scheduleEnabled>true</scheduleEnabled>
    <sequence keepgoing='false' strategy='node-first'>
      <command>
        <description>CE_RESULT_SET_LINK</description>
        <script><![CDATA[cd $SCRIPTS_DIR/ingestions/
#sh ingestion.sh --env millennium --sourcetable $1
sh ingestion-new.sh --env millennium --sourcetable $1 --all 1
# # echo "INGESTION_SQOOP_DIR: $INGESTION_SQOOP_DIR"
# # cd $INGESTION_SQOOP_DIR
# # echo "INICIANDO CARGA DA TABELA CE_RESULT_SET_LINK"
# # sh sqoop_import.sh --env millennium --sourcetable CE_RESULT_SET_LINK --query " \
# # 'SELECT \
# # v500.CCLSQL_UTC_RULE(VALID_UNTIL_DT_TM,210) AS VALID_UNTIL_DT_TM, \
# # v500.CCLSQL_UTC_RULE(VALID_FROM_DT_TM,210) AS VALID_FROM_DT_TM, \
# # UPDT_DT_TM, \
# # UPDT_TASK, \
# # UPDT_APPLCTX, \
# # UPDT_CNT, \
# # RELATION_TYPE_CD, \
# # RESULT_SET_ID, \
# # ENTRY_TYPE_CD, \
# # EVENT_ID, \
# # UPDT_ID \
# # FROM CE_RESULT_SET_LINK where \$CONDITIONS'" --splitby EVENT_ID --extraoptions "--map-column-java \
# # VALID_UNTIL_DT_TM=String,\
# # VALID_FROM_DT_TM=String,\
# # UPDT_DT_TM=String,\
# # UPDT_TASK=String,\
# # UPDT_APPLCTX=Long,\
# # UPDT_CNT=Long,\
# # RELATION_TYPE_CD=Long,\
# # RESULT_SET_ID=Long,\
# # ENTRY_TYPE_CD=Long,\
# # EVENT_ID=Long,\
# # UPDT_ID=Long"







# full_sqoop(){
# echo "INICIANDO MUDANCA DE TZ DA FULL TABELA $1"
# hive -e "drop table stg_millennium.$1"
# cd $INGESTION_SQOOP_DIR
# echo "INICIANDO CARGA DA TABELA CE_RESULT_SET_LINK"
# sh sqoop_import.sh --env millennium --sourcetable CE_RESULT_SET_LINK --query " \
# 'SELECT \
# VALID_UNTIL_DT_TM, \
# VALID_FROM_DT_TM, \
# UPDT_DT_TM, \
# UPDT_TASK, \
# UPDT_APPLCTX, \
# UPDT_CNT, \
# RELATION_TYPE_CD, \
# RESULT_SET_ID, \
# ENTRY_TYPE_CD, \
# EVENT_ID, \
# UPDT_ID \
# FROM CE_RESULT_SET_LINK where \$CONDITIONS'" --splitby EVENT_ID --extraoptions "--map-column-java \
# VALID_UNTIL_DT_TM=String,\
# VALID_FROM_DT_TM=String,\
# UPDT_DT_TM=String,\
# UPDT_TASK=String,\
# UPDT_APPLCTX=Long,\
# UPDT_CNT=Long,\
# RELATION_TYPE_CD=Long,\
# RESULT_SET_ID=Long,\
# ENTRY_TYPE_CD=Long,\
# EVENT_ID=Long,\
# UPDT_ID=Long"

# }
# full_tz(){
# echo "INICIANDO MUDANCA DE TZ DA FULL TABELA $1"
# cd $SCRIPTS_DIR/work-hiae
# sh pyspark_submit_fromUTCtoTZ_Full.sh $1-Full stg_millennium.$1
# hive -e "drop table stg_millennium.$1_tmp"
# }
# delta_sqoop(){
# echo "INGESTION_SQOOP_DIR: $INGESTION_SQOOP_DIR"
# cd $INGESTION_SQOOP_DIR
# echo "INICIANDO CARGA DELTA DA TABELA $1"
# sh sqoop_import.sh --env millennium --sourcetable $1 --dias 1 --mode DELTA --splitby EVENT_ID  --updtcol UPDT_DT_TM --cols "VALID_UNTIL_DT_TM, \
# VALID_FROM_DT_TM, \
# UPDT_DT_TM, \
# UPDT_TASK, \
# UPDT_APPLCTX, \
# UPDT_CNT, \
# RELATION_TYPE_CD, \
# RESULT_SET_ID, \
# ENTRY_TYPE_CD, \
# EVENT_ID, \
# UPDT_ID" --extraoptions "--map-column-java \
# VALID_UNTIL_DT_TM=String,\
# VALID_FROM_DT_TM=String,\
# UPDT_DT_TM=String,\
# UPDT_TASK=String,\
# UPDT_APPLCTX=Long,\
# UPDT_CNT=Long,\
# RELATION_TYPE_CD=Long,\
# RESULT_SET_ID=Long,\
# ENTRY_TYPE_CD=Long,\
# EVENT_ID=Long,\
# UPDT_ID=Long"
# }
# delta_tz(){
# cd $SCRIPTS_DIR/work-hiae
# sh pyspark_submit_fromUTCtoTZ_delta.sh stage-$1-delta EVENT_ID,RESULT_SET_ID,VALID_UNTIL_DT_TM UPDT_DT_TM stg_millennium.$1 
# }
# drop_tmp(){
# hive -e "drop table stg_millennium.$1_tmp"
# hive -e "drop table stg_millennium.$1_delta"
# }

# drop_table(){
#     hive -e "drop table stg_millennium.$1"
# }

# #drop_table $1 && full_sqoop $1 && full_tz $1 && drop_tmp $1 && echo "carga full finalizada com sucesso" || exit 1

# delta_sqoop $1 && delta_tz $1 && drop_tmp $1 && echo "carga delta finalizada com sucesso" || exit 1

]]></script>
        <scriptargs>CE_RESULT_SET_LINK</scriptargs>
      </command>
    </sequence>
    <uuid>c68cf112-e8b8-407a-8372-1d5b2c6023d0</uuid>
  </job>
</joblist>