<joblist>
  <job>
    <defaultTab>nodes</defaultTab>
    <description>Ingest�o da Tabela ENCNTR_LOC_HIST</description>
    <dispatch>
      <excludePrecedence>true</excludePrecedence>
      <keepgoing>false</keepgoing>
      <rankOrder>ascending</rankOrder>
      <successOnEmptyNodeFilter>false</successOnEmptyNodeFilter>
      <threadcount>1</threadcount>
    </dispatch>
    <executionEnabled>true</executionEnabled>
    <group>STG_MILLENNIUM - Modularizado/STAGE 08</group>
    <id>e3178626-9d80-42f5-b6c3-53a54a97ac98</id>
    <loglevel>INFO</loglevel>
    <name>003 - ENCNTR_LOC_HIST</name>
    <nodeFilterEditable>false</nodeFilterEditable>
    <nodefilters>
      <filter>lpfbigdap02*</filter>
    </nodefilters>
    <nodesSelectedByDefault>true</nodesSelectedByDefault>
    <scheduleEnabled>true</scheduleEnabled>
    <sequence keepgoing='false' strategy='node-first'>
      <command>
        <description>ENCNTR_LOC_HIST</description>
        <script><![CDATA[cd $SCRIPTS_DIR/ingestions/

sh ingestion-new.sh --env millennium --sourcetable $1 --all 1

#sh ingestion.sh --env millennium --sourcetable $1

# echo "INGESTION_SQOOP_DIR: $INGESTION_SQOOP_DIR"
# cd $INGESTION_SQOOP_DIR
# echo "INICIANDO CARGA DA TABELA $1"
# sh sqoop_import.sh --env millennium --sourcetable $1 --query " \
# 'SELECT \
# v500.CCLSQL_UTC_RULE(ACTIVITY_DT_TM,210) AS ACTIVITY_DT_TM, \
# v500.CCLSQL_UTC_RULE(ARRIVE_DT_TM,210) AS ARRIVE_DT_TM, \
# v500.CCLSQL_UTC_RULE(DEPART_DT_TM,210) AS DEPART_DT_TM, \
# v500.CCLSQL_UTC_RULE(END_EFFECTIVE_DT_TM,210) AS END_EFFECTIVE_DT_TM, \
# v500.CCLSQL_UTC_RULE(ALC_DECOMP_DT_TM,210) AS ALC_DECOMP_DT_TM, \
# UPDT_DT_TM, \
# v500.CCLSQL_UTC_RULE(ACTIVE_STATUS_DT_TM,210) AS ACTIVE_STATUS_DT_TM, \
# v500.CCLSQL_UTC_RULE(TRANSACTION_DT_TM,210) AS TRANSACTION_DT_TM, \
# v500.CCLSQL_UTC_RULE(ALT_LVL_CARE_DT_TM,210) AS ALT_LVL_CARE_DT_TM, \
# v500.CCLSQL_UTC_RULE(BEG_EFFECTIVE_DT_TM,210) AS BEG_EFFECTIVE_DT_TM, \
# CHANGE_BIT, \
# TRACKING_BIT, \
# ACCOMMODATION_CD, \
# ACCOMMODATION_REASON_CD, \
# ACCOMMODATION_REQUEST_CD, \
# ADMIT_TYPE_CD, \
# ALC_REASON_CD, \
# ISOLATION_CD, \
# ORGANIZATION_ID, \
# PLACEMENT_AUTH_PRSNL_ID, \
# SECURITY_ACCESS_CD, \
# SERVICE_CATEGORY_CD, \
# ENCNTR_TYPE_CLASS_CD, \
# ENCNTR_LOC_HIST_ID, \
# ENCNTR_ID, \
# LOCATION_CD, \
# UPDT_CNT, \
# UPDT_ID, \
# UPDT_TASK, \
# UPDT_APPLCTX, \
# ACTIVE_IND, \
# ACTIVE_STATUS_CD, \
# ACTIVE_STATUS_PRSNL_ID, \
# LOCATION_STATUS_CD, \
# ARRIVE_PRSNL_ID, \
# PM_HIST_TRACKING_ID, \
# SPECIALTY_UNIT_CD, \
# PROGRAM_SERVICE_CD, \
# ALT_LVL_CARE_CD, \
# MED_SERVICE_CD, \
# ENCNTR_TYPE_CD, \
# LOC_BED_CD, \
# LOC_ROOM_CD, \
# LOC_NURSE_UNIT_CD, \
# LOC_FACILITY_CD, \
# LOC_BUILDING_CD, \
# DEPART_PRSNL_ID, \
# TRANSFER_REASON_CD, \
# LOCATION_TEMP_IND, \
# CHART_COMMENT_IND, \
# COMMENT_TEXT \
# FROM ENCNTR_LOC_HIST where \$CONDITIONS'" --splitby ENCNTR_LOC_HIST_ID --extraoptions "--map-column-java ENCNTR_LOC_HIST_ID=Long,ENCNTR_ID=Long,LOCATION_CD=Long,UPDT_CNT=Long,UPDT_DT_TM=String,UPDT_ID=Long,UPDT_TASK=Long,UPDT_APPLCTX=Long,ACTIVE_IND=Integer,ACTIVE_STATUS_CD=Long,ACTIVE_STATUS_DT_TM=String,ACTIVE_STATUS_PRSNL_ID=Long,BEG_EFFECTIVE_DT_TM=String,END_EFFECTIVE_DT_TM=String,LOCATION_STATUS_CD=Long,ARRIVE_DT_TM=String,ARRIVE_PRSNL_ID=Long,DEPART_DT_TM=String,DEPART_PRSNL_ID=Long,TRANSFER_REASON_CD=Long,LOCATION_TEMP_IND=Integer,CHART_COMMENT_IND=Integer,LOC_FACILITY_CD=Long,LOC_BUILDING_CD=Long,LOC_NURSE_UNIT_CD=Long,LOC_ROOM_CD=Long,LOC_BED_CD=Long,ENCNTR_TYPE_CD=Long,MED_SERVICE_CD=Long,TRANSACTION_DT_TM=String,ALT_LVL_CARE_CD=Long,ACTIVITY_DT_TM=String,PROGRAM_SERVICE_CD=Long,SPECIALTY_UNIT_CD=Long,PM_HIST_TRACKING_ID=Long,ACCOMMODATION_CD=Long,ACCOMMODATION_REASON_CD=Long,ACCOMMODATION_REQUEST_CD=Long,ADMIT_TYPE_CD=Long,ALC_DECOMP_DT_TM=String,ALT_LVL_CARE_DT_TM=String,ALC_REASON_CD=Long,ISOLATION_CD=Long,ORGANIZATION_ID=Long,PLACEMENT_AUTH_PRSNL_ID=Long,SECURITY_ACCESS_CD=Long,SERVICE_CATEGORY_CD=Long,ENCNTR_TYPE_CLASS_CD=Long,CHANGE_BIT=Long,TRACKING_BIT=Long"
# #impala-shell -i lpfda05.domhiae.einstein.br:21000 -q "invalidate metadata stg_millennium.$1"


# full_sqoop(){
# echo "INICIANDO MUDANCA DE TZ DA FULL TABELA $1"
# cd $INGESTION_SQOOP_DIR
# echo "INICIANDO CARGA DA TABELA $1"
# sh sqoop_import.sh --env millennium --sourcetable $1 --query " \
# 'SELECT \
# ACTIVITY_DT_TM, \
# ARRIVE_DT_TM, \
# DEPART_DT_TM, \
# END_EFFECTIVE_DT_TM, \
# ALC_DECOMP_DT_TM, \
# UPDT_DT_TM, \
# ACTIVE_STATUS_DT_TM, \
# TRANSACTION_DT_TM, \
# ALT_LVL_CARE_DT_TM, \
# BEG_EFFECTIVE_DT_TM, \
# CHANGE_BIT, \
# TRACKING_BIT, \
# ACCOMMODATION_CD, \
# ACCOMMODATION_REASON_CD, \
# ACCOMMODATION_REQUEST_CD, \
# ADMIT_TYPE_CD, \
# ALC_REASON_CD, \
# ISOLATION_CD, \
# ORGANIZATION_ID, \
# PLACEMENT_AUTH_PRSNL_ID, \
# SECURITY_ACCESS_CD, \
# SERVICE_CATEGORY_CD, \
# ENCNTR_TYPE_CLASS_CD, \
# ENCNTR_LOC_HIST_ID, \
# ENCNTR_ID, \
# LOCATION_CD, \
# UPDT_CNT, \
# UPDT_ID, \
# UPDT_TASK, \
# UPDT_APPLCTX, \
# ACTIVE_IND, \
# ACTIVE_STATUS_CD, \
# ACTIVE_STATUS_PRSNL_ID, \
# LOCATION_STATUS_CD, \
# ARRIVE_PRSNL_ID, \
# PM_HIST_TRACKING_ID, \
# SPECIALTY_UNIT_CD, \
# PROGRAM_SERVICE_CD, \
# ALT_LVL_CARE_CD, \
# MED_SERVICE_CD, \
# ENCNTR_TYPE_CD, \
# LOC_BED_CD, \
# LOC_ROOM_CD, \
# LOC_NURSE_UNIT_CD, \
# LOC_FACILITY_CD, \
# LOC_BUILDING_CD, \
# DEPART_PRSNL_ID, \
# TRANSFER_REASON_CD, \
# LOCATION_TEMP_IND, \
# CHART_COMMENT_IND, \
# COMMENT_TEXT \
# FROM ENCNTR_LOC_HIST where \$CONDITIONS'" --splitby ENCNTR_LOC_HIST_ID --extraoptions "--map-column-java ENCNTR_LOC_HIST_ID=Long,ENCNTR_ID=Long,LOCATION_CD=Long,UPDT_CNT=Long,UPDT_DT_TM=String,UPDT_ID=Long,UPDT_TASK=Long,UPDT_APPLCTX=Long,ACTIVE_IND=Integer,ACTIVE_STATUS_CD=Long,ACTIVE_STATUS_DT_TM=String,ACTIVE_STATUS_PRSNL_ID=Long,BEG_EFFECTIVE_DT_TM=String,END_EFFECTIVE_DT_TM=String,LOCATION_STATUS_CD=Long,ARRIVE_DT_TM=String,ARRIVE_PRSNL_ID=Long,DEPART_DT_TM=String,DEPART_PRSNL_ID=Long,TRANSFER_REASON_CD=Long,LOCATION_TEMP_IND=Integer,CHART_COMMENT_IND=Integer,LOC_FACILITY_CD=Long,LOC_BUILDING_CD=Long,LOC_NURSE_UNIT_CD=Long,LOC_ROOM_CD=Long,LOC_BED_CD=Long,ENCNTR_TYPE_CD=Long,MED_SERVICE_CD=Long,TRANSACTION_DT_TM=String,ALT_LVL_CARE_CD=Long,ACTIVITY_DT_TM=String,PROGRAM_SERVICE_CD=Long,SPECIALTY_UNIT_CD=Long,PM_HIST_TRACKING_ID=Long,ACCOMMODATION_CD=Long,ACCOMMODATION_REASON_CD=Long,ACCOMMODATION_REQUEST_CD=Long,ADMIT_TYPE_CD=Long,ALC_DECOMP_DT_TM=String,ALT_LVL_CARE_DT_TM=String,ALC_REASON_CD=Long,ISOLATION_CD=Long,ORGANIZATION_ID=Long,PLACEMENT_AUTH_PRSNL_ID=Long,SECURITY_ACCESS_CD=Long,SERVICE_CATEGORY_CD=Long,ENCNTR_TYPE_CLASS_CD=Long,CHANGE_BIT=Long,TRACKING_BIT=Long"
# }
# full_tz(){
# echo "INICIANDO MUDANCA DE TZ DA FULL TABELA $1"
# cd $SCRIPTS_DIR/work-hiae
# sh pyspark_submit_fromUTCtoTZ_Full.sh $1-Full stg_millennium.$1
# hive -e "drop table stg_millennium.$1_tmp"
# }
# delta_sqoop(){
# echo "INGESTION_SQOOP_DIR: $INGESTION_SQOOP_DIR"
# cd $INGESTION_SQOOP_DIR
# echo "INICIANDO CARGA DELTA DA TABELA $1"
# sh sqoop_import.sh --env millennium --sourcetable $1 --dias 1 --mode DELTA --splitby ENCNTR_LOC_HIST_ID  --updtcol UPDT_DT_TM --cols "ACTIVITY_DT_TM, \
# ARRIVE_DT_TM, \
# DEPART_DT_TM, \
# END_EFFECTIVE_DT_TM, \
# ALC_DECOMP_DT_TM, \
# UPDT_DT_TM, \
# ACTIVE_STATUS_DT_TM, \
# TRANSACTION_DT_TM, \
# ALT_LVL_CARE_DT_TM, \
# BEG_EFFECTIVE_DT_TM, \
# CHANGE_BIT, \
# TRACKING_BIT, \
# ACCOMMODATION_CD, \
# ACCOMMODATION_REASON_CD, \
# ACCOMMODATION_REQUEST_CD, \
# ADMIT_TYPE_CD, \
# ALC_REASON_CD, \
# ISOLATION_CD, \
# ORGANIZATION_ID, \
# PLACEMENT_AUTH_PRSNL_ID, \
# SECURITY_ACCESS_CD, \
# SERVICE_CATEGORY_CD, \
# ENCNTR_TYPE_CLASS_CD, \
# ENCNTR_LOC_HIST_ID, \
# ENCNTR_ID, \
# LOCATION_CD, \
# UPDT_CNT, \
# UPDT_ID, \
# UPDT_TASK, \
# UPDT_APPLCTX, \
# ACTIVE_IND, \
# ACTIVE_STATUS_CD, \
# ACTIVE_STATUS_PRSNL_ID, \
# LOCATION_STATUS_CD, \
# ARRIVE_PRSNL_ID, \
# PM_HIST_TRACKING_ID, \
# SPECIALTY_UNIT_CD, \
# PROGRAM_SERVICE_CD, \
# ALT_LVL_CARE_CD, \
# MED_SERVICE_CD, \
# ENCNTR_TYPE_CD, \
# LOC_BED_CD, \
# LOC_ROOM_CD, \
# LOC_NURSE_UNIT_CD, \
# LOC_FACILITY_CD, \
# LOC_BUILDING_CD, \
# DEPART_PRSNL_ID, \
# TRANSFER_REASON_CD, \
# LOCATION_TEMP_IND, \
# CHART_COMMENT_IND, \
# COMMENT_TEXT" --extraoptions "--map-column-java ENCNTR_LOC_HIST_ID=Long,ENCNTR_ID=Long,LOCATION_CD=Long,UPDT_CNT=Long,UPDT_DT_TM=String,UPDT_ID=Long,UPDT_TASK=Long,UPDT_APPLCTX=Long,ACTIVE_IND=Integer,ACTIVE_STATUS_CD=Long,ACTIVE_STATUS_DT_TM=String,ACTIVE_STATUS_PRSNL_ID=Long,BEG_EFFECTIVE_DT_TM=String,END_EFFECTIVE_DT_TM=String,LOCATION_STATUS_CD=Long,ARRIVE_DT_TM=String,ARRIVE_PRSNL_ID=Long,DEPART_DT_TM=String,DEPART_PRSNL_ID=Long,TRANSFER_REASON_CD=Long,LOCATION_TEMP_IND=Integer,CHART_COMMENT_IND=Integer,LOC_FACILITY_CD=Long,LOC_BUILDING_CD=Long,LOC_NURSE_UNIT_CD=Long,LOC_ROOM_CD=Long,LOC_BED_CD=Long,ENCNTR_TYPE_CD=Long,MED_SERVICE_CD=Long,TRANSACTION_DT_TM=String,ALT_LVL_CARE_CD=Long,ACTIVITY_DT_TM=String,PROGRAM_SERVICE_CD=Long,SPECIALTY_UNIT_CD=Long,PM_HIST_TRACKING_ID=Long,ACCOMMODATION_CD=Long,ACCOMMODATION_REASON_CD=Long,ACCOMMODATION_REQUEST_CD=Long,ADMIT_TYPE_CD=Long,ALC_DECOMP_DT_TM=String,ALT_LVL_CARE_DT_TM=String,ALC_REASON_CD=Long,ISOLATION_CD=Long,ORGANIZATION_ID=Long,PLACEMENT_AUTH_PRSNL_ID=Long,SECURITY_ACCESS_CD=Long,SERVICE_CATEGORY_CD=Long,ENCNTR_TYPE_CLASS_CD=Long,CHANGE_BIT=Long,TRACKING_BIT=Long"
# }
# delta_tz(){
# cd $SCRIPTS_DIR/work-hiae
# sh pyspark_submit_fromUTCtoTZ_delta.sh stage-$1-delta ENCNTR_LOC_HIST_ID UPDT_DT_TM stg_millennium.$1
# }
# drop_tmp(){
# hive -e "drop table stg_millennium.$1_tmp"
# hive -e "drop table stg_millennium.$1_delta"
# }

# drop_table(){
#     hive -e "drop table stg_millennium.$1"
# }

# drop_table $1 && full_sqoop $1 && full_tz $1 && drop_tmp $1 && echo "carga full finalizada com sucesso" || exit 1

#delta_sqoop $1 && delta_tz $1 && drop_tmp $1 && echo "carga delta finalizada com sucesso" || exit 1
]]></script>
        <scriptargs>ENCNTR_LOC_HIST</scriptargs>
      </command>
    </sequence>
    <uuid>e3178626-9d80-42f5-b6c3-53a54a97ac98</uuid>
  </job>
</joblist>