<joblist>
  <job>
    <defaultTab>nodes</defaultTab>
    <description>Ingest�o da Tabela ORDER_PRODUCT</description>
    <dispatch>
      <excludePrecedence>true</excludePrecedence>
      <keepgoing>false</keepgoing>
      <rankOrder>ascending</rankOrder>
      <successOnEmptyNodeFilter>false</successOnEmptyNodeFilter>
      <threadcount>1</threadcount>
    </dispatch>
    <executionEnabled>true</executionEnabled>
    <group>Nova STG_MILLENNIUM - Modularizado/STAGE 05</group>
    <id>0bed35c1-e09f-4392-b0ba-6201d7e544e2</id>
    <loglevel>INFO</loglevel>
    <name>003 - ORDER_PRODUCT</name>
    <nodeFilterEditable>false</nodeFilterEditable>
    <nodefilters>
      <filter>lpfbigdap02*</filter>
    </nodefilters>
    <nodesSelectedByDefault>true</nodesSelectedByDefault>
    <scheduleEnabled>true</scheduleEnabled>
    <sequence keepgoing='false' strategy='node-first'>
      <command>
        <description>ORDER_PRODUCT</description>
        <script><![CDATA[cd $SCRIPTS_DIR/ingestions/
sh ingestion.sh --env millennium --sourcetable $1

# # echo "INGESTION_SQOOP_DIR: $INGESTION_SQOOP_DIR"
# # cd $INGESTION_SQOOP_DIR
# # echo "INICIANDO CARGA DA TABELA $1"
# # hive -e "drop table stg_millennium.$1"
# # sh sqoop_import.sh --env millennium --sourcetable $1 --query " \
# # 'SELECT \
# # UPDT_DT_TM, \
# # TOTAL_DISPENSE_QUANTITY, \
# # VOLUME_WITH_OVERFILL_VALUE, \
# # TOTAL_CHARGE_QUANTITY, \
# # DOSE_QUANTITY, \
# # STRENGTH_WITH_OVERFILL_VALUE, \
# # DISP_QTY_UNIT_CD, \
# # DISP_QTY, \
# # UNROUNDED_DOSE_QTY, \
# # TOTAL_CREDIT_QUANTITY, \
# # PARENT_PRODUCT_SEQ, \
# # AUTO_ASSIGN_FLAG, \
# # ON_ADMIN_IND, \
# # VOLUME_WITH_OVERFILL_UNIT_CD, \
# # STRENGTH_WITH_OVERFILL_UNIT_CD, \
# # PRODUCT_SEQ, \
# # CMPD_BASE_IND, \
# # COMPOUND_FLAG, \
# # IGNORE_IND, \
# # MED_PRODUCT_ID, \
# # PACKAGE_TYPE_ID, \
# # IV_SEQ, \
# # UPDT_APPLCTX, \
# # UPDT_CNT, \
# # UPDT_TASK, \
# # UPDT_ID, \
# # DOSE_QUANTITY_UNIT_CD, \
# # TNF_ID, \
# # INGRED_SEQUENCE, \
# # ACTION_SEQUENCE, \
# # ORDER_ID, \
# # RXA_ORDERING_UNIT_CD, \
# # ITEM_ID, \
# # BRAND_DESC, \
# # LABEL_DESC, \
# # PBS_DRUG_UUID, \
# # GENERIC_DESC, \
# # DOSE_QUANTITY_TXT, \
# # DRUG_IDENTIFIER \
# # FROM ORDER_PRODUCT where \$CONDITIONS'" --splitby ITEM_ID --extraoptions "--map-column-java ITEM_ID=Long,ORDER_ID=Long,TNF_ID=Long,DOSE_QUANTITY_UNIT_CD=Long,UPDT_DT_TM=String,UPDT_ID=Long,UPDT_TASK=Long,UPDT_CNT=Long,UPDT_APPLCTX=Long,PACKAGE_TYPE_ID=Long,MED_PRODUCT_ID=Long,IGNORE_IND=Integer,COMPOUND_FLAG=Integer,CMPD_BASE_IND=Integer,AUTO_ASSIGN_FLAG=Integer,ON_ADMIN_IND=Integer,VOLUME_WITH_OVERFILL_UNIT_CD=Long,STRENGTH_WITH_OVERFILL_UNIT_CD=Long,RXA_ORDERING_UNIT_CD=Long,ACTION_SEQUENCE=Long,INGRED_SEQUENCE=Long,DOSE_QUANTITY=Double,TOTAL_DISPENSE_QUANTITY=Double,TOTAL_CHARGE_QUANTITY=Double,TOTAL_CREDIT_QUANTITY=Double,IV_SEQ=Long,PRODUCT_SEQ=Long,PARENT_PRODUCT_SEQ=Long,DISP_QTY=Double,DISP_QTY_UNIT_CD=Double,VOLUME_WITH_OVERFILL_VALUE=Double,STRENGTH_WITH_OVERFILL_VALUE=Double,UNROUNDED_DOSE_QTY=Double"
# # #impala-shell -i lpfda05.domhiae.einstein.br:21000 -q "invalidate metadata stg_millennium.$1"

# # echo "INICIANDO MUDANCA DE TZ DA FULL TABELA $1"
# # cd $SCRIPTS_DIR/work-hiae
# # sh pyspark_submit_fromUTCtoTZ_Full.sh $1-Full stg_millennium.$1
# # echo "INGESTION_SQOOP_DIR: $INGESTION_SQOOP_DIR"
# # cd $INGESTION_SQOOP_DIR
# # echo "INICIANDO CARGA DELTA DA TABELA $1"
# # sh sqoop_import.sh --env millennium --sourcetable $1 --dias 1 --mode DELTA --splitby ITEM_ID  --updtcol UPDT_DT_TM --cols "UPDT_DT_TM, \
# # TOTAL_DISPENSE_QUANTITY, \
# # VOLUME_WITH_OVERFILL_VALUE, \
# # TOTAL_CHARGE_QUANTITY, \
# # DOSE_QUANTITY, \
# # STRENGTH_WITH_OVERFILL_VALUE, \
# # DISP_QTY_UNIT_CD, \
# # DISP_QTY, \
# # UNROUNDED_DOSE_QTY, \
# # TOTAL_CREDIT_QUANTITY, \
# # PARENT_PRODUCT_SEQ, \
# # AUTO_ASSIGN_FLAG, \
# # ON_ADMIN_IND, \
# # VOLUME_WITH_OVERFILL_UNIT_CD, \
# # STRENGTH_WITH_OVERFILL_UNIT_CD, \
# # PRODUCT_SEQ, \
# # CMPD_BASE_IND, \
# # COMPOUND_FLAG, \
# # IGNORE_IND, \
# # MED_PRODUCT_ID, \
# # PACKAGE_TYPE_ID, \
# # IV_SEQ, \
# # UPDT_APPLCTX, \
# # UPDT_CNT, \
# # UPDT_TASK, \
# # UPDT_ID, \
# # DOSE_QUANTITY_UNIT_CD, \
# # TNF_ID, \
# # INGRED_SEQUENCE, \
# # ACTION_SEQUENCE, \
# # ORDER_ID, \
# # RXA_ORDERING_UNIT_CD, \
# # ITEM_ID, \
# # BRAND_DESC, \
# # LABEL_DESC, \
# # PBS_DRUG_UUID, \
# # GENERIC_DESC, \
# # DOSE_QUANTITY_TXT, \
# # DRUG_IDENTIFIER" --extraoptions "--map-column-java ITEM_ID=Long,ORDER_ID=Long,TNF_ID=Long,DOSE_QUANTITY_UNIT_CD=Long,UPDT_DT_TM=String,UPDT_ID=Long,UPDT_TASK=Long,UPDT_CNT=Long,UPDT_APPLCTX=Long,PACKAGE_TYPE_ID=Long,MED_PRODUCT_ID=Long,IGNORE_IND=Integer,COMPOUND_FLAG=Integer,CMPD_BASE_IND=Integer,AUTO_ASSIGN_FLAG=Integer,ON_ADMIN_IND=Integer,VOLUME_WITH_OVERFILL_UNIT_CD=Long,STRENGTH_WITH_OVERFILL_UNIT_CD=Long,RXA_ORDERING_UNIT_CD=Long,ACTION_SEQUENCE=Long,INGRED_SEQUENCE=Long,DOSE_QUANTITY=Double,TOTAL_DISPENSE_QUANTITY=Double,TOTAL_CHARGE_QUANTITY=Double,TOTAL_CREDIT_QUANTITY=Double,IV_SEQ=Long,PRODUCT_SEQ=Long,PARENT_PRODUCT_SEQ=Long,DISP_QTY=Double,DISP_QTY_UNIT_CD=Double,VOLUME_WITH_OVERFILL_VALUE=Double,STRENGTH_WITH_OVERFILL_VALUE=Double,UNROUNDED_DOSE_QTY=Double"
# # cd $SCRIPTS_DIR/work-hiae
# # sh pyspark_submit_fromUTCtoTZ_delta.sh stage-$1-delta ORDER_ID,ACTION_SEQUENCE,INGRED_SEQUENCE,ITEM_ID,TNF_ID UPDT_DT_TM stg_millennium.$1
# # hive -e "drop table stg_millennium.$1_tmp"
# # hive -e "drop table stg_millennium.$1_delta"

# full_sqoop(){
# echo "INGESTION_SQOOP_DIR: $INGESTION_SQOOP_DIR"
# cd $INGESTION_SQOOP_DIR
# echo "INICIANDO CARGA DA TABELA $1"
# hive -e "drop table stg_millennium.$1"
# sh sqoop_import.sh --env millennium --sourcetable $1 --query " \
# 'SELECT \
# UPDT_DT_TM, \
# TOTAL_DISPENSE_QUANTITY, \
# VOLUME_WITH_OVERFILL_VALUE, \
# TOTAL_CHARGE_QUANTITY, \
# DOSE_QUANTITY, \
# STRENGTH_WITH_OVERFILL_VALUE, \
# DISP_QTY_UNIT_CD, \
# DISP_QTY, \
# UNROUNDED_DOSE_QTY, \
# TOTAL_CREDIT_QUANTITY, \
# PARENT_PRODUCT_SEQ, \
# AUTO_ASSIGN_FLAG, \
# ON_ADMIN_IND, \
# VOLUME_WITH_OVERFILL_UNIT_CD, \
# STRENGTH_WITH_OVERFILL_UNIT_CD, \
# PRODUCT_SEQ, \
# CMPD_BASE_IND, \
# COMPOUND_FLAG, \
# IGNORE_IND, \
# MED_PRODUCT_ID, \
# PACKAGE_TYPE_ID, \
# IV_SEQ, \
# UPDT_APPLCTX, \
# UPDT_CNT, \
# UPDT_TASK, \
# UPDT_ID, \
# DOSE_QUANTITY_UNIT_CD, \
# TNF_ID, \
# INGRED_SEQUENCE, \
# ACTION_SEQUENCE, \
# ORDER_ID, \
# RXA_ORDERING_UNIT_CD, \
# ITEM_ID, \
# BRAND_DESC, \
# LABEL_DESC, \
# PBS_DRUG_UUID, \
# GENERIC_DESC, \
# DOSE_QUANTITY_TXT, \
# DRUG_IDENTIFIER \
# FROM ORDER_PRODUCT where \$CONDITIONS'" --splitby ITEM_ID --extraoptions "--map-column-java ITEM_ID=Long,ORDER_ID=Long,TNF_ID=Long,DOSE_QUANTITY_UNIT_CD=Long,UPDT_DT_TM=String,UPDT_ID=Long,UPDT_TASK=Long,UPDT_CNT=Long,UPDT_APPLCTX=Long,PACKAGE_TYPE_ID=Long,MED_PRODUCT_ID=Long,IGNORE_IND=Integer,COMPOUND_FLAG=Integer,CMPD_BASE_IND=Integer,AUTO_ASSIGN_FLAG=Integer,ON_ADMIN_IND=Integer,VOLUME_WITH_OVERFILL_UNIT_CD=Long,STRENGTH_WITH_OVERFILL_UNIT_CD=Long,RXA_ORDERING_UNIT_CD=Long,ACTION_SEQUENCE=Long,INGRED_SEQUENCE=Long,DOSE_QUANTITY=Double,TOTAL_DISPENSE_QUANTITY=Double,TOTAL_CHARGE_QUANTITY=Double,TOTAL_CREDIT_QUANTITY=Double,IV_SEQ=Long,PRODUCT_SEQ=Long,PARENT_PRODUCT_SEQ=Long,DISP_QTY=Double,DISP_QTY_UNIT_CD=Double,VOLUME_WITH_OVERFILL_VALUE=Double,STRENGTH_WITH_OVERFILL_VALUE=Double,UNROUNDED_DOSE_QTY=Double"
# }
# full_tz(){
# echo "INICIANDO MUDANCA DE TZ DA FULL TABELA $1"
# cd $SCRIPTS_DIR/work-hiae
# sh pyspark_submit_fromUTCtoTZ_Full.sh $1-Full stg_millennium.$1
# hive -e "drop table stg_millennium.$1_tmp"
# }
# delta_sqoop(){
# echo "INGESTION_SQOOP_DIR: $INGESTION_SQOOP_DIR"
# cd $INGESTION_SQOOP_DIR
# echo "INICIANDO CARGA DELTA DA TABELA $1"
# sh sqoop_import.sh --env millennium --sourcetable $1 --dias 1 --mode DELTA --splitby ITEM_ID  --updtcol UPDT_DT_TM --cols "UPDT_DT_TM, \
# TOTAL_DISPENSE_QUANTITY, \
# VOLUME_WITH_OVERFILL_VALUE, \
# TOTAL_CHARGE_QUANTITY, \
# DOSE_QUANTITY, \
# STRENGTH_WITH_OVERFILL_VALUE, \
# DISP_QTY_UNIT_CD, \
# DISP_QTY, \
# UNROUNDED_DOSE_QTY, \
# TOTAL_CREDIT_QUANTITY, \
# PARENT_PRODUCT_SEQ, \
# AUTO_ASSIGN_FLAG, \
# ON_ADMIN_IND, \
# VOLUME_WITH_OVERFILL_UNIT_CD, \
# STRENGTH_WITH_OVERFILL_UNIT_CD, \
# PRODUCT_SEQ, \
# CMPD_BASE_IND, \
# COMPOUND_FLAG, \
# IGNORE_IND, \
# MED_PRODUCT_ID, \
# PACKAGE_TYPE_ID, \
# IV_SEQ, \
# UPDT_APPLCTX, \
# UPDT_CNT, \
# UPDT_TASK, \
# UPDT_ID, \
# DOSE_QUANTITY_UNIT_CD, \
# TNF_ID, \
# INGRED_SEQUENCE, \
# ACTION_SEQUENCE, \
# ORDER_ID, \
# RXA_ORDERING_UNIT_CD, \
# ITEM_ID, \
# BRAND_DESC, \
# LABEL_DESC, \
# PBS_DRUG_UUID, \
# GENERIC_DESC, \
# DOSE_QUANTITY_TXT, \
# DRUG_IDENTIFIER" --extraoptions "--map-column-java ITEM_ID=Long,ORDER_ID=Long,TNF_ID=Long,DOSE_QUANTITY_UNIT_CD=Long,UPDT_DT_TM=String,UPDT_ID=Long,UPDT_TASK=Long,UPDT_CNT=Long,UPDT_APPLCTX=Long,PACKAGE_TYPE_ID=Long,MED_PRODUCT_ID=Long,IGNORE_IND=Integer,COMPOUND_FLAG=Integer,CMPD_BASE_IND=Integer,AUTO_ASSIGN_FLAG=Integer,ON_ADMIN_IND=Integer,VOLUME_WITH_OVERFILL_UNIT_CD=Long,STRENGTH_WITH_OVERFILL_UNIT_CD=Long,RXA_ORDERING_UNIT_CD=Long,ACTION_SEQUENCE=Long,INGRED_SEQUENCE=Long,DOSE_QUANTITY=Double,TOTAL_DISPENSE_QUANTITY=Double,TOTAL_CHARGE_QUANTITY=Double,TOTAL_CREDIT_QUANTITY=Double,IV_SEQ=Long,PRODUCT_SEQ=Long,PARENT_PRODUCT_SEQ=Long,DISP_QTY=Double,DISP_QTY_UNIT_CD=Double,VOLUME_WITH_OVERFILL_VALUE=Double,STRENGTH_WITH_OVERFILL_VALUE=Double,UNROUNDED_DOSE_QTY=Double"
# }
# delta_tz(){
# cd $SCRIPTS_DIR/work-hiae
# sh pyspark_submit_fromUTCtoTZ_delta.sh stage-$1-delta ORDER_ID,ACTION_SEQUENCE,INGRED_SEQUENCE,ITEM_ID,TNF_ID UPDT_DT_TM stg_millennium.$1
# }
# drop_tmp(){
# hive -e "drop table stg_millennium.$1_tmp"
# hive -e "drop table stg_millennium.$1_delta"
# }

# drop_table(){
#     hive -e "drop table stg_millennium.$1"
# }

# #drop_table $1 && full_sqoop $1 && full_tz $1 && drop_tmp $1 && echo "carga full finalizada com sucesso" || exit 1

# delta_sqoop $1 && delta_tz $1 && drop_tmp $1 && echo "carga delta finalizada com sucesso" || exit 1
]]></script>
        <scriptargs>ORDER_PRODUCT</scriptargs>
      </command>
    </sequence>
    <uuid>0bed35c1-e09f-4392-b0ba-6201d7e544e2</uuid>
  </job>
</joblist>