<joblist>
  <job>
    <defaultTab>nodes</defaultTab>
    <description>Ingest�o da Tabela ADDRESS</description>
    <dispatch>
      <excludePrecedence>true</excludePrecedence>
      <keepgoing>false</keepgoing>
      <rankOrder>ascending</rankOrder>
      <successOnEmptyNodeFilter>false</successOnEmptyNodeFilter>
      <threadcount>1</threadcount>
    </dispatch>
    <executionEnabled>true</executionEnabled>
    <group>Nova STG_MILLENNIUM - Modularizado/STAGE 05</group>
    <id>39a72cdb-bc8c-462b-8577-28ab953aba17</id>
    <loglevel>INFO</loglevel>
    <name>002 - ADDRESS</name>
    <nodeFilterEditable>false</nodeFilterEditable>
    <nodefilters>
      <filter>lpfbigdap02*</filter>
    </nodefilters>
    <nodesSelectedByDefault>true</nodesSelectedByDefault>
    <scheduleEnabled>true</scheduleEnabled>
    <sequence keepgoing='false' strategy='node-first'>
      <command>
        <description>ADDRESS</description>
        <script><![CDATA[cd $SCRIPTS_DIR/ingestions/
sh ingestion.sh --env millennium --sourcetable $1

# # echo "INGESTION_SQOOP_DIR: $INGESTION_SQOOP_DIR"
# # cd $INGESTION_SQOOP_DIR
# # echo "INICIANDO CARGA DA TABELA $1"
# # sh sqoop_import.sh --env millennium --sourcetable $1 --extraoptions "--map-column-java ADDRESS_ID=Long,PARENT_ENTITY_ID=Long,ADDRESS_TYPE_CD=Long,UPDT_CNT=Long,UPDT_DT_TM=String,UPDT_ID=Long,UPDT_TASK=Long,UPDT_APPLCTX=Long,ACTIVE_IND=Integer,ACTIVE_STATUS_CD=Long,ACTIVE_STATUS_DT_TM=String,ACTIVE_STATUS_PRSNL_ID=Long,ADDRESS_FORMAT_CD=Long,BEG_EFFECTIVE_DT_TM=String,END_EFFECTIVE_DT_TM=String,RESIDENCE_TYPE_CD=Long,STATE_CD=Long,ZIP_CODE_GROUP_CD=Long,COUNTY_CD=Long,COUNTRY_CD=Long,RESIDENCE_CD=Long,DATA_STATUS_CD=Long,DATA_STATUS_DT_TM=String,DATA_STATUS_PRSNL_ID=Long,CONTRIBUTOR_SYSTEM_CD=Long,LONG_TEXT_ID=Long,ADDRESS_INFO_STATUS_CD=Long,PRIMARY_CARE_CD=Long,DISTRICT_HEALTH_CD=Long,CITY_CD=Long,VALIDATION_EXPIRE_DT_TM=String,ADDRESS_TYPE_SEQ=Integer,BEG_EFFECTIVE_MM_DD=Integer,BEG_EFFECTIVE_MM_DD=Integer"
# # #impala-shell -i lpfda05.domhiae.einstein.br:21000 -q "invalidate metadata stg_millennium.$1"

# full_sqoop(){
# echo "INGESTION_SQOOP_DIR: $INGESTION_SQOOP_DIR"
# cd $INGESTION_SQOOP_DIR
# echo "INICIANDO CARGA DA TABELA $1"
# sh sqoop_import-m.sh --env millennium --sourcetable $1 --extraoptions "--map-column-java ADDRESS_ID=Long,PARENT_ENTITY_ID=Long,ADDRESS_TYPE_CD=Long,UPDT_CNT=Long,UPDT_DT_TM=String,UPDT_ID=Long,UPDT_TASK=Long,UPDT_APPLCTX=Long,ACTIVE_IND=Integer,ACTIVE_STATUS_CD=Long,ACTIVE_STATUS_DT_TM=String,ACTIVE_STATUS_PRSNL_ID=Long,ADDRESS_FORMAT_CD=Long,BEG_EFFECTIVE_DT_TM=String,END_EFFECTIVE_DT_TM=String,RESIDENCE_TYPE_CD=Long,STATE_CD=Long,ZIP_CODE_GROUP_CD=Long,COUNTY_CD=Long,COUNTRY_CD=Long,RESIDENCE_CD=Long,DATA_STATUS_CD=Long,DATA_STATUS_DT_TM=String,DATA_STATUS_PRSNL_ID=Long,CONTRIBUTOR_SYSTEM_CD=Long,LONG_TEXT_ID=Long,ADDRESS_INFO_STATUS_CD=Long,PRIMARY_CARE_CD=Long,DISTRICT_HEALTH_CD=Long,CITY_CD=Long,VALIDATION_EXPIRE_DT_TM=String,ADDRESS_TYPE_SEQ=Integer,BEG_EFFECTIVE_MM_DD=Integer,BEG_EFFECTIVE_MM_DD=Integer"
# #impala-shell -i lpfda05.domhiae.einstein.br:21000 -q "invalidate metadata stg_millennium.$1"
# }
# full_tz(){
# echo "INICIANDO MUDANCA DE TZ DA FULL TABELA $1"
# cd /data/projects/stg_millennium/generic
# sh pyspark_submit_fromUTCtoTZ_Full.sh --name $1-Full --target_table stg_millennium.$1 --executors 2
# }
# delta_sqoop(){
# echo "INGESTION_SQOOP_DIR: $INGESTION_SQOOP_DIR"
# cd $INGESTION_SQOOP_DIR
# echo "INICIANDO CARGA DELTA DA TABELA $1"
# sh sqoop_import.sh --env millennium --sourcetable $1 --dias 1 --mode DELTA --splitby ADDRESS_ID  --updtcol UPDT_DT_TM --cols "*" --extraoptions "--map-column-java ADDRESS_ID=Long,PARENT_ENTITY_ID=Long,ADDRESS_TYPE_CD=Long,UPDT_CNT=Long,UPDT_DT_TM=String,UPDT_ID=Long,UPDT_TASK=Long,UPDT_APPLCTX=Long,ACTIVE_IND=Integer,ACTIVE_STATUS_CD=Long,ACTIVE_STATUS_DT_TM=String,ACTIVE_STATUS_PRSNL_ID=Long,ADDRESS_FORMAT_CD=Long,BEG_EFFECTIVE_DT_TM=String,END_EFFECTIVE_DT_TM=String,RESIDENCE_TYPE_CD=Long,STATE_CD=Long,ZIP_CODE_GROUP_CD=Long,COUNTY_CD=Long,COUNTRY_CD=Long,RESIDENCE_CD=Long,DATA_STATUS_CD=Long,DATA_STATUS_DT_TM=String,DATA_STATUS_PRSNL_ID=Long,CONTRIBUTOR_SYSTEM_CD=Long,LONG_TEXT_ID=Long,ADDRESS_INFO_STATUS_CD=Long,PRIMARY_CARE_CD=Long,DISTRICT_HEALTH_CD=Long,CITY_CD=Long,VALIDATION_EXPIRE_DT_TM=String,ADDRESS_TYPE_SEQ=Integer,BEG_EFFECTIVE_MM_DD=Integer,BEG_EFFECTIVE_MM_DD=Integer"
# }
# delta_tz(){
# cd $SCRIPTS_DIR/work-hiae
# sh pyspark_submit_fromUTCtoTZ_delta.sh --name stage-$1-delta --id_col ADDRESS_ID --updt_col UPDT_DT_TM --target_table  stg_millennium.$1 --executors 2
# }
# drop_tmp(){
# hive -e "drop table stg_millennium.$1_tmp"
# hive -e "drop table stg_millennium.$1_delta"
# }

# drop_table(){
#     hive -e "drop table stg_millennium.$1"
# }

# #full_sqoop $1 && full_tz $1 && drop_tmp $1 && echo "carga full finalizada com sucesso" || exit 1

# #delta_sqoop $1 && delta_tz $1 && drop_tmp $1 && echo "carga delta finalizada com sucesso" || exit 1
]]></script>
        <scriptargs>ADDRESS</scriptargs>
      </command>
    </sequence>
    <uuid>39a72cdb-bc8c-462b-8577-28ab953aba17</uuid>
  </job>
</joblist>