<joblist>
  <job>
    <defaultTab>nodes</defaultTab>
    <description>Ingest�o da Tabela ORDER_SERV_RES_CONTAINER</description>
    <dispatch>
      <excludePrecedence>true</excludePrecedence>
      <keepgoing>false</keepgoing>
      <rankOrder>ascending</rankOrder>
      <successOnEmptyNodeFilter>false</successOnEmptyNodeFilter>
      <threadcount>1</threadcount>
    </dispatch>
    <executionEnabled>true</executionEnabled>
    <group>Nova STG_MILLENNIUM - Modularizado/STAGE 05</group>
    <id>537e0f50-b80f-4e8c-ba1f-f574dbf97bd9</id>
    <loglevel>INFO</loglevel>
    <name>006 - ORDER_SERV_RES_CONTAINER</name>
    <nodeFilterEditable>false</nodeFilterEditable>
    <nodefilters>
      <filter>lpfbigdap02*</filter>
    </nodefilters>
    <nodesSelectedByDefault>true</nodesSelectedByDefault>
    <scheduleEnabled>true</scheduleEnabled>
    <sequence keepgoing='false' strategy='node-first'>
      <command>
        <description>ORDER_SERV_RES_CONTAINER</description>
        <script><![CDATA[cd $SCRIPTS_DIR/ingestions/
sh ingestion.sh --env millennium --sourcetable $1]]></script>
        <scriptargs>ORDER_SERV_RES_CONTAINER</scriptargs>
      </command>
    </sequence>
    <uuid>537e0f50-b80f-4e8c-ba1f-f574dbf97bd9</uuid>
  </job>
</joblist>