<joblist>
  <job>
    <defaultTab>nodes</defaultTab>
    <description>Ingest�o da Tabela CE_SUSCEPTIBILITY</description>
    <dispatch>
      <excludePrecedence>true</excludePrecedence>
      <keepgoing>false</keepgoing>
      <rankOrder>ascending</rankOrder>
      <successOnEmptyNodeFilter>false</successOnEmptyNodeFilter>
      <threadcount>1</threadcount>
    </dispatch>
    <executionEnabled>true</executionEnabled>
    <group>Nova STG_MILLENNIUM - Modularizado/STAGE 05</group>
    <id>8a3c0f28-78a0-4d67-b066-5521e1208838</id>
    <loglevel>INFO</loglevel>
    <name>001 - CE_SUSCEPTIBILITY</name>
    <nodeFilterEditable>false</nodeFilterEditable>
    <nodefilters>
      <filter>lpfbigdap02*</filter>
    </nodefilters>
    <nodesSelectedByDefault>true</nodesSelectedByDefault>
    <scheduleEnabled>true</scheduleEnabled>
    <sequence keepgoing='false' strategy='node-first'>
      <command>
        <description>CE_SUSCEPTIBILITY</description>
        <script><![CDATA[cd $SCRIPTS_DIR/ingestions/
sh ingestion.sh --env millennium --sourcetable $1
]]></script>
        <scriptargs>CE_SUSCEPTIBILITY</scriptargs>
      </command>
    </sequence>
    <uuid>8a3c0f28-78a0-4d67-b066-5521e1208838</uuid>
  </job>
</joblist>