<joblist>
  <job>
    <defaultTab>nodes</defaultTab>
    <description>Ingest�o da Tabela PRSNL_GROUP</description>
    <dispatch>
      <excludePrecedence>true</excludePrecedence>
      <keepgoing>false</keepgoing>
      <rankOrder>ascending</rankOrder>
      <successOnEmptyNodeFilter>false</successOnEmptyNodeFilter>
      <threadcount>1</threadcount>
    </dispatch>
    <executionEnabled>true</executionEnabled>
    <group>STG_MILLENNIUM - Modularizado/STAGE 07</group>
    <id>17b55b84-c9e7-4f7e-a0ef-28c8f3ad4b99</id>
    <loglevel>INFO</loglevel>
    <name>001 - PRSNL_GROUP</name>
    <nodeFilterEditable>false</nodeFilterEditable>
    <nodefilters>
      <filter>lpfbigdap02*</filter>
    </nodefilters>
    <nodesSelectedByDefault>true</nodesSelectedByDefault>
    <scheduleEnabled>true</scheduleEnabled>
    <sequence keepgoing='false' strategy='node-first'>
      <command>
        <description>PRSNL_GROUP</description>
        <script><![CDATA[cd $SCRIPTS_DIR/ingestions/
#sh ingestion.sh --env millennium --sourcetable $1
sh ingestion-new.sh --env millennium --sourcetable $1 --all 1

# # echo "INGESTION_SQOOP_DIR: $INGESTION_SQOOP_DIR"
# # cd $INGESTION_SQOOP_DIR
# # echo "INICIANDO CARGA DA TABELA $1"
# # sh sqoop_import.sh --env millennium --sourcetable $1 --extraoptions "--map-column-java PRSNL_GROUP_ID=Long,UPDT_CNT=Integer,UPDT_DT_TM=String,UPDT_ID=Long,UPDT_TASK=Long,UPDT_APPLCTX=Long,ACTIVE_IND=Integer,ACTIVE_STATUS_CD=Long,ACTIVE_STATUS_DT_TM=String,ACTIVE_STATUS_PRSNL_ID=Long,BEG_EFFECTIVE_DT_TM=String,END_EFFECTIVE_DT_TM=String,DATA_STATUS_CD=Long,DATA_STATUS_DT_TM=String,DATA_STATUS_PRSNL_ID=Long,CONTRIBUTOR_SYSTEM_CD=Long,PRSNL_GROUP_TYPE_CD=Long,SERVICE_RESOURCE_CD=Long,PRSNL_GROUP_CLASS_CD=Long"
# # #impala-shell -i lpfda05.domhiae.einstein.br:21000 -q "invalidate metadata stg_millennium.$1"

# # echo "INICIANDO MUDANCA DE TZ DA FULL TABELA $1"
# # cd $SCRIPTS_DIR/work-hiae
# # sh pyspark_submit_fromUTCtoTZ_Full.sh $1-Full stg_millennium.$1
# # echo "INGESTION_SQOOP_DIR: $INGESTION_SQOOP_DIR"
# # cd $INGESTION_SQOOP_DIR
# # echo "INICIANDO CARGA DELTA DA TABELA $1"
# # sh sqoop_import.sh --env millennium --sourcetable $1 --dias 1 --mode DELTA --splitby PRSNL_GROUP_ID  --updtcol UPDT_DT_TM --cols "*" --extraoptions "--map-column-java PRSNL_GROUP_ID=Long,UPDT_CNT=Integer,UPDT_DT_TM=String,UPDT_ID=Long,UPDT_TASK=Long,UPDT_APPLCTX=Long,ACTIVE_IND=Integer,ACTIVE_STATUS_CD=Long,ACTIVE_STATUS_DT_TM=String,ACTIVE_STATUS_PRSNL_ID=Long,BEG_EFFECTIVE_DT_TM=String,END_EFFECTIVE_DT_TM=String,DATA_STATUS_CD=Long,DATA_STATUS_DT_TM=String,DATA_STATUS_PRSNL_ID=Long,CONTRIBUTOR_SYSTEM_CD=Long,PRSNL_GROUP_TYPE_CD=Long,SERVICE_RESOURCE_CD=Long,PRSNL_GROUP_CLASS_CD=Long"
# # cd $SCRIPTS_DIR/work-hiae
# # sh pyspark_submit_fromUTCtoTZ_delta.sh stage-$1-delta PRSNL_GROUP_ID UPDT_DT_TM stg_millennium.$1
# # hive -e "drop table stg_millennium.$1_tmp"
# # hive -e "drop table stg_millennium.$1_delta"

# full_sqoop(){
# echo "INGESTION_SQOOP_DIR: $INGESTION_SQOOP_DIR"
# cd $INGESTION_SQOOP_DIR
# echo "INICIANDO CARGA DA TABELA $1"
# sh sqoop_import.sh --env millennium --sourcetable $1 --extraoptions "--map-column-java PRSNL_GROUP_ID=Long,UPDT_CNT=Integer,UPDT_DT_TM=String,UPDT_ID=Long,UPDT_TASK=Long,UPDT_APPLCTX=Long,ACTIVE_IND=Integer,ACTIVE_STATUS_CD=Long,ACTIVE_STATUS_DT_TM=String,ACTIVE_STATUS_PRSNL_ID=Long,BEG_EFFECTIVE_DT_TM=String,END_EFFECTIVE_DT_TM=String,DATA_STATUS_CD=Long,DATA_STATUS_DT_TM=String,DATA_STATUS_PRSNL_ID=Long,CONTRIBUTOR_SYSTEM_CD=Long,PRSNL_GROUP_TYPE_CD=Long,SERVICE_RESOURCE_CD=Long,PRSNL_GROUP_CLASS_CD=Long"
# #impala-shell -i lpfda05.domhiae.einstein.br:21000 -q "invalidate metadata stg_millennium.$1"
# }
# full_tz(){
# echo "INICIANDO MUDANCA DE TZ DA FULL TABELA $1"
# cd $SCRIPTS_DIR/work-hiae
# sh pyspark_submit_fromUTCtoTZ_Full.sh $1-Full stg_millennium.$1
# }
# delta_sqoop(){
# echo "INGESTION_SQOOP_DIR: $INGESTION_SQOOP_DIR"
# cd $INGESTION_SQOOP_DIR
# echo "INICIANDO CARGA DELTA DA TABELA $1"
# sh sqoop_import.sh --env millennium --sourcetable $1 --dias 1 --mode DELTA --splitby PRSNL_GROUP_ID  --updtcol UPDT_DT_TM --cols "*" --extraoptions "--map-column-java PRSNL_GROUP_ID=Long,UPDT_CNT=Integer,UPDT_DT_TM=String,UPDT_ID=Long,UPDT_TASK=Long,UPDT_APPLCTX=Long,ACTIVE_IND=Integer,ACTIVE_STATUS_CD=Long,ACTIVE_STATUS_DT_TM=String,ACTIVE_STATUS_PRSNL_ID=Long,BEG_EFFECTIVE_DT_TM=String,END_EFFECTIVE_DT_TM=String,DATA_STATUS_CD=Long,DATA_STATUS_DT_TM=String,DATA_STATUS_PRSNL_ID=Long,CONTRIBUTOR_SYSTEM_CD=Long,PRSNL_GROUP_TYPE_CD=Long,SERVICE_RESOURCE_CD=Long,PRSNL_GROUP_CLASS_CD=Long"
# }
# delta_tz(){
# cd $SCRIPTS_DIR/work-hiae
# sh pyspark_submit_fromUTCtoTZ_delta.sh stage-$1-delta PRSNL_GROUP_ID UPDT_DT_TM stg_millennium.$1
# }
# drop_tmp(){
# hive -e "drop table stg_millennium.$1_tmp"
# hive -e "drop table stg_millennium.$1_delta"
# }

# drop_table(){
#     hive -e "drop table stg_millennium.$1"
# }

# #drop_table $1 && full_sqoop $1 && full_tz $1 && drop_tmp $1 && echo "carga full finalizada com sucesso" || exit 1

# delta_sqoop $1 && delta_tz $1 && drop_tmp $1 && echo "carga delta finalizada com sucesso" || exit 1
]]></script>
        <scriptargs>PRSNL_GROUP</scriptargs>
      </command>
    </sequence>
    <uuid>17b55b84-c9e7-4f7e-a0ef-28c8f3ad4b99</uuid>
  </job>
</joblist>