<joblist>
  <job>
    <defaultTab>nodes</defaultTab>
    <description>Ingest�o da Tabela ORGANIZATION</description>
    <dispatch>
      <excludePrecedence>true</excludePrecedence>
      <keepgoing>false</keepgoing>
      <rankOrder>ascending</rankOrder>
      <successOnEmptyNodeFilter>false</successOnEmptyNodeFilter>
      <threadcount>1</threadcount>
    </dispatch>
    <executionEnabled>true</executionEnabled>
    <group>STG_MILLENNIUM - Modularizado/STAGE 07</group>
    <id>9d12685d-130e-4464-92f1-78acb0543414</id>
    <loglevel>INFO</loglevel>
    <name>002 - ORGANIZATION</name>
    <nodeFilterEditable>false</nodeFilterEditable>
    <nodefilters>
      <filter>lpfbigdap02*</filter>
    </nodefilters>
    <nodesSelectedByDefault>true</nodesSelectedByDefault>
    <scheduleEnabled>true</scheduleEnabled>
    <sequence keepgoing='false' strategy='node-first'>
      <command>
        <description>ORGANIZATION</description>
        <script><![CDATA[cd $SCRIPTS_DIR/ingestions/
#sh ingestion.sh --env millennium --sourcetable $1 --all 1
sh ingestion-new.sh --env millennium --sourcetable organization --all 1]]></script>
        <scriptargs>ORGANIZATION</scriptargs>
      </command>
    </sequence>
    <uuid>9d12685d-130e-4464-92f1-78acb0543414</uuid>
  </job>
</joblist>