<joblist>
  <job>
    <defaultTab>nodes</defaultTab>
    <description>Ingest�o da tabela SCH_EVENT_ALIAS</description>
    <dispatch>
      <excludePrecedence>true</excludePrecedence>
      <keepgoing>false</keepgoing>
      <rankOrder>ascending</rankOrder>
      <successOnEmptyNodeFilter>false</successOnEmptyNodeFilter>
      <threadcount>1</threadcount>
    </dispatch>
    <executionEnabled>true</executionEnabled>
    <group>STG_MILLENNIUM - Modularizado/STAGE 07</group>
    <id>d8eb556d-c610-48f8-beba-837c155015fd</id>
    <loglevel>INFO</loglevel>
    <name>003 - SCH_EVENT_ALIAS</name>
    <nodeFilterEditable>false</nodeFilterEditable>
    <nodefilters>
      <filter>lpfbigdap02*</filter>
    </nodefilters>
    <nodesSelectedByDefault>true</nodesSelectedByDefault>
    <scheduleEnabled>true</scheduleEnabled>
    <sequence keepgoing='false' strategy='node-first'>
      <command>
        <description>SCH_EVENT_ALIAS</description>
        <script><![CDATA[cd $SCRIPTS_DIR/ingestions/
#sh ingestion.sh --env millennium --sourcetable $1
sh ingestion-new.sh --env millennium --sourcetable $1 --all 1

# # echo "INGESTION_SQOOP_DIR: $INGESTION_SQOOP_DIR"
# # cd $INGESTION_SQOOP_DIR
# # echo "INICIANDO CARGA DA TABELA $1"
# # sh sqoop_import.sh --env millennium --sourcetable $1 --extraoptions "--map-column-java SCH_EVENT_ALIAS_ID=Long,VERSION_DT_TM=String,SCH_EVENT_ID=Long,EVENT_ALIAS_TYPE_CD=Long,EVENT_ALIAS_SUB_TYPE_CD=Long,ALIAS_POOL_CD=Long,CHECK_DIGIT=Integer,CHECK_DIGIT_METHOD_CD=Long,DATA_STATUS_CD=Long,DATA_STATUS_DT_TM=String,DATA_STATUS_PRSNL_ID=Long,CONTRIBUTOR_SYSTEM_CD=Long,CANDIDATE_ID=Long,NULL_DT_TM=String,BEG_EFFECTIVE_DT_TM=String,END_EFFECTIVE_DT_TM=String,ACTIVE_IND=Integer,ACTIVE_STATUS_CD=Long,ACTIVE_STATUS_DT_TM=String,ACTIVE_STATUS_PRSNL_ID=Long,UPDT_DT_TM=String,UPDT_APPLCTX=Long,UPDT_ID=Long,UPDT_CNT=Integer,UPDT_TASK=Long,ASSIGN_AUTHORITY_SYS_CD=Long"
# # #impala-shell -i lpfda05.domhiae.einstein.br:21000 -q "invalidate metadata stg_millennium.$1"

# # echo "INICIANDO MUDANCA DE TZ DA FULL TABELA $1"
# # cd $SCRIPTS_DIR/work-hiae
# # sh pyspark_submit_fromUTCtoTZ_Full.sh $1-Full stg_millennium.$1
# # echo "INGESTION_SQOOP_DIR: $INGESTION_SQOOP_DIR"
# # cd $INGESTION_SQOOP_DIR
# # echo "INICIANDO CARGA DELTA DA TABELA $1"
# # sh sqoop_import.sh --env millennium --sourcetable $1 --dias 1 --mode DELTA --splitby SCH_EVENT_ALIAS_ID  --updtcol UPDT_DT_TM --cols "*" --extraoptions "--map-column-java SCH_EVENT_ALIAS_ID=Long,VERSION_DT_TM=String,SCH_EVENT_ID=Long,EVENT_ALIAS_TYPE_CD=Long,EVENT_ALIAS_SUB_TYPE_CD=Long,ALIAS_POOL_CD=Long,CHECK_DIGIT=Integer,CHECK_DIGIT_METHOD_CD=Long,DATA_STATUS_CD=Long,DATA_STATUS_DT_TM=String,DATA_STATUS_PRSNL_ID=Long,CONTRIBUTOR_SYSTEM_CD=Long,CANDIDATE_ID=Long,NULL_DT_TM=String,BEG_EFFECTIVE_DT_TM=String,END_EFFECTIVE_DT_TM=String,ACTIVE_IND=Integer,ACTIVE_STATUS_CD=Long,ACTIVE_STATUS_DT_TM=String,ACTIVE_STATUS_PRSNL_ID=Long,UPDT_DT_TM=String,UPDT_APPLCTX=Long,UPDT_ID=Long,UPDT_CNT=Integer,UPDT_TASK=Long,ASSIGN_AUTHORITY_SYS_CD=Long"
# # cd $SCRIPTS_DIR/work-hiae
# # sh pyspark_submit_fromUTCtoTZ_delta.sh stage-$1-delta SCH_EVENT_ALIAS_ID UPDT_DT_TM stg_millennium.$1
# # hive -e "drop table stg_millennium.$1_tmp"
# # hive -e "drop table stg_millennium.$1_delta"

# full_sqoop(){
# echo "INGESTION_SQOOP_DIR: $INGESTION_SQOOP_DIR"
# cd $INGESTION_SQOOP_DIR
# echo "INICIANDO CARGA DA TABELA $1"
# sh sqoop_import.sh --env millennium --sourcetable $1 --extraoptions "--map-column-java SCH_EVENT_ALIAS_ID=Long,VERSION_DT_TM=String,SCH_EVENT_ID=Long,EVENT_ALIAS_TYPE_CD=Long,EVENT_ALIAS_SUB_TYPE_CD=Long,ALIAS_POOL_CD=Long,CHECK_DIGIT=Integer,CHECK_DIGIT_METHOD_CD=Long,DATA_STATUS_CD=Long,DATA_STATUS_DT_TM=String,DATA_STATUS_PRSNL_ID=Long,CONTRIBUTOR_SYSTEM_CD=Long,CANDIDATE_ID=Long,NULL_DT_TM=String,BEG_EFFECTIVE_DT_TM=String,END_EFFECTIVE_DT_TM=String,ACTIVE_IND=Integer,ACTIVE_STATUS_CD=Long,ACTIVE_STATUS_DT_TM=String,ACTIVE_STATUS_PRSNL_ID=Long,UPDT_DT_TM=String,UPDT_APPLCTX=Long,UPDT_ID=Long,UPDT_CNT=Integer,UPDT_TASK=Long,ASSIGN_AUTHORITY_SYS_CD=Long"
# #impala-shell -i lpfda05.domhiae.einstein.br:21000 -q "invalidate metadata stg_millennium.$1"
# }
# full_tz(){
# echo "INICIANDO MUDANCA DE TZ DA FULL TABELA $1"
# cd $SCRIPTS_DIR/work-hiae
# sh pyspark_submit_fromUTCtoTZ_Full.sh $1-Full stg_millennium.$1
# }
# delta_sqoop(){
# echo "INGESTION_SQOOP_DIR: $INGESTION_SQOOP_DIR"
# cd $INGESTION_SQOOP_DIR
# echo "INICIANDO CARGA DELTA DA TABELA $1"
# sh sqoop_import.sh --env millennium --sourcetable $1 --dias 1 --mode DELTA --splitby SCH_EVENT_ALIAS_ID  --updtcol UPDT_DT_TM --cols "*" --extraoptions "--map-column-java SCH_EVENT_ALIAS_ID=Long,VERSION_DT_TM=String,SCH_EVENT_ID=Long,EVENT_ALIAS_TYPE_CD=Long,EVENT_ALIAS_SUB_TYPE_CD=Long,ALIAS_POOL_CD=Long,CHECK_DIGIT=Integer,CHECK_DIGIT_METHOD_CD=Long,DATA_STATUS_CD=Long,DATA_STATUS_DT_TM=String,DATA_STATUS_PRSNL_ID=Long,CONTRIBUTOR_SYSTEM_CD=Long,CANDIDATE_ID=Long,NULL_DT_TM=String,BEG_EFFECTIVE_DT_TM=String,END_EFFECTIVE_DT_TM=String,ACTIVE_IND=Integer,ACTIVE_STATUS_CD=Long,ACTIVE_STATUS_DT_TM=String,ACTIVE_STATUS_PRSNL_ID=Long,UPDT_DT_TM=String,UPDT_APPLCTX=Long,UPDT_ID=Long,UPDT_CNT=Integer,UPDT_TASK=Long,ASSIGN_AUTHORITY_SYS_CD=Long"
# }
# delta_tz(){
# cd $SCRIPTS_DIR/work-hiae
# sh pyspark_submit_fromUTCtoTZ_delta.sh stage-$1-delta SCH_EVENT_ALIAS_ID UPDT_DT_TM stg_millennium.$1
# }
# drop_tmp(){
# hive -e "drop table stg_millennium.$1_tmp"
# hive -e "drop table stg_millennium.$1_delta"
# }

# drop_table(){
#     hive -e "drop table stg_millennium.$1"
# }

# #drop_table $1 && full_sqoop $1 && full_tz $1 && drop_tmp $1 && echo "carga full finalizada com sucesso" || exit 1

# delta_sqoop $1 && delta_tz $1 && drop_tmp $1 && echo "carga delta finalizada com sucesso" || exit 1
]]></script>
        <scriptargs>SCH_EVENT_ALIAS</scriptargs>
      </command>
    </sequence>
    <uuid>d8eb556d-c610-48f8-beba-837c155015fd</uuid>
  </job>
</joblist>