<joblist>
  <job>
    <defaultTab>nodes</defaultTab>
    <description><![CDATA[INGESTAO DAS TABELAS
OE_ORDITEM 
OE_ORDER
PA_ADM
PA_PATMAS ]]></description>
    <dispatch>
      <excludePrecedence>true</excludePrecedence>
      <keepgoing>false</keepgoing>
      <rankOrder>ascending</rankOrder>
      <successOnEmptyNodeFilter>false</successOnEmptyNodeFilter>
      <threadcount>1</threadcount>
    </dispatch>
    <executionEnabled>true</executionEnabled>
    <group>STAGE_SGH</group>
    <id>19263079-2948-42ac-8ac3-62463708eb70</id>
    <loglevel>INFO</loglevel>
    <name>OE_ORDITEM</name>
    <nodeFilterEditable>false</nodeFilterEditable>
    <nodefilters>
      <filter>lpfbigdap02</filter>
    </nodefilters>
    <nodesSelectedByDefault>true</nodesSelectedByDefault>
    <scheduleEnabled>true</scheduleEnabled>
    <sequence keepgoing='true' strategy='sequential'>
      <command>
        <description>OE_ORDITEM</description>
        <script><![CDATA[cd $SCRIPTS_DIR/ingestions/sqoop/
echo "INICIANDO CARGA DA TABELA $1"
ONTEM="$(date +%F --date='yesterday')"

sqoop import -Duser.timezone=UTC -Dhadoop.security.credential.provider.path=jceks://hdfs//user/_usr_bigdataprd/certs/sgh_bigdata.password.jceks \
    --connect jdbc:Cache://10.1.14.171:1972/TRAK/ --username bigdata --password-alias sgh_bigdata.password.alias \
    --query "select OEORI_AccessionNumber,OEORI_ItmMast_DR,OEORI_OEORD_ParRef,OEORI_Date,OEORI_RowId from OE_ORDITEM where OEORI_Date = '"$ONTEM"' AND \$CONDITIONS" \
    --map-column-java "OEORI_AccessionNumber=String,OEORI_ItmMast_DR=String,OEORI_OEORD_ParRef=String,OEORI_Date=String,OEORI_RowId=String" \
    --split-by 'OEORI_Date' \
    --hive-database stg_sgh \
    --hive-table oe_orditem \
    --hive-import \
    --num-mappers 4 \
    --as-parquetfile \
    --compress \
    --compression-codec org.apache.hadoop.io.compress.SnappyCodec \
    --target-dir /tmp/sqoop/splunk/stg/SQLUser.OE_ORDITEM \
    --driver com.intersys.jdbc.CacheDriver 

#sqoop import -Duser.timezone=UTC -Dhadoop.security.credential.provider.path=jceks://hdfs//user/_usr_bigdataprd/certs/sgh_bigdata.password.jceks \
#    --connect jdbc:Cache://10.1.14.171:1972/TRAK/ --username bigdata --password-alias sgh_bigdata.password.alias \
#    --query "select OEORI_AccessionNumber,OEORI_ItmMast_DR,OEORI_OEORD_ParRef,OEORI_Date from OE_ORDITEM where OEORI_Date >= '2022-01-01' AND \$CONDITIONS" \
#    --map-column-java "OEORI_AccessionNumber=String,OEORI_ItmMast_DR=String,OEORI_OEORD_ParRef=String,OEORI_Date=String" \
#    --split-by 'OEORI_Date' \
#    --hive-database stg_sgh \
#    --hive-table oe_orditem \
#    --hive-import \
#    --num-mappers 1 \
#    --fetch-size 6000 \
#    --as-parquetfile \
#    --compress \
#    --compression-codec org.apache.hadoop.io.compress.SnappyCodec \
#    --target-dir /tmp/sqoop/splunk/stg/SQLUser.OE_ORDITEM \
#    --driver com.intersys.jdbc.CacheDriver 

## FULL PARA CORRE��O DO CRASH ##
#sqoop import -Dmapreduce.map.memory.mb=36864 -Dmapreduce.map.java.opts=-Xmx25805m -Duser.timezone=UTC -Dhadoop.security.credential.provider.path=jceks://hdfs//user/_usr_bigdataprd/certs/sgh_bigdata.password.jceks \
#    --connect jdbc:Cache://10.1.14.171:1972/TRAK/ --username bigdata --password-alias sgh_bigdata.password.alias \
#    --query "select OEORI_AccessionNumber,OEORI_ItmMast_DR,OEORI_OEORD_ParRef,OEORI_Date,OEORI_RowId from OE_ORDITEM where \$CONDITIONS" \
#    --map-column-java "OEORI_AccessionNumber=String,OEORI_ItmMast_DR=String,OEORI_OEORD_ParRef=String,OEORI_Date=String,OEORI_RowId=String" \
#    --split-by 'OEORI_RowId'  \
#    --hive-database stg_sgh  \
#    --hive-table oe_orditem  \
#    --hive-import \
#    --num-mappers 1 \
#    --as-parquetfile \
#    --compress \
#    --compression-codec org.apache.hadoop.io.compress.SnappyCodec \
#    --target-dir /tmp/sqoop/splunk/stg/SQLUser.OE_ORDITEM \
#    --driver com.intersys.jdbc.CacheDriver 




]]></script>
        <scriptargs>OE_ORDITEM</scriptargs>
      </command>
      <command>
        <description>REGISTRA QUE O JOB FINALIZOU</description>
        <script><![CDATA[cd $SCRIPTS_DIR/rundeck-jobs-control/scripts
sh jobfinish.sh OE_ORDITEM]]></script>
        <scriptargs />
      </command>
    </sequence>
    <uuid>19263079-2948-42ac-8ac3-62463708eb70</uuid>
  </job>
</joblist>