<joblist>
  <job>
    <defaultTab>nodes</defaultTab>
    <description><![CDATA[INGESTAO DAS TABELAS
OE_ORDITEM 
OE_ORDER
PA_ADM
PA_PATMAS ]]></description>
    <dispatch>
      <excludePrecedence>true</excludePrecedence>
      <keepgoing>false</keepgoing>
      <rankOrder>ascending</rankOrder>
      <successOnEmptyNodeFilter>false</successOnEmptyNodeFilter>
      <threadcount>1</threadcount>
    </dispatch>
    <executionEnabled>true</executionEnabled>
    <group>STAGE_SGH</group>
    <id>5889a100-02eb-44bb-8506-5e0697cfaeee</id>
    <loglevel>INFO</loglevel>
    <name>OE_ORDITEM_2021</name>
    <nodeFilterEditable>false</nodeFilterEditable>
    <nodefilters>
      <filter>lpfbigdap02</filter>
    </nodefilters>
    <nodesSelectedByDefault>true</nodesSelectedByDefault>
    <scheduleEnabled>true</scheduleEnabled>
    <sequence keepgoing='true' strategy='parallel'>
      <command>
        <description>OE_ORDITEM</description>
        <script><![CDATA[#cd $SCRIPTS_DIR/ingestions/sqoop/
#echo "INICIANDO CARGA DA TABELA $1"
#ONTEM="$(date +%F --date='yesterday')"

#sqoop import -Duser.timezone=UTC -Dhadoop.security.credential.provider.path=jceks://hdfs//user/_usr_bigdataprd/certs/sgh_bigdata.password.jceks \
#    --connect jdbc:Cache://10.1.14.171:1972/TRAK/ --username bigdata --password-alias sgh_bigdata.password.alias \
#    --query "select OEORI_AccessionNumber,OEORI_ItmMast_DR,OEORI_OEORD_ParRef,OEORI_Date,OEORI_RowId from OE_ORDITEM where OEORI_Date = '"$ONTEM"' AND \$CONDITIONS" \
#    --map-column-java "OEORI_AccessionNumber=String,OEORI_ItmMast_DR=String,OEORI_OEORD_ParRef=String,OEORI_Date=String,OEORI_RowId=String" \
#    --split-by 'OEORI_Date' \
#    --hive-database stg_sgh \
#    --hive-table oe_orditem \
#    --hive-import \
#    --num-mappers 4 \
#    --as-parquetfile \
#    --compress \
#    --compression-codec org.apache.hadoop.io.compress.SnappyCodec \
#    --target-dir /tmp/sqoop/splunk/stg/SQLUser.OE_ORDITEM \
#    --driver com.intersys.jdbc.CacheDriver 

#sqoop import -Duser.timezone=UTC -Dhadoop.security.credential.provider.path=jceks://hdfs//user/_usr_bigdataprd/certs/sgh_bigdata.password.jceks \
#    --connect jdbc:Cache://10.1.14.171:1972/TRAK/ --username bigdata --password-alias sgh_bigdata.password.alias \
#    --query "select OEORI_AccessionNumber,OEORI_ItmMast_DR,OEORI_OEORD_ParRef,OEORI_Date from OE_ORDITEM where OEORI_Date >= '2022-01-01' AND \$CONDITIONS" \
#    --map-column-java "OEORI_AccessionNumber=String,OEORI_ItmMast_DR=String,OEORI_OEORD_ParRef=String,OEORI_Date=String" \
#    --split-by 'OEORI_Date' \
#    --hive-database stg_sgh \
#    --hive-table oe_orditem \
#    --hive-import \
#    --num-mappers 1 \
#    --fetch-size 6000 \
#    --as-parquetfile \
#    --compress \
#    --compression-codec org.apache.hadoop.io.compress.SnappyCodec \
#    --target-dir /tmp/sqoop/splunk/stg/SQLUser.OE_ORDITEM \
#    --driver com.intersys.jdbc.CacheDriver 

## FULL PARA CORRE��O DO CRASH ##
#sqoop import -Dmapreduce.map.memory.mb=36864 -Dmapreduce.map.java.opts=-Xmx25805m -Duser.timezone=UTC -Dhadoop.security.credential.provider.path=jceks://hdfs//user/_usr_bigdataprd/certs/sgh_bigdata.password.jceks \
#    --connect jdbc:Cache://10.1.14.171:1972/TRAK/ --username bigdata --password-alias sgh_bigdata.password.alias \
#    --query "select OEORI_AccessionNumber,OEORI_ItmMast_DR,OEORI_OEORD_ParRef,OEORI_Date,OEORI_RowId from OE_ORDITEM where \$CONDITIONS" \
#    --map-column-java "OEORI_AccessionNumber=String,OEORI_ItmMast_DR=String,OEORI_OEORD_ParRef=String,OEORI_Date=String,OEORI_RowId=String" \
#    --split-by 'OEORI_RowId'  \
#    --hive-database stg_sgh  \
#    --hive-table oe_orditem  \
#    --hive-import \
#    --num-mappers 1 \
#    --as-parquetfile \
#    --compress \
#    --compression-codec org.apache.hadoop.io.compress.SnappyCodec \
#    --target-dir /tmp/sqoop/splunk/stg/SQLUser.OE_ORDITEM \
#    --driver com.intersys.jdbc.CacheDriver 
##SPLIT POR DATA NAO VAI ROLAR NA FULL







#delta_sqoop() {
#    cd /data/projects/ingestions/sqoop/
#    echo "INICIANDO CARGA DELTA DA TABELA oe_orditem"
#    sh sqoop_import.sh \
#    --env sgh \
#    --mode DELTA \
#    --dias 360 \
#    --sourcetable oe_orditem \
#    --query '"select OEORI_AccessionNumber,OEORI_ItmMast_DR,OEORI_OEORD_ParRef,OEORI_Date,OEORI_RowId from OE_ORDITEM where \$CONDITIONS"' \
#    --splitby OEORI_Date \
#    --extraoptions "--map-column-java OEORI_AccessionNumber=String,OEORI_ItmMast_DR=String,OEORI_OEORD_ParRef=String,OEORI_Date=String,OEORI_RowId=String --driver com.intersys.jdbc.CacheDriver --fetch-size 10000"
#}

#delta_tz() {
#    cd /data/projects/transformacao_digital/src/
#    sh pyspark_submit_ingestion_from_sqoop.sh --executors 2 --cores 3 --exec_mem 10g --TARGET_TABLE stg_sgh.oe_orditem --id_col OEORI_RowId --env sgh --mode DELTA
#}

#drop_tmp() {
#    hive -e "drop table if exists stg_sgh.oe_orditem_tmp"
#    hive -e "drop table if exists stg_sgh.oe_orditem_delta"
#}

#delta_sqoop && delta_tz && job_control && echo "carga delta finalizada com sucesso" || exit 



]]></script>
        <scriptargs>OE_ORDITEM</scriptargs>
      </command>
      <command>
        <description>REGISTRA QUE O JOB FINALIZOU</description>
        <script><![CDATA[cd $SCRIPTS_DIR/rundeck-jobs-control/scripts
#sh jobfinish.sh OE_ORDITEM]]></script>
        <scriptargs />
      </command>
      <command>
        <description>JAN</description>
        <script><![CDATA[sqoop import -Dmapred.map.tasks=2 -Dmapred.tasktracker.map.tasks.maximum=2 -Dmapreduce.task.io.sort.mb=1024 -Duser.timezone=UTC -Dhadoop.security.credential.provider.path=jceks://hdfs//user/_usr_bigdataprd/certs/sgh_bigdata.password.jceks \
--connect "jdbc:Cache://10.1.14.171:1972/TRAK/" \
--username bigdata \
--password-alias sgh_bigdata.password.alias \
--query "select OEORI_AccessionNumber,OEORI_ItmMast_DR,OEORI_OEORD_ParRef,OEORI_Date,OEORI_RowId from OE_ORDITEM where OEORI_Date >= '$1-01-01' and OEORI_Date <= '$1-01-31' and \$CONDITIONS" \
--split-by OEORI_Date \
--hive-database stg_sgh  --hive-table OE_ORDITEM \
--fetch-size=40000 --hive-import --num-mappers 1 \
--as-parquetfile \
--compress --compression-codec org.apache.hadoop.io.compress.SnappyCodec \
--target-dir /tmp/sqoop/splunk/stg/OE_ORDITEM \
--map-column-java OEORI_AccessionNumber=String,OEORI_ItmMast_DR=String,OEORI_OEORD_ParRef=String,OEORI_Date=String,OEORI_RowId=String \
--driver com.intersys.jdbc.CacheDriver \
--hive-drop-import-delims
]]></script>
        <scriptargs>2021</scriptargs>
      </command>
      <command>
        <description>FEV</description>
        <script><![CDATA[sqoop import -Dmapred.map.tasks=2 -Dmapred.tasktracker.map.tasks.maximum=2 -Dmapreduce.task.io.sort.mb=1024 -Duser.timezone=UTC -Dhadoop.security.credential.provider.path=jceks://hdfs//user/_usr_bigdataprd/certs/sgh_bigdata.password.jceks \
--connect "jdbc:Cache://10.1.14.171:1972/TRAK/" \
--username bigdata \
--password-alias sgh_bigdata.password.alias \
--query "select OEORI_AccessionNumber,OEORI_ItmMast_DR,OEORI_OEORD_ParRef,OEORI_Date,OEORI_RowId from OE_ORDITEM where OEORI_Date >= '$1-02-01' and OEORI_Date < '$1-03-01' and \$CONDITIONS" \
--split-by OEORI_Date \
--hive-database stg_sgh  --hive-table OE_ORDITEM \
--fetch-size=40000 --hive-import --num-mappers 1 \
--as-parquetfile \
--compress --compression-codec org.apache.hadoop.io.compress.SnappyCodec \
--target-dir /tmp/sqoop/splunk/stg/OE_ORDITEM \
--map-column-java OEORI_AccessionNumber=String,OEORI_ItmMast_DR=String,OEORI_OEORD_ParRef=String,OEORI_Date=String,OEORI_RowId=String \
--driver com.intersys.jdbc.CacheDriver \
--hive-drop-import-delims
]]></script>
        <scriptargs>2021</scriptargs>
      </command>
      <command>
        <description>MAR</description>
        <script><![CDATA[sqoop import -Dmapred.map.tasks=2 -Dmapred.tasktracker.map.tasks.maximum=2 -Dmapreduce.task.io.sort.mb=1024 -Duser.timezone=UTC -Dhadoop.security.credential.provider.path=jceks://hdfs//user/_usr_bigdataprd/certs/sgh_bigdata.password.jceks \
--connect "jdbc:Cache://10.1.14.171:1972/TRAK/" \
--username bigdata \
--password-alias sgh_bigdata.password.alias \
--query "select OEORI_AccessionNumber,OEORI_ItmMast_DR,OEORI_OEORD_ParRef,OEORI_Date,OEORI_RowId from OE_ORDITEM where OEORI_Date >= '$1-03-01' and OEORI_Date <= '$1-03-31' and \$CONDITIONS" \
--split-by OEORI_Date \
--hive-database stg_sgh  --hive-table OE_ORDITEM \
--fetch-size=40000 --hive-import --num-mappers 1 \
--as-parquetfile \
--compress --compression-codec org.apache.hadoop.io.compress.SnappyCodec \
--target-dir /tmp/sqoop/splunk/stg/OE_ORDITEM \
--map-column-java OEORI_AccessionNumber=String,OEORI_ItmMast_DR=String,OEORI_OEORD_ParRef=String,OEORI_Date=String,OEORI_RowId=String \
--driver com.intersys.jdbc.CacheDriver \
--hive-drop-import-delims
]]></script>
        <scriptargs>2021</scriptargs>
      </command>
      <command>
        <description>ABR</description>
        <script><![CDATA[sqoop import -Dmapred.map.tasks=2 -Dmapred.tasktracker.map.tasks.maximum=2 -Dmapreduce.task.io.sort.mb=1024 -Duser.timezone=UTC -Dhadoop.security.credential.provider.path=jceks://hdfs//user/_usr_bigdataprd/certs/sgh_bigdata.password.jceks \
--connect "jdbc:Cache://10.1.14.171:1972/TRAK/" \
--username bigdata \
--password-alias sgh_bigdata.password.alias \
--query "select OEORI_AccessionNumber,OEORI_ItmMast_DR,OEORI_OEORD_ParRef,OEORI_Date,OEORI_RowId from OE_ORDITEM where OEORI_Date >= '$1-04-01' and OEORI_Date <= '$1-04-30' and \$CONDITIONS" \
--split-by OEORI_Date \
--hive-database stg_sgh  --hive-table OE_ORDITEM \
--fetch-size=40000 --hive-import --num-mappers 1 \
--as-parquetfile \
--compress --compression-codec org.apache.hadoop.io.compress.SnappyCodec \
--target-dir /tmp/sqoop/splunk/stg/OE_ORDITEM \
--map-column-java OEORI_AccessionNumber=String,OEORI_ItmMast_DR=String,OEORI_OEORD_ParRef=String,OEORI_Date=String,OEORI_RowId=String \
--driver com.intersys.jdbc.CacheDriver \
--hive-drop-import-delims
]]></script>
        <scriptargs>2021</scriptargs>
      </command>
      <command>
        <description>MAI</description>
        <script><![CDATA[sqoop import -Dmapred.map.tasks=2 -Dmapred.tasktracker.map.tasks.maximum=2 -Dmapreduce.task.io.sort.mb=1024 -Duser.timezone=UTC -Dhadoop.security.credential.provider.path=jceks://hdfs//user/_usr_bigdataprd/certs/sgh_bigdata.password.jceks \
--connect "jdbc:Cache://10.1.14.171:1972/TRAK/" \
--username bigdata \
--password-alias sgh_bigdata.password.alias \
--query "select OEORI_AccessionNumber,OEORI_ItmMast_DR,OEORI_OEORD_ParRef,OEORI_Date,OEORI_RowId from OE_ORDITEM where OEORI_Date >= '$1-05-01' and OEORI_Date <= '$1-05-31' and \$CONDITIONS" \
--split-by OEORI_Date \
--hive-database stg_sgh  --hive-table OE_ORDITEM \
--fetch-size=40000 --hive-import --num-mappers 1 \
--as-parquetfile \
--compress --compression-codec org.apache.hadoop.io.compress.SnappyCodec \
--target-dir /tmp/sqoop/splunk/stg/OE_ORDITEM \
--map-column-java OEORI_AccessionNumber=String,OEORI_ItmMast_DR=String,OEORI_OEORD_ParRef=String,OEORI_Date=String,OEORI_RowId=String \
--driver com.intersys.jdbc.CacheDriver \
--hive-drop-import-delims
]]></script>
        <scriptargs>2021</scriptargs>
      </command>
      <command>
        <description>JUN</description>
        <script><![CDATA[sqoop import -Dmapred.map.tasks=2 -Dmapred.tasktracker.map.tasks.maximum=2 -Dmapreduce.task.io.sort.mb=1024 -Duser.timezone=UTC -Dhadoop.security.credential.provider.path=jceks://hdfs//user/_usr_bigdataprd/certs/sgh_bigdata.password.jceks \
--connect "jdbc:Cache://10.1.14.171:1972/TRAK/" \
--username bigdata \
--password-alias sgh_bigdata.password.alias \
--query "select OEORI_AccessionNumber,OEORI_ItmMast_DR,OEORI_OEORD_ParRef,OEORI_Date,OEORI_RowId from OE_ORDITEM where OEORI_Date >= '$1-06-01' and OEORI_Date <= '$1-06-30' and \$CONDITIONS" \
--split-by OEORI_Date \
--hive-database stg_sgh  --hive-table OE_ORDITEM \
--fetch-size=40000 --hive-import --num-mappers 1 \
--as-parquetfile \
--compress --compression-codec org.apache.hadoop.io.compress.SnappyCodec \
--target-dir /tmp/sqoop/splunk/stg/OE_ORDITEM \
--map-column-java OEORI_AccessionNumber=String,OEORI_ItmMast_DR=String,OEORI_OEORD_ParRef=String,OEORI_Date=String,OEORI_RowId=String \
--driver com.intersys.jdbc.CacheDriver \
--hive-drop-import-delims
]]></script>
        <scriptargs>2021</scriptargs>
      </command>
      <command>
        <description>JUL</description>
        <script><![CDATA[sqoop import -Dmapred.map.tasks=2 -Dmapred.tasktracker.map.tasks.maximum=2 -Dmapreduce.task.io.sort.mb=1024 -Duser.timezone=UTC -Dhadoop.security.credential.provider.path=jceks://hdfs//user/_usr_bigdataprd/certs/sgh_bigdata.password.jceks \
--connect "jdbc:Cache://10.1.14.171:1972/TRAK/" \
--username bigdata \
--password-alias sgh_bigdata.password.alias \
--query "select OEORI_AccessionNumber,OEORI_ItmMast_DR,OEORI_OEORD_ParRef,OEORI_Date,OEORI_RowId from OE_ORDITEM where OEORI_Date >= '$1-07-01' and OEORI_Date <= '$1-07-31' and \$CONDITIONS" \
--split-by OEORI_Date \
--hive-database stg_sgh  --hive-table OE_ORDITEM \
--fetch-size=40000 --hive-import --num-mappers 1 \
--as-parquetfile \
--compress --compression-codec org.apache.hadoop.io.compress.SnappyCodec \
--target-dir /tmp/sqoop/splunk/stg/OE_ORDITEM \
--map-column-java OEORI_AccessionNumber=String,OEORI_ItmMast_DR=String,OEORI_OEORD_ParRef=String,OEORI_Date=String,OEORI_RowId=String \
--driver com.intersys.jdbc.CacheDriver \
--hive-drop-import-delims
]]></script>
        <scriptargs>2021</scriptargs>
      </command>
      <command>
        <description>AGO</description>
        <script><![CDATA[sqoop import -Dmapred.map.tasks=2 -Dmapred.tasktracker.map.tasks.maximum=2 -Dmapreduce.task.io.sort.mb=1024 -Duser.timezone=UTC -Dhadoop.security.credential.provider.path=jceks://hdfs//user/_usr_bigdataprd/certs/sgh_bigdata.password.jceks \
--connect "jdbc:Cache://10.1.14.171:1972/TRAK/" \
--username bigdata \
--password-alias sgh_bigdata.password.alias \
--query "select OEORI_AccessionNumber,OEORI_ItmMast_DR,OEORI_OEORD_ParRef,OEORI_Date,OEORI_RowId from OE_ORDITEM where OEORI_Date >= '$1-08-01' and OEORI_Date <= '$1-08-31' and \$CONDITIONS" \
--split-by OEORI_Date \
--hive-database stg_sgh  --hive-table OE_ORDITEM \
--fetch-size=40000 --hive-import --num-mappers 1 \
--as-parquetfile \
--compress --compression-codec org.apache.hadoop.io.compress.SnappyCodec \
--target-dir /tmp/sqoop/splunk/stg/OE_ORDITEM \
--map-column-java OEORI_AccessionNumber=String,OEORI_ItmMast_DR=String,OEORI_OEORD_ParRef=String,OEORI_Date=String,OEORI_RowId=String \
--driver com.intersys.jdbc.CacheDriver \
--hive-drop-import-delims
]]></script>
        <scriptargs>2021</scriptargs>
      </command>
      <command>
        <description>SET</description>
        <script><![CDATA[sqoop import -Dmapred.map.tasks=2 -Dmapred.tasktracker.map.tasks.maximum=2 -Dmapreduce.task.io.sort.mb=1024 -Duser.timezone=UTC -Dhadoop.security.credential.provider.path=jceks://hdfs//user/_usr_bigdataprd/certs/sgh_bigdata.password.jceks \
--connect "jdbc:Cache://10.1.14.171:1972/TRAK/" \
--username bigdata \
--password-alias sgh_bigdata.password.alias \
--query "select OEORI_AccessionNumber,OEORI_ItmMast_DR,OEORI_OEORD_ParRef,OEORI_Date,OEORI_RowId from OE_ORDITEM where OEORI_Date >= '$1-09-01' and OEORI_Date <= '$1-09-30' and \$CONDITIONS" \
--split-by OEORI_Date \
--hive-database stg_sgh  --hive-table OE_ORDITEM \
--fetch-size=40000 --hive-import --num-mappers 1 \
--as-parquetfile \
--compress --compression-codec org.apache.hadoop.io.compress.SnappyCodec \
--target-dir /tmp/sqoop/splunk/stg/OE_ORDITEM \
--map-column-java OEORI_AccessionNumber=String,OEORI_ItmMast_DR=String,OEORI_OEORD_ParRef=String,OEORI_Date=String,OEORI_RowId=String \
--driver com.intersys.jdbc.CacheDriver \
--hive-drop-import-delims
]]></script>
        <scriptargs>2021</scriptargs>
      </command>
      <command>
        <description>OUT</description>
        <script><![CDATA[sqoop import -Dmapred.map.tasks=2 -Dmapred.tasktracker.map.tasks.maximum=2 -Dmapreduce.task.io.sort.mb=1024 -Duser.timezone=UTC -Dhadoop.security.credential.provider.path=jceks://hdfs//user/_usr_bigdataprd/certs/sgh_bigdata.password.jceks \
--connect "jdbc:Cache://10.1.14.171:1972/TRAK/" \
--username bigdata \
--password-alias sgh_bigdata.password.alias \
--query "select OEORI_AccessionNumber,OEORI_ItmMast_DR,OEORI_OEORD_ParRef,OEORI_Date,OEORI_RowId from OE_ORDITEM where OEORI_Date >= '$1-10-01' and OEORI_Date <= '$1-10-31' and \$CONDITIONS" \
--split-by OEORI_Date \
--hive-database stg_sgh  --hive-table OE_ORDITEM \
--fetch-size=40000 --hive-import --num-mappers 1 \
--as-parquetfile \
--compress --compression-codec org.apache.hadoop.io.compress.SnappyCodec \
--target-dir /tmp/sqoop/splunk/stg/OE_ORDITEM \
--map-column-java OEORI_AccessionNumber=String,OEORI_ItmMast_DR=String,OEORI_OEORD_ParRef=String,OEORI_Date=String,OEORI_RowId=String \
--driver com.intersys.jdbc.CacheDriver \
--hive-drop-import-delims
]]></script>
        <scriptargs>2021</scriptargs>
      </command>
      <command>
        <description>NOV</description>
        <script><![CDATA[sqoop import -Dmapred.map.tasks=2 -Dmapred.tasktracker.map.tasks.maximum=2 -Dmapreduce.task.io.sort.mb=1024 -Duser.timezone=UTC -Dhadoop.security.credential.provider.path=jceks://hdfs//user/_usr_bigdataprd/certs/sgh_bigdata.password.jceks \
--connect "jdbc:Cache://10.1.14.171:1972/TRAK/" \
--username bigdata \
--password-alias sgh_bigdata.password.alias \
--query "select OEORI_AccessionNumber,OEORI_ItmMast_DR,OEORI_OEORD_ParRef,OEORI_Date,OEORI_RowId from OE_ORDITEM where OEORI_Date >= '$1-11-01' and OEORI_Date <= '$1-11-30' and \$CONDITIONS" \
--split-by OEORI_Date \
--hive-database stg_sgh  --hive-table OE_ORDITEM \
--fetch-size=40000 --hive-import --num-mappers 1 \
--as-parquetfile \
--compress --compression-codec org.apache.hadoop.io.compress.SnappyCodec \
--target-dir /tmp/sqoop/splunk/stg/OE_ORDITEM \
--map-column-java OEORI_AccessionNumber=String,OEORI_ItmMast_DR=String,OEORI_OEORD_ParRef=String,OEORI_Date=String,OEORI_RowId=String \
--driver com.intersys.jdbc.CacheDriver \
--hive-drop-import-delims
]]></script>
        <scriptargs>2021</scriptargs>
      </command>
      <command>
        <description>DEZ</description>
        <script><![CDATA[sqoop import -Dmapred.map.tasks=2 -Dmapred.tasktracker.map.tasks.maximum=2 -Dmapreduce.task.io.sort.mb=1024 -Duser.timezone=UTC -Dhadoop.security.credential.provider.path=jceks://hdfs//user/_usr_bigdataprd/certs/sgh_bigdata.password.jceks \
--connect "jdbc:Cache://10.1.14.171:1972/TRAK/" \
--username bigdata \
--password-alias sgh_bigdata.password.alias \
--query "select OEORI_AccessionNumber,OEORI_ItmMast_DR,OEORI_OEORD_ParRef,OEORI_Date,OEORI_RowId from OE_ORDITEM where OEORI_Date >= '$1-12-01' and OEORI_Date <= '$1-12-31' and \$CONDITIONS" \
--split-by OEORI_Date \
--hive-database stg_sgh  --hive-table OE_ORDITEM \
--fetch-size=40000 --hive-import --num-mappers 1 \
--as-parquetfile \
--compress --compression-codec org.apache.hadoop.io.compress.SnappyCodec \
--target-dir /tmp/sqoop/splunk/stg/OE_ORDITEM \
--map-column-java OEORI_AccessionNumber=String,OEORI_ItmMast_DR=String,OEORI_OEORD_ParRef=String,OEORI_Date=String,OEORI_RowId=String \
--driver com.intersys.jdbc.CacheDriver \
--hive-drop-import-delims
]]></script>
        <scriptargs>2021</scriptargs>
      </command>
    </sequence>
    <uuid>5889a100-02eb-44bb-8506-5e0697cfaeee</uuid>
  </job>
</joblist>