<joblist>
  <job>
    <defaultTab>nodes</defaultTab>
    <description><![CDATA[INGESTAO DAS TABELAS:
PA_PERSON
PAC_INDIGSTATUS 
PAC_PATIENTCATEGORY
PAC_PATIENTTYPE
PHC_CAT
PHC_DRGFORM
PHC_DRGMAST
PHC_DRGFORM
PHC_FORMDOSEEQUIV
PHC_GENERIC
PHC_POISON
PHC_SUBCAT]]></description>
    <dispatch>
      <excludePrecedence>true</excludePrecedence>
      <keepgoing>false</keepgoing>
      <rankOrder>ascending</rankOrder>
      <successOnEmptyNodeFilter>false</successOnEmptyNodeFilter>
      <threadcount>1</threadcount>
    </dispatch>
    <executionEnabled>true</executionEnabled>
    <group>STAGE_SGH</group>
    <id>cc4038a0-3d1d-46d8-b69d-29720ece80ee</id>
    <loglevel>INFO</loglevel>
    <name>STAGE_2</name>
    <nodeFilterEditable>false</nodeFilterEditable>
    <nodefilters>
      <filter>name: lpfbigdap02</filter>
    </nodefilters>
    <nodesSelectedByDefault>true</nodesSelectedByDefault>
    <scheduleEnabled>true</scheduleEnabled>
    <sequence keepgoing='false' strategy='sequential'>
      <command>
        <description>PA_PERSON</description>
        <script><![CDATA[#cd $SCRIPTS_DIR/ingestions/sqoop/jobschedule/stg_sgh/
#sh sqoop_import_sgh.sh PA_PERSON

cd $SCRIPTS_DIR/ingestions/sqoop/
echo "INICIANDO CARGA DA TABELA SIAF $1"
sh sqoop_import.sh --env sgh --sourcetable $1 --query '"select * from '$1' where \$CONDITIONS"' --extraoptions "--map-column-java PAPER_Deceased_Date=String,PAPER_TimeCreatePhoto=String,PAPER_EmployeeDateFrom=String,PAPER_DateOfEntry=String,PAPER_TimeUpdatePhoto=String,PAPER_DiscDateFrom=String --driver com.intersys.jdbc.CacheDriver"
]]></script>
        <scriptargs>PA_PERSON</scriptargs>
      </command>
      <command>
        <description>PAC_INDIGSTATUS</description>
        <script><![CDATA[#cd $SCRIPTS_DIR/ingestions/sqoop/
#sh jobschedule/stg_sgh/sqoop_import_sgh.sh PAC_INDIGSTATUS

cd $SCRIPTS_DIR/ingestions/sqoop/
echo "INICIANDO CARGA DA TABELA SIAF $1"
sh sqoop_import.sh --env sgh --sourcetable $1 --query '"select * from '$1' where \$CONDITIONS"' --extraoptions "--map-column-java INDST_DateFrom=String,INDST_DateTo=String --driver com.intersys.jdbc.CacheDriver"

]]></script>
        <scriptargs>PAC_INDIGSTATUS</scriptargs>
      </command>
      <command>
        <description>PAC_PATIENTCATEGORY</description>
        <script><![CDATA[#cd $SCRIPTS_DIR/ingestions/sqoop/
#sh jobschedule/stg_sgh/sqoop_import_sgh.sh PAC_PATIENTCATEGORY

cd $SCRIPTS_DIR/ingestions/sqoop/
echo "INICIANDO CARGA DA TABELA SIAF $1"
sh sqoop_import.sh --env sgh --sourcetable $1 --query '"select * from '$1' where \$CONDITIONS"' --extraoptions "--map-column-java PCAT_DateFrom=String,PCAT_DateTo=String --driver com.intersys.jdbc.CacheDriver"
]]></script>
        <scriptargs>PAC_PATIENTCATEGORY</scriptargs>
      </command>
      <command>
        <description>PAC_PATIENTTYPE</description>
        <script><![CDATA[#cd $SCRIPTS_DIR/ingestions/sqoop/
#sh jobschedule/stg_sgh/sqoop_import_sgh.sh PAC_PATIENTTYPE

cd $SCRIPTS_DIR/ingestions/sqoop/
echo "INICIANDO CARGA DA TABELA SIAF $1"
sh sqoop_import.sh --env sgh --sourcetable $1 --query '"select * from '$1' where \$CONDITIONS"' --extraoptions "--map-column-java PTYPE_DateFrom=String,PTYPE_DateTo=String --driver com.intersys.jdbc.CacheDriver"

]]></script>
        <scriptargs>PAC_PATIENTTYPE</scriptargs>
      </command>
      <command>
        <description>PHC_CAT</description>
        <script><![CDATA[cd $SCRIPTS_DIR/ingestions/sqoop/
sh jobschedule/stg_sgh/sqoop_import_sgh.sh PHC_CAT]]></script>
        <scriptargs />
      </command>
      <command>
        <description>PHC_DRGFORM</description>
        <script><![CDATA[#cd $SCRIPTS_DIR/ingestions/sqoop/
#sh jobschedule/stg_sgh/sqoop_import_sgh.sh PHC_DRGFORM

cd $SCRIPTS_DIR/ingestions/sqoop/
echo "INICIANDO CARGA DA TABELA SIAF $1"
sh sqoop_import.sh --env sgh --sourcetable $1 --query '"select * from '$1' where \$CONDITIONS"' --extraoptions "--map-column-java PHCDF_DateFrom=String,PHCDF_DateTo=String,PHCDF_UpdateDate=String,PHCDF_UpdateTime=String --driver com.intersys.jdbc.CacheDriver"
]]></script>
        <scriptargs>PHC_DRGFORM</scriptargs>
      </command>
      <command>
        <description>PHC_DRGMAST</description>
        <script><![CDATA[#cd $SCRIPTS_DIR/ingestions/sqoop/
#sh jobschedule/stg_sgh/sqoop_import_sgh.sh PHC_DRGMAST

cd $SCRIPTS_DIR/ingestions/sqoop/
echo "INICIANDO CARGA DA TABELA SIAF $1"
sh sqoop_import.sh --env sgh --sourcetable $1 --query '"select * from '$1' where \$CONDITIONS"' --extraoptions "--map-column-java PHCD_UpdateDate=String,PHCD_UpdateTime=String --driver com.intersys.jdbc.CacheDriver"
]]></script>
        <scriptargs>PHC_DRGMAST</scriptargs>
      </command>
      <command>
        <description>PHC_FORM</description>
        <script><![CDATA[cd $SCRIPTS_DIR/ingestions/sqoop/
sh jobschedule/stg_sgh/sqoop_import_sgh.sh PHC_FORM]]></script>
        <scriptargs />
      </command>
      <command>
        <description>PHC_FORMDOSEEQUIV</description>
        <script><![CDATA[cd $SCRIPTS_DIR/ingestions/sqoop/
sh jobschedule/stg_sgh/sqoop_import_sgh.sh PHC_FORMDOSEEQUIV]]></script>
        <scriptargs />
      </command>
      <command>
        <description>PHC_GENERIC</description>
        <script><![CDATA[#cd $SCRIPTS_DIR/ingestions/sqoop/
#sh jobschedule/stg_sgh/sqoop_import_sgh.sh PHC_GENERIC

cd $SCRIPTS_DIR/ingestions/sqoop/
echo "INICIANDO CARGA DA TABELA SIAF $1"
sh sqoop_import.sh --env sgh --sourcetable $1 --query '"select * from '$1' where \$CONDITIONS"' --extraoptions "--map-column-java PHCGE_DateFrom=String,PHCGE_DateTo=String --driver com.intersys.jdbc.CacheDriver"
]]></script>
        <scriptargs>PHC_GENERIC</scriptargs>
      </command>
      <command>
        <description>PHC_POISON</description>
        <script><![CDATA[cd $SCRIPTS_DIR/ingestions/sqoop/
sh jobschedule/stg_sgh/sqoop_import_sgh.sh PHC_POISON]]></script>
        <scriptargs />
      </command>
      <command>
        <description>PHC_SUBCAT</description>
        <script><![CDATA[cd $SCRIPTS_DIR/ingestions/sqoop/
sh jobschedule/stg_sgh/sqoop_import_sgh.sh PHC_SUBCAT]]></script>
        <scriptargs />
      </command>
    </sequence>
    <uuid>cc4038a0-3d1d-46d8-b69d-29720ece80ee</uuid>
  </job>
</joblist>