<joblist>
  <job>
    <defaultTab>nodes</defaultTab>
    <description><![CDATA[Ingest�o das tabelas: 
CT_UOM, ARC_ITEMCAT, ARC_ITMMAST, ARC_SERVCAT, CT_CITYAREA, 
CT_COMPANY, CT_MARITAL, CT_NATION, CT_OCCUPATION, CT_PROVINCE, 
CT_RELIGION, CT_SEX, CT_SOCIALSTATUS, CT_ZIP,
OEC_ORDERCATEGORY, CT_LOC, CT_CITY]]></description>
    <dispatch>
      <excludePrecedence>true</excludePrecedence>
      <keepgoing>false</keepgoing>
      <rankOrder>ascending</rankOrder>
      <successOnEmptyNodeFilter>false</successOnEmptyNodeFilter>
      <threadcount>1</threadcount>
    </dispatch>
    <executionEnabled>true</executionEnabled>
    <group>STAGE_SGH</group>
    <id>e4a9ea3b-0a00-4b28-8c02-1a0ea491ea3b</id>
    <loglevel>INFO</loglevel>
    <name>STAGE_1</name>
    <nodeFilterEditable>false</nodeFilterEditable>
    <nodefilters>
      <filter>name: lpfbigdap02</filter>
    </nodefilters>
    <nodesSelectedByDefault>true</nodesSelectedByDefault>
    <scheduleEnabled>true</scheduleEnabled>
    <sequence keepgoing='false' strategy='sequential'>
      <command>
        <description>CT_UOM</description>
        <script><![CDATA[#cd $SCRIPTS_DIR/ingestions/sqoop/
#sh jobschedule/stg_sgh/sqoop_import_sgh.sh CT_UOM


cd $SCRIPTS_DIR/ingestions/sqoop/
echo "INICIANDO CARGA DA TABELA SIAF $1"
sh sqoop_import.sh --env sgh --sourcetable $1 --query '"select * from '$1' where \$CONDITIONS"' --extraoptions "--driver com.intersys.jdbc.CacheDriver"

]]></script>
        <scriptargs>CT_UOM</scriptargs>
      </command>
      <command>
        <description>ARC_ITEMCAT</description>
        <script><![CDATA[cd $SCRIPTS_DIR/ingestions/sqoop/
echo "INICIANDO CARGA DA TABELA SIAF $1"
sh sqoop_import.sh --env sgh --sourcetable $1 --query '"select * from '$1' where \$CONDITIONS"' --extraoptions "--map-column-java ARCIC_DateFrom=String,ARCIC_DateTo=String --driver com.intersys.jdbc.CacheDriver"

]]></script>
        <scriptargs>ARC_ITEMCAT</scriptargs>
      </command>
      <command>
        <description>ARC_ITMMAST</description>
        <script><![CDATA[cd $SCRIPTS_DIR/ingestions/sqoop/
echo "INICIANDO CARGA DA TABELA SIAF $1"
sh sqoop_import.sh --env sgh --sourcetable $1 --query '"select * from '$1' where \$CONDITIONS"' --extraoptions "--map-column-java ARCIM_EffDate=String,ARCIM_EffDateTime=String,ARCIM_EffTime=String,ARCIM_EffDateTo=String,ARCIM_UpdateDate=String,ARCIM_UpdateTime=String --driver com.intersys.jdbc.CacheDriver"

]]></script>
        <scriptargs>ARC_ITMMAST</scriptargs>
      </command>
      <command>
        <description>ARC_SERVCAT</description>
        <script><![CDATA[cd $SCRIPTS_DIR/ingestions/sqoop/
sh jobschedule/stg_sgh/sqoop_import_sgh.sh ARC_SERVCAT]]></script>
        <scriptargs />
      </command>
      <command>
        <description>CT_CITYAREA</description>
        <script><![CDATA[#cd $SCRIPTS_DIR/ingestions/sqoop/
#sh jobschedule/stg_sgh/sqoop_import_sgh.sh CT_CITYAREA

cd $SCRIPTS_DIR/ingestions/sqoop/
echo "INICIANDO CARGA DA TABELA SIAF $1"
sh sqoop_import.sh --env sgh --sourcetable $1 --query '"select * from '$1' where \$CONDITIONS"' --extraoptions "--map-column-java CITAREA_DateFrom=String,CITAREA_DateTo=String --driver com.intersys.jdbc.CacheDriver"
]]></script>
        <scriptargs>CT_CITYAREA</scriptargs>
      </command>
      <command>
        <description>CT_COMPANY</description>
        <script><![CDATA[cd $SCRIPTS_DIR/ingestions/sqoop/
sh jobschedule/stg_sgh/sqoop_import_sgh.sh CT_COMPANY]]></script>
        <scriptargs />
      </command>
      <command>
        <description>CT_MARITAL</description>
        <script><![CDATA[#cd $SCRIPTS_DIR/ingestions/sqoop/
#sh jobschedule/stg_sgh/sqoop_import_sgh.sh CT_MARITAL

cd $SCRIPTS_DIR/ingestions/sqoop/
echo "INICIANDO CARGA DA TABELA SIAF $1"
sh sqoop_import.sh --env sgh --sourcetable $1 --query '"select * from '$1' where \$CONDITIONS"' --extraoptions "--map-column-java CTMAR_DateFrom=String,CTMAR_DateTo=String --driver com.intersys.jdbc.CacheDriver"
]]></script>
        <scriptargs>CT_MARITAL</scriptargs>
      </command>
      <command>
        <description>CT_NATION</description>
        <script><![CDATA[cd $SCRIPTS_DIR/ingestions/sqoop/
sh jobschedule/stg_sgh/sqoop_import_sgh.sh CT_NATION]]></script>
        <scriptargs />
      </command>
      <command>
        <description>CT_OCCUPATION</description>
        <script><![CDATA[#cd $SCRIPTS_DIR/ingestions/sqoop/
#sh jobschedule/stg_sgh/sqoop_import_sgh.sh CT_OCCUPATION

cd $SCRIPTS_DIR/ingestions/sqoop/
echo "INICIANDO CARGA DA TABELA SIAF $1"
sh sqoop_import.sh --env sgh --sourcetable $1 --query '"select * from '$1' where \$CONDITIONS"' --extraoptions "--map-column-java CTOCC_DateFrom=String,CTOCC_DateTo=String --driver com.intersys.jdbc.CacheDriver"
]]></script>
        <scriptargs>CT_OCCUPATION</scriptargs>
      </command>
      <command>
        <description>CT_PROVINCE</description>
        <script><![CDATA[#cd $SCRIPTS_DIR/ingestions/sqoop/
#sh jobschedule/stg_sgh/sqoop_import_sgh.sh CT_PROVINCE

cd $SCRIPTS_DIR/ingestions/sqoop/
echo "INICIANDO CARGA DA TABELA SIAF $1"
sh sqoop_import.sh --env sgh --sourcetable $1 --query '"select * from '$1' where \$CONDITIONS"' --extraoptions "--map-column-java PROV_DateFrom=String,PROV_DateTo=String --driver com.intersys.jdbc.CacheDriver"
]]></script>
        <scriptargs>CT_PROVINCE</scriptargs>
      </command>
      <command>
        <description>CT_RELIGION</description>
        <script><![CDATA[#cd $SCRIPTS_DIR/ingestions/sqoop/
#sh jobschedule/stg_sgh/sqoop_import_sgh.sh CT_RELIGION

cd $SCRIPTS_DIR/ingestions/sqoop/
echo "INICIANDO CARGA DA TABELA SIAF $1"
sh sqoop_import.sh --env sgh --sourcetable $1 --query '"select * from '$1' where \$CONDITIONS"' --extraoptions "--map-column-java CTRLG_DateFrom=String,CTRLG_DateTo=String --driver com.intersys.jdbc.CacheDriver"
]]></script>
        <scriptargs>CT_RELIGION</scriptargs>
      </command>
      <command>
        <description>CT_SEX</description>
        <script><![CDATA[#cd $SCRIPTS_DIR/ingestions/sqoop/
#sh jobschedule/stg_sgh/sqoop_import_sgh.sh CT_SEX

cd $SCRIPTS_DIR/ingestions/sqoop/
echo "INICIANDO CARGA DA TABELA SIAF $1"
sh sqoop_import.sh --env sgh --sourcetable $1 --query '"select * from '$1' where \$CONDITIONS"' --extraoptions "--map-column-java CTSEX_DateFrom=String,CTSEX_DateTo=String --driver com.intersys.jdbc.CacheDriver"
]]></script>
        <scriptargs>CT_SEX</scriptargs>
      </command>
      <command>
        <description>CT_SOCIALSTATUS</description>
        <script><![CDATA[cd $SCRIPTS_DIR/ingestions/sqoop/
sh jobschedule/stg_sgh/sqoop_import_sgh.sh CT_SOCIALSTATUS]]></script>
        <scriptargs />
      </command>
      <command>
        <description>CT_ZIP</description>
        <script><![CDATA[#cd $SCRIPTS_DIR/ingestions/sqoop/
#sh jobschedule/stg_sgh/sqoop_import_sgh.sh CT_ZIP

cd $SCRIPTS_DIR/ingestions/sqoop/
echo "INICIANDO CARGA DA TABELA SIAF $1"
sh sqoop_import.sh --env sgh --sourcetable $1 --query '"select * from '$1' where \$CONDITIONS"' --extraoptions "--map-column-java CTZIP_DateFrom=String,CTZIP_DateTo=String --driver com.intersys.jdbc.CacheDriver"
]]></script>
        <scriptargs>CT_ZIP</scriptargs>
      </command>
      <command>
        <description>OEC_ORDERCATEGORY</description>
        <script><![CDATA[#cd $SCRIPTS_DIR/ingestions/sqoop/
#sh jobschedule/stg_sgh/sqoop_import_sgh.sh OEC_ORDERCATEGORY

cd $SCRIPTS_DIR/ingestions/sqoop/
echo "INICIANDO CARGA DA TABELA SIAF $1"
sh sqoop_import.sh --env sgh --sourcetable $1 --query '"select * from '$1' where \$CONDITIONS"' --extraoptions "--map-column-java ORCAT_DateFrom=String,ORCAT_DateTo=String --driver com.intersys.jdbc.CacheDriver"
]]></script>
        <scriptargs>OEC_ORDERCATEGORY</scriptargs>
      </command>
      <command>
        <description>CT_LOC</description>
        <script><![CDATA[cd $SCRIPTS_DIR/ingestions/sqoop/
echo "INICIANDO CARGA DA TABELA $1"
sh sqoop_import.sh --env sgh --sourcetable $1 --query '"select * from '$1' where \$CONDITIONS"' --splitby CTLOC_RowID --extraoptions "--map-column-java CTLOC_StartTime=String,CTLOC_EndTime=String,CTLOC_DateActiveFrom=String,CTLOC_DateActiveTo=String,CTLOC_VisitHrFrom=String,CTLOC_VisitHrTo=String,CTLOC_RestPeriodFrom=String,CTLOC_RestPeriodTo=String,CTLOC_NatCodeDateFrom=String,CTLOC_NatCodeDateTo=String,CTLOC_SignFacilDateFrom=String,CTLOC_SignifFacilDateTo=String,CTLOC_EBookerSuspDate=String --driver com.intersys.jdbc.CacheDriver"]]></script>
        <scriptargs>CT_LOC</scriptargs>
      </command>
      <command>
        <description>CT_CITY</description>
        <script><![CDATA[cd $SCRIPTS_DIR/ingestions/sqoop/
echo "INICIANDO CARGA DA TABELA SIAF $1"
sh sqoop_import.sh --env sgh --sourcetable $1 --query '"select * from '$1' where \$CONDITIONS"' --extraoptions "--map-column-java CTCIT_DateTo=String,CTCIT_DateFrom=String --driver com.intersys.jdbc.CacheDriver"]]></script>
        <scriptargs>CT_CITY</scriptargs>
      </command>
    </sequence>
    <uuid>e4a9ea3b-0a00-4b28-8c02-1a0ea491ea3b</uuid>
  </job>
</joblist>