<joblist>
  <job>
    <defaultTab>nodes</defaultTab>
    <description>Legado.TISS_Itens, Legado.TISS_ItensdaTabela e Legado.TISS_TabelaProcedimento_Propria</description>
    <dispatch>
      <excludePrecedence>true</excludePrecedence>
      <keepgoing>false</keepgoing>
      <rankOrder>ascending</rankOrder>
      <successOnEmptyNodeFilter>false</successOnEmptyNodeFilter>
      <threadcount>1</threadcount>
    </dispatch>
    <executionEnabled>true</executionEnabled>
    <group>STAGE_SGH</group>
    <id>f867f94b-198c-4a64-beef-08bdf93d5238</id>
    <loglevel>INFO</loglevel>
    <name>STAGE_6</name>
    <nodeFilterEditable>false</nodeFilterEditable>
    <nodefilters>
      <filter>lpfbigdap02</filter>
    </nodefilters>
    <nodesSelectedByDefault>true</nodesSelectedByDefault>
    <scheduleEnabled>true</scheduleEnabled>
    <sequence keepgoing='false' strategy='node-first'>
      <command>
        <description>Legado.TISS_Itens</description>
        <script><![CDATA[full_sqoop() {
    cd $SCRIPTS_DIR/ingestions/sqoop/
    echo "INICIANDO CARGA DA TABELA SGH Legado.TISS_Itens"
    sh sqoop_import.sh --env sgh_legado --sourcetable TISS_Itens --database stg_sgh --extraoptions "--driver com.intersys.jdbc.CacheDriver" --query '"select * from '$1' where \$CONDITIONS"' --splitby TISSIten_Rowid
}

#tmp_stg() {
#    pyhiae submit -p "/data/projects-dev/acs/tiss_itens" -e prd
#}

#drop_tmp() {
#    beeline -u "jdbc:hive2://lpfbigdap01.einstein.br:10000/default;principal=hive/lpfbigdap01.einstein.br@DOMHIAE.EINSTEIN.BR" -e "drop table stg_sgh.tiss_itens_tmp"
#}

#full_sqoop $1 && tmp_stg && drop_tmp && echo "carga full finalizada com sucesso" || exit 1
full_sqoop $1]]></script>
        <scriptargs>Legado.TISS_Itens</scriptargs>
      </command>
      <command>
        <description>Legado.TISS_ItensdaTabela</description>
        <script><![CDATA[full_sqoop() {
    cd $SCRIPTS_DIR/ingestions/sqoop/
    echo "INICIANDO CARGA DA TABELA SGH Legado.TISS_Itens"
    sh sqoop_import.sh --env sgh_legado --sourcetable TISS_ItensdaTabela --database stg_sgh --extraoptions "--driver com.intersys.jdbc.CacheDriver" --query '"select * from '$1' where \$CONDITIONS"' --splitby TISS_ItmTab_Rowid
}

#tmp_stg() {
#    pyhiae submit -p "/data/projects-dev/acs/tiss_itensdatabela" -e prd
#}

#drop_tmp() {
#    beeline -u "jdbc:hive2://lpfbigdap01.einstein.br:10000/default;principal=hive/lpfbigdap01.einstein.br@DOMHIAE.EINSTEIN.BR" -e "drop table stg_sgh.tiss_itensdatabela_tmp"
#}

#full_sqoop $1 && tmp_stg && drop_tmp && echo "carga full finalizada com sucesso" || exit 1
full_sqoop $1]]></script>
        <scriptargs>Legado.TISS_ItensdaTabela</scriptargs>
      </command>
      <command>
        <description>Legado.TISS_TabelaProcedimento_Propria</description>
        <script><![CDATA[full_sqoop() {
    cd $SCRIPTS_DIR/ingestions/sqoop/
    echo "INICIANDO CARGA DA TABELA SGH Legado.TISS_Itens"
    sh sqoop_import.sh --env sgh_legado --sourcetable TISS_TabelaProcedimento_Propria --database stg_sgh --extraoptions "--driver com.intersys.jdbc.CacheDriver" --query '"select * from '$1' where \$CONDITIONS"' --splitby TISS_TabelaProcedimento_Propria
}

#tmp_stg() {
#    pyhiae submit -p "/data/projects-dev/acs/tiss_tabelaprocedimento_propria" -e prd
#}

#drop_tmp() {
#    beeline -u "jdbc:hive2://lpfbigdap01.einstein.br:10000/default;principal=hive/lpfbigdap01.einstein.br@DOMHIAE.EINSTEIN.BR" -e "drop table stg_sgh.tiss_tabelaprocedimento_propria_tmp"
#}

#full_sqoop $1 && tmp_stg && drop_tmp && echo "carga full finalizada com sucesso" || exit 1
full_sqoop $1]]></script>
        <scriptargs>Legado.TISS_TabelaProcedimento_Propria</scriptargs>
      </command>
    </sequence>
    <uuid>f867f94b-198c-4a64-beef-08bdf93d5238</uuid>
  </job>
</joblist>