<joblist>
  <job>
    <defaultTab>nodes</defaultTab>
    <description>Ingest�o da Tabela CE_CODED_RESULT (Full)</description>
    <dispatch>
      <excludePrecedence>true</excludePrecedence>
      <keepgoing>false</keepgoing>
      <rankOrder>ascending</rankOrder>
      <successOnEmptyNodeFilter>false</successOnEmptyNodeFilter>
      <threadcount>1</threadcount>
    </dispatch>
    <executionEnabled>true</executionEnabled>
    <group>Nova STG_MILLENNIUM - Modularizado/Fluxo CE_CODED_RESULT</group>
    <id>f9324b8a-cb34-4f0b-b251-97a5a9756b0d</id>
    <loglevel>INFO</loglevel>
    <name>CE_CODED_RESULT</name>
    <nodeFilterEditable>false</nodeFilterEditable>
    <nodefilters>
      <filter>lpfbigdap02*</filter>
    </nodefilters>
    <nodesSelectedByDefault>true</nodesSelectedByDefault>
    <scheduleEnabled>true</scheduleEnabled>
    <sequence keepgoing='false' strategy='node-first'>
      <command>
        <description>CE_CODED_RESULT</description>
        <script><![CDATA[#cd $SCRIPTS_DIR/ingestions/
#sh ingestion.sh --env millennium --sourcetable $1

# echo "INGESTION_SQOOP_DIR: $INGESTION_SQOOP_DIR"
# cd $INGESTION_SQOOP_DIR
# echo "INICIANDO CARGA DA TABELA $1"
# sh sqoop_import.sh --env millennium --sourcetable $1 --query " \
# 'SELECT \
# v500.CCLSQL_UTC_RULE(VALID_UNTIL_DT_TM,210) AS VALID_UNTIL_DT_TM, \
# v500.CCLSQL_UTC_RULE(VALID_FROM_DT_TM,210) AS VALID_FROM_DT_TM, \
# UPDT_DT_TM, \
# GROUP_NBR, \
# NOMENCLATURE_ID, \
# UNIT_OF_MEASURE_CD, \
# EVENT_ID, \
# SEQUENCE_NBR, \
# RESULT_SET, \
# RESULT_CD, \
# UPDT_APPLCTX, \
# UPDT_ID, \
# UPDT_TASK, \
# UPDT_CNT, \
# PATHOLOGY_STR, \
# DESCRIPTOR, \
# PROC_CODE_STR, \
# ACR_CODE_STR \
# FROM CE_CODED_RESULT where \$CONDITIONS'" --splitby EVENT_ID --extraoptions "--map-column-java EVENT_ID=Long,VALID_UNTIL_DT_TM=String,VALID_FROM_DT_TM=String,NOMENCLATURE_ID=Long,UPDT_DT_TM=String,UPDT_ID=Long,UPDT_TASK=Long,UPDT_CNT=Long,UPDT_APPLCTX=Long,RESULT_CD=Long,UNIT_OF_MEASURE_CD=Long,SEQUENCE_NBR=Long,GROUP_NBR=Long,RESULT_SET=Long"
# #impala-shell -i lpfda05.domhiae.einstein.br:21000 -q "invalidate metadata stg_millennium.$1"

full_sqoop(){
echo "INICIANDO MUDANCA DE TZ DA FULL TABELA $1"
cd $INGESTION_SQOOP_DIR
echo "INICIANDO CARGA DA TABELA $1"
sh sqoop_import.sh --env millennium --sourcetable $1 --query " \
'SELECT \
VALID_UNTIL_DT_TM, \
VALID_FROM_DT_TM, \
UPDT_DT_TM, \
GROUP_NBR, \
NOMENCLATURE_ID, \
UNIT_OF_MEASURE_CD, \
EVENT_ID, \
SEQUENCE_NBR, \
RESULT_SET, \
RESULT_CD, \
UPDT_APPLCTX, \
UPDT_ID, \
UPDT_TASK, \
UPDT_CNT, \
PATHOLOGY_STR, \
DESCRIPTOR, \
PROC_CODE_STR, \
ACR_CODE_STR \
FROM CE_CODED_RESULT where \$CONDITIONS'" --splitby EVENT_ID --extraoptions "--map-column-java EVENT_ID=Long,VALID_UNTIL_DT_TM=String,VALID_FROM_DT_TM=String,NOMENCLATURE_ID=Long,UPDT_DT_TM=String,UPDT_ID=Long,UPDT_TASK=Long,UPDT_CNT=Long,UPDT_APPLCTX=Long,RESULT_CD=Long,UNIT_OF_MEASURE_CD=Long,SEQUENCE_NBR=Long,GROUP_NBR=Long,RESULT_SET=Long"
}
full_tz(){
cd /data/projects/stg_millennium/ce_coded_result/
sh pyspark_submit_fromUTCtoTZ_Full.sh $1-Full stg_millennium.$1 6 5 25g
}
delta_sqoop(){
echo "INGESTION_SQOOP_DIR: $INGESTION_SQOOP_DIR"
cd $INGESTION_SQOOP_DIR
echo "INICIANDO CARGA DELTA DA TABELA $1"
sh sqoop_import.sh --env millennium --sourcetable $1 --dias 1 --mode DELTA --splitby EVENT_ID,SEQUENCE_NBR,VALID_UNTIL_DT_TM  --updtcol UPDT_DT_TM --cols "VALID_UNTIL_DT_TM, \
VALID_FROM_DT_TM, \
UPDT_DT_TM, \
GROUP_NBR, \
NOMENCLATURE_ID, \
UNIT_OF_MEASURE_CD, \
EVENT_ID, \
SEQUENCE_NBR, \
RESULT_SET, \
RESULT_CD, \
UPDT_APPLCTX, \
UPDT_ID, \
UPDT_TASK, \
UPDT_CNT, \
PATHOLOGY_STR, \
DESCRIPTOR, \
PROC_CODE_STR, \
ACR_CODE_STR"  --extraoptions "--map-column-java EVENT_ID=Long,VALID_UNTIL_DT_TM=String,VALID_FROM_DT_TM=String,NOMENCLATURE_ID=Long,UPDT_DT_TM=String,UPDT_ID=Long,UPDT_TASK=Long,UPDT_CNT=Long,UPDT_APPLCTX=Long,RESULT_CD=Long,UNIT_OF_MEASURE_CD=Long,SEQUENCE_NBR=Long,GROUP_NBR=Long,RESULT_SET=Long"
}
delta_tz(){
cd /data/projects/stg_millennium/ce_coded_result/
sh pyspark_submit_fromUTCtoTZ_delta.sh stage-$1-delta EVENT_ID,VALID_UNTIL_DT_TM,SEQUENCE_NBR UPDT_DT_TM stg_millennium.$1 4 2 30g
}
drop_tmp(){
hive -e "drop table stg_millennium.$1_tmp"
hive -e "drop table stg_millennium.$1_delta"
}
drop_table(){
    hive -e "drop table stg_millennium.$1"
}

drop_table $1 && full_sqoop $1 && full_tz $1 && drop_tmp $1 && echo "carga full finalizada com sucesso" || exit 1
#delta_sqoop $1 && delta_tz $1  && echo "carga delta finalizada com sucesso" || exit 1
]]></script>
        <scriptargs>CE_CODED_RESULT</scriptargs>
      </command>
    </sequence>
    <uuid>f9324b8a-cb34-4f0b-b251-97a5a9756b0d</uuid>
  </job>
</joblist>