<joblist>
  <job>
    <defaultTab>nodes</defaultTab>
    <description>Ingest�o da tabela PROBLEM</description>
    <dispatch>
      <excludePrecedence>true</excludePrecedence>
      <keepgoing>false</keepgoing>
      <rankOrder>ascending</rankOrder>
      <successOnEmptyNodeFilter>false</successOnEmptyNodeFilter>
      <threadcount>1</threadcount>
    </dispatch>
    <executionEnabled>true</executionEnabled>
    <group>Nova STG_MILLENNIUM - Modularizado/STAGE 06</group>
    <id>0693ba8d-892e-490a-bbe8-7fe03b4d0c18</id>
    <loglevel>INFO</loglevel>
    <name>006 - PROBLEM</name>
    <nodeFilterEditable>false</nodeFilterEditable>
    <nodefilters>
      <filter>lpfbigdap02*</filter>
    </nodefilters>
    <nodesSelectedByDefault>true</nodesSelectedByDefault>
    <scheduleEnabled>true</scheduleEnabled>
    <sequence keepgoing='false' strategy='node-first'>
      <command>
        <description>PROBLEM</description>
        <script><![CDATA[cd $SCRIPTS_DIR/ingestions/
sh ingestion.sh --env millennium --sourcetable $1

# # echo "INGESTION_SQOOP_DIR: $INGESTION_SQOOP_DIR"
# # cd $INGESTION_SQOOP_DIR
# # echo "INICIANDO CARGA DA TABELA PROBLEM"
# # sh sqoop_import.sh --env millennium --sourcetable PROBLEM --query " \
# # 'SELECT \
# # v500.CCLSQL_UTC_RULE(ESTIMATED_RESOLUTION_DT_TM,210) AS ESTIMATED_RESOLUTION_DT_TM, \
# # v500.CCLSQL_UTC_RULE(LIFE_CYCLE_DT_TM,210) AS LIFE_CYCLE_DT_TM, \
# # v500.CCLSQL_UTC_RULE(ACTUAL_RESOLUTION_DT_TM,210) AS ACTUAL_RESOLUTION_DT_TM, \
# # v500.CCLSQL_UTC_RULE(ACTIVE_STATUS_DT_TM,210) AS ACTIVE_STATUS_DT_TM, \
# # v500.CCLSQL_UTC_RULE(ONSET_DT_TM,210) AS ONSET_DT_TM, \
# # v500.CCLSQL_UTC_RULE(STATUS_UPDT_DT_TM,210) AS STATUS_UPDT_DT_TM, \
# # v500.CCLSQL_UTC_RULE(END_EFFECTIVE_DT_TM,210) AS END_EFFECTIVE_DT_TM, \
# # v500.CCLSQL_UTC_RULE(DATA_STATUS_DT_TM,210) AS DATA_STATUS_DT_TM, \
# # UPDT_DT_TM, \
# # v500.CCLSQL_UTC_RULE(BEG_EFFECTIVE_DT_TM,210) AS BEG_EFFECTIVE_DT_TM, \
# # PROBABILITY, \
# # UPDT_TASK, \
# # COURSE_CD, \
# # CANCEL_REASON_CD, \
# # ONSET_DT_FLAG, \
# # STATUS_UPDT_PRECISION_CD, \
# # STATUS_UPDT_FLAG, \
# # QUALIFIER_CD, \
# # SEVERITY_CLASS_CD, \
# # LIFE_CYCLE_TZ, \
# # DEL_IND, \
# # COND_TYPE_FLAG, \
# # LIFE_CYCLE_DT_CD, \
# # LIFE_CYCLE_DT_FLAG, \
# # ORGANIZATION_ID, \
# # PROBLEM_TYPE_FLAG, \
# # SHOW_IN_PM_HISTORY_IND, \
# # LATERALITY_CD, \
# # ORIGINATING_NOMENCLATURE_ID, \
# # PROBLEM_INSTANCE_ID, \
# # PROBLEM_ID, \
# # NOMENCLATURE_ID, \
# # PERSON_ID, \
# # UPDT_ID, \
# # UPDT_CNT, \
# # UPDT_APPLCTX, \
# # DATA_STATUS_PRSNL_ID, \
# # DATA_STATUS_CD, \
# # CONTRIBUTOR_SYSTEM_CD, \
# # ACTIVE_STATUS_PRSNL_ID, \
# # ACTIVE_STATUS_CD, \
# # ACTIVE_IND, \
# # BEG_EFFECTIVE_TZ, \
# # FAMILY_AWARE_CD, \
# # SENSITIVITY, \
# # ONSET_TZ, \
# # SEVERITY_CD, \
# # PERSON_AWARE_PROGNOSIS_CD, \
# # PROGNOSIS_CD, \
# # CLASSIFICATION_CD, \
# # PERSISTENCE_CD, \
# # CONFIRMATION_STATUS_CD, \
# # LIFE_CYCLE_STATUS_CD, \
# # ONSET_DT_CD, \
# # RANKING_CD, \
# # CERTAINTY_CD, \
# # PERSON_AWARE_CD, \
# # ANNOTATED_DISPLAY, \
# # PROBLEM_INSTANCE_UUID, \
# # SEVERITY_FTDESC, \
# # PROBLEM_UUID, \
# # PROBLEM_FTDESC \
# # FROM PROBLEM where \$CONDITIONS'" --splitby PROBLEM_INSTANCE_ID --extraoptions "--map-column-java \
# # ESTIMATED_RESOLUTION_DT_TM=String,\
# # LIFE_CYCLE_DT_TM=String,\
# # ACTUAL_RESOLUTION_DT_TM=String,\
# # ACTIVE_STATUS_DT_TM=String,\
# # ONSET_DT_TM=String,\
# # STATUS_UPDT_DT_TM=String,\
# # END_EFFECTIVE_DT_TM=String,\
# # DATA_STATUS_DT_TM=String,\
# # UPDT_DT_TM=String,\
# # BEG_EFFECTIVE_DT_TM=String,\
# # PROBABILITY=String,\
# # UPDT_TASK=String,\
# # COURSE_CD=Long,\
# # CANCEL_REASON_CD=Long,\
# # ONSET_DT_FLAG=String,\
# # STATUS_UPDT_PRECISION_CD=Long,\
# # STATUS_UPDT_FLAG=String,\
# # QUALIFIER_CD=Long,\
# # SEVERITY_CLASS_CD=Long,\
# # LIFE_CYCLE_TZ=String,\
# # DEL_IND=Integer,\
# # COND_TYPE_FLAG=String,\
# # LIFE_CYCLE_DT_CD=Long,\
# # LIFE_CYCLE_DT_FLAG=String,\
# # ORGANIZATION_ID=Long,\
# # PROBLEM_TYPE_FLAG=String,\
# # SHOW_IN_PM_HISTORY_IND=Integer,\
# # LATERALITY_CD=Long,\
# # ORIGINATING_NOMENCLATURE_ID=Long,\
# # PROBLEM_INSTANCE_ID=Long,\
# # PROBLEM_ID=Long,\
# # NOMENCLATURE_ID=Long,\
# # PERSON_ID=Long,\
# # UPDT_ID=Long,\
# # UPDT_CNT=Long,\
# # UPDT_APPLCTX=Long,\
# # DATA_STATUS_PRSNL_ID=Long,\
# # DATA_STATUS_CD=Long,\
# # CONTRIBUTOR_SYSTEM_CD=Long,\
# # ACTIVE_STATUS_PRSNL_ID=Long,\
# # ACTIVE_STATUS_CD=Long,\
# # ACTIVE_IND=Integer,\
# # BEG_EFFECTIVE_TZ=String,\
# # FAMILY_AWARE_CD=Long,\
# # SENSITIVITY=String,\
# # ONSET_TZ=String,\
# # SEVERITY_CD=Long,\
# # PERSON_AWARE_PROGNOSIS_CD=Long,\
# # PROGNOSIS_CD=Long,\
# # CLASSIFICATION_CD=Long,\
# # PERSISTENCE_CD=Long,\
# # CONFIRMATION_STATUS_CD=Long,\
# # LIFE_CYCLE_STATUS_CD=Long,\
# # ONSET_DT_CD=Long,\
# # RANKING_CD=Long,\
# # CERTAINTY_CD=Long,\
# # PERSON_AWARE_CD=Long,\
# # ANNOTATED_DISPLAY=String,\
# # PROBLEM_INSTANCE_UUID=String,\
# # SEVERITY_FTDESC=String,\
# # PROBLEM_UUID=String,\
# # PROBLEM_FTDESC=String"


# # echo "INGESTION_SQOOP_DIR: $INGESTION_SQOOP_DIR"
# # cd $INGESTION_SQOOP_DIR
# # echo "INICIANDO CARGA DELTA DA TABELA $1"
# # sh sqoop_import.sh --env millennium --sourcetable $1 --dias 1 --mode DELTA --splitby PROBLEM_INSTANCE_ID  --updtcol UPDT_DT_TM --cols "ESTIMATED_RESOLUTION_DT_TM, \
# # LIFE_CYCLE_DT_TM, \
# # ACTUAL_RESOLUTION_DT_TM, \
# # ACTIVE_STATUS_DT_TM, \
# # ONSET_DT_TM, \
# # STATUS_UPDT_DT_TM, \
# # END_EFFECTIVE_DT_TM, \
# # DATA_STATUS_DT_TM, \
# # UPDT_DT_TM, \
# # BEG_EFFECTIVE_DT_TM, \
# # PROBABILITY, \
# # UPDT_TASK, \
# # COURSE_CD, \
# # CANCEL_REASON_CD, \
# # ONSET_DT_FLAG, \
# # STATUS_UPDT_PRECISION_CD, \
# # STATUS_UPDT_FLAG, \
# # QUALIFIER_CD, \
# # SEVERITY_CLASS_CD, \
# # LIFE_CYCLE_TZ, \
# # DEL_IND, \
# # COND_TYPE_FLAG, \
# # LIFE_CYCLE_DT_CD, \
# # LIFE_CYCLE_DT_FLAG, \
# # ORGANIZATION_ID, \
# # PROBLEM_TYPE_FLAG, \
# # SHOW_IN_PM_HISTORY_IND, \
# # LATERALITY_CD, \
# # ORIGINATING_NOMENCLATURE_ID, \
# # PROBLEM_INSTANCE_ID, \
# # PROBLEM_ID, \
# # NOMENCLATURE_ID, \
# # PERSON_ID, \
# # UPDT_ID, \
# # UPDT_CNT, \
# # UPDT_APPLCTX, \
# # DATA_STATUS_PRSNL_ID, \
# # DATA_STATUS_CD, \
# # CONTRIBUTOR_SYSTEM_CD, \
# # ACTIVE_STATUS_PRSNL_ID, \
# # ACTIVE_STATUS_CD, \
# # ACTIVE_IND, \
# # BEG_EFFECTIVE_TZ, \
# # FAMILY_AWARE_CD, \
# # SENSITIVITY, \
# # ONSET_TZ, \
# # SEVERITY_CD, \
# # PERSON_AWARE_PROGNOSIS_CD, \
# # PROGNOSIS_CD, \
# # CLASSIFICATION_CD, \
# # PERSISTENCE_CD, \
# # CONFIRMATION_STATUS_CD, \
# # LIFE_CYCLE_STATUS_CD, \
# # ONSET_DT_CD, \
# # RANKING_CD, \
# # CERTAINTY_CD, \
# # PERSON_AWARE_CD, \
# # ANNOTATED_DISPLAY, \
# # PROBLEM_INSTANCE_UUID, \
# # SEVERITY_FTDESC, \
# # PROBLEM_UUID, \
# # PROBLEM_FTDESC" --extraoptions "--map-column-java \
# # ESTIMATED_RESOLUTION_DT_TM=String,\
# # LIFE_CYCLE_DT_TM=String,\
# # ACTUAL_RESOLUTION_DT_TM=String,\
# # ACTIVE_STATUS_DT_TM=String,\
# # ONSET_DT_TM=String,\
# # STATUS_UPDT_DT_TM=String,\
# # END_EFFECTIVE_DT_TM=String,\
# # DATA_STATUS_DT_TM=String,\
# # UPDT_DT_TM=String,\
# # BEG_EFFECTIVE_DT_TM=String,\
# # PROBABILITY=String,\
# # UPDT_TASK=String,\
# # COURSE_CD=Long,\
# # CANCEL_REASON_CD=Long,\
# # ONSET_DT_FLAG=String,\
# # STATUS_UPDT_PRECISION_CD=Long,\
# # STATUS_UPDT_FLAG=String,\
# # QUALIFIER_CD=Long,\
# # SEVERITY_CLASS_CD=Long,\
# # LIFE_CYCLE_TZ=String,\
# # DEL_IND=Integer,\
# # COND_TYPE_FLAG=String,\
# # LIFE_CYCLE_DT_CD=Long,\
# # LIFE_CYCLE_DT_FLAG=String,\
# # ORGANIZATION_ID=Long,\
# # PROBLEM_TYPE_FLAG=String,\
# # SHOW_IN_PM_HISTORY_IND=Integer,\
# # LATERALITY_CD=Long,\
# # ORIGINATING_NOMENCLATURE_ID=Long,\
# # PROBLEM_INSTANCE_ID=Long,\
# # PROBLEM_ID=Long,\
# # NOMENCLATURE_ID=Long,\
# # PERSON_ID=Long,\
# # UPDT_ID=Long,\
# # UPDT_CNT=Long,\
# # UPDT_APPLCTX=Long,\
# # DATA_STATUS_PRSNL_ID=Long,\
# # DATA_STATUS_CD=Long,\
# # CONTRIBUTOR_SYSTEM_CD=Long,\
# # ACTIVE_STATUS_PRSNL_ID=Long,\
# # ACTIVE_STATUS_CD=Long,\
# # ACTIVE_IND=Integer,\
# # BEG_EFFECTIVE_TZ=String,\
# # FAMILY_AWARE_CD=Long,\
# # SENSITIVITY=String,\
# # ONSET_TZ=String,\
# # SEVERITY_CD=Long,\
# # PERSON_AWARE_PROGNOSIS_CD=Long,\
# # PROGNOSIS_CD=Long,\
# # CLASSIFICATION_CD=Long,\
# # PERSISTENCE_CD=Long,\
# # CONFIRMATION_STATUS_CD=Long,\
# # LIFE_CYCLE_STATUS_CD=Long,\
# # ONSET_DT_CD=Long,\
# # RANKING_CD=Long,\
# # CERTAINTY_CD=Long,\
# # PERSON_AWARE_CD=Long,\
# # ANNOTATED_DISPLAY=String,\
# # PROBLEM_INSTANCE_UUID=String,\
# # SEVERITY_FTDESC=String,\
# # PROBLEM_UUID=String,\
# # PROBLEM_FTDESC=String"
# # cd $SCRIPTS_DIR/work-hiae
# # sh pyspark_submit_fromUTCtoTZ_delta.sh stage-$1-delta PROBLEM_INSTANCE_ID UPDT_DT_TM stg_millennium.$1
# # hive -e "drop table stg_millennium.$1_tmp"
# # hive -e "drop table stg_millennium.$1_delta"

# full_sqoop(){
# echo "INGESTION_SQOOP_DIR: $INGESTION_SQOOP_DIR"
# cd $INGESTION_SQOOP_DIR
# echo "INICIANDO CARGA DA TABELA PROBLEM"
# sh sqoop_import.sh --env millennium --sourcetable PROBLEM --query " \
# 'SELECT \
# ESTIMATED_RESOLUTION_DT_TM, \
# LIFE_CYCLE_DT_TM, \
# ACTUAL_RESOLUTION_DT_TM, \
# ACTIVE_STATUS_DT_TM, \
# ONSET_DT_TM, \
# STATUS_UPDT_DT_TM, \
# END_EFFECTIVE_DT_TM, \
# DATA_STATUS_DT_TM, \
# UPDT_DT_TM, \
# BEG_EFFECTIVE_DT_TM, \
# PROBABILITY, \
# UPDT_TASK, \
# COURSE_CD, \
# CANCEL_REASON_CD, \
# ONSET_DT_FLAG, \
# STATUS_UPDT_PRECISION_CD, \
# STATUS_UPDT_FLAG, \
# QUALIFIER_CD, \
# SEVERITY_CLASS_CD, \
# LIFE_CYCLE_TZ, \
# DEL_IND, \
# COND_TYPE_FLAG, \
# LIFE_CYCLE_DT_CD, \
# LIFE_CYCLE_DT_FLAG, \
# ORGANIZATION_ID, \
# PROBLEM_TYPE_FLAG, \
# SHOW_IN_PM_HISTORY_IND, \
# LATERALITY_CD, \
# ORIGINATING_NOMENCLATURE_ID, \
# PROBLEM_INSTANCE_ID, \
# PROBLEM_ID, \
# NOMENCLATURE_ID, \
# PERSON_ID, \
# UPDT_ID, \
# UPDT_CNT, \
# UPDT_APPLCTX, \
# DATA_STATUS_PRSNL_ID, \
# DATA_STATUS_CD, \
# CONTRIBUTOR_SYSTEM_CD, \
# ACTIVE_STATUS_PRSNL_ID, \
# ACTIVE_STATUS_CD, \
# ACTIVE_IND, \
# BEG_EFFECTIVE_TZ, \
# FAMILY_AWARE_CD, \
# SENSITIVITY, \
# ONSET_TZ, \
# SEVERITY_CD, \
# PERSON_AWARE_PROGNOSIS_CD, \
# PROGNOSIS_CD, \
# CLASSIFICATION_CD, \
# PERSISTENCE_CD, \
# CONFIRMATION_STATUS_CD, \
# LIFE_CYCLE_STATUS_CD, \
# ONSET_DT_CD, \
# RANKING_CD, \
# CERTAINTY_CD, \
# PERSON_AWARE_CD, \
# ANNOTATED_DISPLAY, \
# PROBLEM_INSTANCE_UUID, \
# SEVERITY_FTDESC, \
# PROBLEM_UUID, \
# PROBLEM_FTDESC \
# FROM PROBLEM where \$CONDITIONS'" --splitby PROBLEM_INSTANCE_ID --extraoptions "--map-column-java \
# ESTIMATED_RESOLUTION_DT_TM=String,\
# LIFE_CYCLE_DT_TM=String,\
# ACTUAL_RESOLUTION_DT_TM=String,\
# ACTIVE_STATUS_DT_TM=String,\
# ONSET_DT_TM=String,\
# STATUS_UPDT_DT_TM=String,\
# END_EFFECTIVE_DT_TM=String,\
# DATA_STATUS_DT_TM=String,\
# UPDT_DT_TM=String,\
# BEG_EFFECTIVE_DT_TM=String,\
# PROBABILITY=String,\
# UPDT_TASK=String,\
# COURSE_CD=Long,\
# CANCEL_REASON_CD=Long,\
# ONSET_DT_FLAG=String,\
# STATUS_UPDT_PRECISION_CD=Long,\
# STATUS_UPDT_FLAG=String,\
# QUALIFIER_CD=Long,\
# SEVERITY_CLASS_CD=Long,\
# LIFE_CYCLE_TZ=String,\
# DEL_IND=Integer,\
# COND_TYPE_FLAG=String,\
# LIFE_CYCLE_DT_CD=Long,\
# LIFE_CYCLE_DT_FLAG=String,\
# ORGANIZATION_ID=Long,\
# PROBLEM_TYPE_FLAG=String,\
# SHOW_IN_PM_HISTORY_IND=Integer,\
# LATERALITY_CD=Long,\
# ORIGINATING_NOMENCLATURE_ID=Long,\
# PROBLEM_INSTANCE_ID=Long,\
# PROBLEM_ID=Long,\
# NOMENCLATURE_ID=Long,\
# PERSON_ID=Long,\
# UPDT_ID=Long,\
# UPDT_CNT=Long,\
# UPDT_APPLCTX=Long,\
# DATA_STATUS_PRSNL_ID=Long,\
# DATA_STATUS_CD=Long,\
# CONTRIBUTOR_SYSTEM_CD=Long,\
# ACTIVE_STATUS_PRSNL_ID=Long,\
# ACTIVE_STATUS_CD=Long,\
# ACTIVE_IND=Integer,\
# BEG_EFFECTIVE_TZ=String,\
# FAMILY_AWARE_CD=Long,\
# SENSITIVITY=String,\
# ONSET_TZ=String,\
# SEVERITY_CD=Long,\
# PERSON_AWARE_PROGNOSIS_CD=Long,\
# PROGNOSIS_CD=Long,\
# CLASSIFICATION_CD=Long,\
# PERSISTENCE_CD=Long,\
# CONFIRMATION_STATUS_CD=Long,\
# LIFE_CYCLE_STATUS_CD=Long,\
# ONSET_DT_CD=Long,\
# RANKING_CD=Long,\
# CERTAINTY_CD=Long,\
# PERSON_AWARE_CD=Long,\
# ANNOTATED_DISPLAY=String,\
# PROBLEM_INSTANCE_UUID=String,\
# SEVERITY_FTDESC=String,\
# PROBLEM_UUID=String,\
# PROBLEM_FTDESC=String"
# }
# full_tz(){
# cd $SCRIPTS_DIR/work-hiae
# sh pyspark_submit_fromUTCtoTZ_Full.sh $1-Full stg_millennium.$1
# }
# delta_sqoop(){
# echo "INGESTION_SQOOP_DIR: $INGESTION_SQOOP_DIR"
# cd $INGESTION_SQOOP_DIR
# echo "INICIANDO CARGA DELTA DA TABELA $1"
# sh sqoop_import.sh --env millennium --sourcetable $1 --dias 1 --mode DELTA --splitby PROBLEM_INSTANCE_ID  --updtcol UPDT_DT_TM --cols "ESTIMATED_RESOLUTION_DT_TM, \
# LIFE_CYCLE_DT_TM, \
# ACTUAL_RESOLUTION_DT_TM, \
# ACTIVE_STATUS_DT_TM, \
# ONSET_DT_TM, \
# STATUS_UPDT_DT_TM, \
# END_EFFECTIVE_DT_TM, \
# DATA_STATUS_DT_TM, \
# UPDT_DT_TM, \
# BEG_EFFECTIVE_DT_TM, \
# PROBABILITY, \
# UPDT_TASK, \
# COURSE_CD, \
# CANCEL_REASON_CD, \
# ONSET_DT_FLAG, \
# STATUS_UPDT_PRECISION_CD, \
# STATUS_UPDT_FLAG, \
# QUALIFIER_CD, \
# SEVERITY_CLASS_CD, \
# LIFE_CYCLE_TZ, \
# DEL_IND, \
# COND_TYPE_FLAG, \
# LIFE_CYCLE_DT_CD, \
# LIFE_CYCLE_DT_FLAG, \
# ORGANIZATION_ID, \
# PROBLEM_TYPE_FLAG, \
# SHOW_IN_PM_HISTORY_IND, \
# LATERALITY_CD, \
# ORIGINATING_NOMENCLATURE_ID, \
# PROBLEM_INSTANCE_ID, \
# PROBLEM_ID, \
# NOMENCLATURE_ID, \
# PERSON_ID, \
# UPDT_ID, \
# UPDT_CNT, \
# UPDT_APPLCTX, \
# DATA_STATUS_PRSNL_ID, \
# DATA_STATUS_CD, \
# CONTRIBUTOR_SYSTEM_CD, \
# ACTIVE_STATUS_PRSNL_ID, \
# ACTIVE_STATUS_CD, \
# ACTIVE_IND, \
# BEG_EFFECTIVE_TZ, \
# FAMILY_AWARE_CD, \
# SENSITIVITY, \
# ONSET_TZ, \
# SEVERITY_CD, \
# PERSON_AWARE_PROGNOSIS_CD, \
# PROGNOSIS_CD, \
# CLASSIFICATION_CD, \
# PERSISTENCE_CD, \
# CONFIRMATION_STATUS_CD, \
# LIFE_CYCLE_STATUS_CD, \
# ONSET_DT_CD, \
# RANKING_CD, \
# CERTAINTY_CD, \
# PERSON_AWARE_CD, \
# ANNOTATED_DISPLAY, \
# PROBLEM_INSTANCE_UUID, \
# SEVERITY_FTDESC, \
# PROBLEM_UUID, \
# PROBLEM_FTDESC" --extraoptions "--map-column-java \
# ESTIMATED_RESOLUTION_DT_TM=String,\
# LIFE_CYCLE_DT_TM=String,\
# ACTUAL_RESOLUTION_DT_TM=String,\
# ACTIVE_STATUS_DT_TM=String,\
# ONSET_DT_TM=String,\
# STATUS_UPDT_DT_TM=String,\
# END_EFFECTIVE_DT_TM=String,\
# DATA_STATUS_DT_TM=String,\
# UPDT_DT_TM=String,\
# BEG_EFFECTIVE_DT_TM=String,\
# PROBABILITY=String,\
# UPDT_TASK=String,\
# COURSE_CD=Long,\
# CANCEL_REASON_CD=Long,\
# ONSET_DT_FLAG=String,\
# STATUS_UPDT_PRECISION_CD=Long,\
# STATUS_UPDT_FLAG=String,\
# QUALIFIER_CD=Long,\
# SEVERITY_CLASS_CD=Long,\
# LIFE_CYCLE_TZ=String,\
# DEL_IND=Integer,\
# COND_TYPE_FLAG=String,\
# LIFE_CYCLE_DT_CD=Long,\
# LIFE_CYCLE_DT_FLAG=String,\
# ORGANIZATION_ID=Long,\
# PROBLEM_TYPE_FLAG=String,\
# SHOW_IN_PM_HISTORY_IND=Integer,\
# LATERALITY_CD=Long,\
# ORIGINATING_NOMENCLATURE_ID=Long,\
# PROBLEM_INSTANCE_ID=Long,\
# PROBLEM_ID=Long,\
# NOMENCLATURE_ID=Long,\
# PERSON_ID=Long,\
# UPDT_ID=Long,\
# UPDT_CNT=Long,\
# UPDT_APPLCTX=Long,\
# DATA_STATUS_PRSNL_ID=Long,\
# DATA_STATUS_CD=Long,\
# CONTRIBUTOR_SYSTEM_CD=Long,\
# ACTIVE_STATUS_PRSNL_ID=Long,\
# ACTIVE_STATUS_CD=Long,\
# ACTIVE_IND=Integer,\
# BEG_EFFECTIVE_TZ=String,\
# FAMILY_AWARE_CD=Long,\
# SENSITIVITY=String,\
# ONSET_TZ=String,\
# SEVERITY_CD=Long,\
# PERSON_AWARE_PROGNOSIS_CD=Long,\
# PROGNOSIS_CD=Long,\
# CLASSIFICATION_CD=Long,\
# PERSISTENCE_CD=Long,\
# CONFIRMATION_STATUS_CD=Long,\
# LIFE_CYCLE_STATUS_CD=Long,\
# ONSET_DT_CD=Long,\
# RANKING_CD=Long,\
# CERTAINTY_CD=Long,\
# PERSON_AWARE_CD=Long,\
# ANNOTATED_DISPLAY=String,\
# PROBLEM_INSTANCE_UUID=String,\
# SEVERITY_FTDESC=String,\
# PROBLEM_UUID=String,\
# PROBLEM_FTDESC=String"
# }
# delta_tz(){
# cd $SCRIPTS_DIR/work-hiae
# sh pyspark_submit_fromUTCtoTZ_delta.sh stage-$1-delta PROBLEM_INSTANCE_ID UPDT_DT_TM stg_millennium.$1
# }
# drop_tmp(){
# hive -e "drop table stg_millennium.$1_tmp"
# hive -e "drop table stg_millennium.$1_delta"
# }

# drop_table(){
#     hive -e "drop table stg_millennium.$1"
# }

# #drop_table $1 && full_sqoop $1 && full_tz $1 && drop_tmp $1 && echo "carga full finalizada com sucesso" || exit 1

# delta_sqoop $1 && delta_tz $1 && drop_tmp $1 && echo "carga delta finalizada com sucesso" || exit 1]]></script>
        <scriptargs>PROBLEM</scriptargs>
      </command>
    </sequence>
    <uuid>0693ba8d-892e-490a-bbe8-7fe03b4d0c18</uuid>
  </job>
</joblist>