<joblist>
  <job>
    <defaultTab>nodes</defaultTab>
    <description>Ingest�o da Tabela V500_EVENT_SET_EXPLODE</description>
    <dispatch>
      <excludePrecedence>true</excludePrecedence>
      <keepgoing>false</keepgoing>
      <rankOrder>ascending</rankOrder>
      <successOnEmptyNodeFilter>false</successOnEmptyNodeFilter>
      <threadcount>1</threadcount>
    </dispatch>
    <executionEnabled>true</executionEnabled>
    <group>Nova STG_MILLENNIUM - Modularizado/STAGE 06</group>
    <id>15d55e0c-99de-4396-9a97-58ec254c8110</id>
    <loglevel>INFO</loglevel>
    <name>002 - V500_EVENT_SET_EXPLODE</name>
    <nodeFilterEditable>false</nodeFilterEditable>
    <nodefilters>
      <filter>lpfbigdap02*</filter>
    </nodefilters>
    <nodesSelectedByDefault>true</nodesSelectedByDefault>
    <scheduleEnabled>true</scheduleEnabled>
    <sequence keepgoing='false' strategy='node-first'>
      <command>
        <description>V500_EVENT_SET_EXPLODE</description>
        <script><![CDATA[cd $SCRIPTS_DIR/ingestions/
sh ingestion.sh --env millennium --sourcetable $1

# # echo "INGESTION_SQOOP_DIR: $INGESTION_SQOOP_DIR"
# # cd $INGESTION_SQOOP_DIR
# # echo "INICIANDO CARGA DA TABELA $1"
# # hive -e "drop table stg_millennium.$1"
# # sh sqoop_import.sh --env millennium --sourcetable $1  --extraoptions "--map-column-java EVENT_CD=Long,EVENT_SET_CD=Long,EVENT_SET_STATUS_CD=Long,UPDT_DT_TM=String,UPDT_TASK=Long,UPDT_ID=Long,UPDT_CNT=Long,UPDT_APPLCTX=Long,DM2_MIG_SEQ_ID=Long,EVENT_SET_LEVEL=Integer  --map-column-hive EVENT_SET_LEVEL=TINYINT --split-by EVENT_CD"
# # #impala-shell -i lpfda05.domhiae.einstein.br:21000 -q "invalidate metadata stg_millennium.$1"

# # echo "INICIANDO MUDANCA DE TZ DA FULL TABELA $1"
# # cd $SCRIPTS_DIR/work-hiae
# # sh pyspark_submit_fromUTCtoTZ_Full.sh $1-Full stg_millennium.$1
# # echo "INGESTION_SQOOP_DIR: $INGESTION_SQOOP_DIR"
# # cd $INGESTION_SQOOP_DIR
# # echo "INICIANDO CARGA DELTA DA TABELA $1"
# # sh sqoop_import.sh --env millennium --sourcetable $1 --mode DELTA --splitby EVENT_CD  --updtcol UPDT_DT_TM --cols "*" --extraoptions "--map-column-java EVENT_CD=Long,EVENT_SET_CD=Long,EVENT_SET_STATUS_CD=Long,UPDT_DT_TM=String,UPDT_TASK=Long,UPDT_ID=Long,UPDT_CNT=Long,UPDT_APPLCTX=Long,DM2_MIG_SEQ_ID=Long,EVENT_SET_LEVEL=Integer  --map-column-hive EVENT_SET_LEVEL=TINYINT --split-by EVENT_CD"
# # cd $SCRIPTS_DIR/work-hiae
# # sh pyspark_submit_fromUTCtoTZ_delta.sh stage-$1-delta EVENT_CD UPDT_DT_TM stg_millennium.$1
# # hive -e "drop table stg_millennium.$1_tmp"
# # hive -e "drop table stg_millennium.$1_delta"

# full_sqoop(){
# echo "INGESTION_SQOOP_DIR: $INGESTION_SQOOP_DIR"
# cd $INGESTION_SQOOP_DIR
# echo "INICIANDO CARGA DA TABELA $1"
# sh sqoop_import.sh --env millennium --sourcetable $1  --extraoptions "--map-column-java EVENT_CD=Long,EVENT_SET_CD=Long,EVENT_SET_STATUS_CD=Long,UPDT_DT_TM=String,UPDT_TASK=Long,UPDT_ID=Long,UPDT_CNT=Long,UPDT_APPLCTX=Long,DM2_MIG_SEQ_ID=Long,EVENT_SET_LEVEL=Integer  --map-column-hive EVENT_SET_LEVEL=TINYINT --split-by EVENT_CD"
# #impala-shell -i lpfda05.domhiae.einstein.br:21000 -q "invalidate metadata stg_millennium.$1"
# }
# full_tz(){
# echo "INICIANDO MUDANCA DE TZ DA FULL TABELA $1"
# cd $SCRIPTS_DIR/work-hiae
# sh pyspark_submit_fromUTCtoTZ_Full.sh $1-Full stg_millennium.$1
# }
# delta_sqoop(){
# echo "INGESTION_SQOOP_DIR: $INGESTION_SQOOP_DIR"
# cd $INGESTION_SQOOP_DIR
# echo "INICIANDO CARGA DELTA DA TABELA $1"
# sh sqoop_import.sh --env millennium --sourcetable $1 --mode DELTA --splitby EVENT_CD  --updtcol UPDT_DT_TM --cols "*" --extraoptions "--map-column-java EVENT_CD=Long,EVENT_SET_CD=Long,EVENT_SET_STATUS_CD=Long,UPDT_DT_TM=String,UPDT_TASK=Long,UPDT_ID=Long,UPDT_CNT=Long,UPDT_APPLCTX=Long,DM2_MIG_SEQ_ID=Long,EVENT_SET_LEVEL=Integer  --map-column-hive EVENT_SET_LEVEL=TINYINT --split-by EVENT_CD"
# }
# delta_tz(){
# cd $SCRIPTS_DIR/work-hiae
# sh pyspark_submit_fromUTCtoTZ_delta.sh stage-$1-delta EVENT_CD UPDT_DT_TM stg_millennium.$1
# }
# drop_tmp(){
# hive -e "drop table stg_millennium.$1_tmp"
# hive -e "drop table stg_millennium.$1_delta"
# }

# drop_table(){
#     hive -e "drop table stg_millennium.$1"
# }

# #drop_table $1 && full_sqoop $1 && full_tz $1 && drop_tmp $1 && echo "carga full finalizada com sucesso" || exit 1

# delta_sqoop $1 && delta_tz $1 && drop_tmp $1 && echo "carga delta finalizada com sucesso" || exit 1
]]></script>
        <scriptargs>V500_EVENT_SET_EXPLODE</scriptargs>
      </command>
    </sequence>
    <uuid>15d55e0c-99de-4396-9a97-58ec254c8110</uuid>
  </job>
</joblist>