<joblist>
  <job>
    <defaultTab>nodes</defaultTab>
    <description>Ingest�o da Tabela SCH_APPT_TYPE</description>
    <dispatch>
      <excludePrecedence>true</excludePrecedence>
      <keepgoing>false</keepgoing>
      <rankOrder>ascending</rankOrder>
      <successOnEmptyNodeFilter>false</successOnEmptyNodeFilter>
      <threadcount>1</threadcount>
    </dispatch>
    <executionEnabled>true</executionEnabled>
    <group>STG_MILLENNIUM - Modularizado/STAGE 01</group>
    <id>86b0ac08-3971-4a1f-aa91-a6d3b5fc92d6</id>
    <loglevel>INFO</loglevel>
    <name>006 - SCH_APPT_TYPE</name>
    <nodeFilterEditable>false</nodeFilterEditable>
    <nodefilters>
      <filter>lpfbigdap02*</filter>
    </nodefilters>
    <nodesSelectedByDefault>true</nodesSelectedByDefault>
    <scheduleEnabled>true</scheduleEnabled>
    <sequence keepgoing='false' strategy='node-first'>
      <command>
        <description>SCH_APPT_TYPE</description>
        <script><![CDATA[cd $SCRIPTS_DIR/ingestions/
#sh ingestion.sh --env millennium --sourcetable $1
sh ingestion-new.sh --env millennium --sourcetable $1 --all 1

# # echo "INGESTION_SQOOP_DIR: $INGESTION_SQOOP_DIR"
# # cd $INGESTION_SQOOP_DIR
# # echo "INICIANDO CARGA DA TABELA SCH_APPT_TYPE"
# # sh sqoop_import.sh --env millennium --sourcetable SCH_APPT_TYPE --query " \
# # 'SELECT \
# # v500.CCLSQL_UTC_RULE(BEG_EFFECTIVE_DT_TM,210) AS BEG_EFFECTIVE_DT_TM, \
# # VERSION_DT_TM, \
# # NULL_DT_TM, \
# # UPDT_DT_TM, \
# # v500.CCLSQL_UTC_RULE(END_EFFECTIVE_DT_TM,210) AS END_EFFECTIVE_DT_TM, \
# # v500.CCLSQL_UTC_RULE(ACTIVE_STATUS_DT_TM,210) AS ACTIVE_STATUS_DT_TM, \
# # CANDIDATE_ID, \
# # INFO_SCH_TEXT_ID, \
# # OE_FORMAT_ID, \
# # APPT_TYPE_CD, \
# # GRP_PROMPT_CD, \
# # PRIORITY_SEQ, \
# # GRP_RESOURCE_CD, \
# # RECUR_CD, \
# # PERSON_ACCEPT_CD, \
# # APPT_TYPE_FLAG, \
# # ACTIVE_IND, \
# # ACTIVE_STATUS_CD, \
# # ACTIVE_STATUS_PRSNL_ID, \
# # UPDT_APPLCTX, \
# # UPDT_ID, \
# # UPDT_CNT, \
# # UPDT_TASK, \
# # GRP_PROMPT_MEANING, \
# # RECUR_MEANING, \
# # PERSON_ACCEPT_MEANING, \
# # DESCRIPTION \
# # FROM SCH_APPT_TYPE where \$CONDITIONS'" --splitby APPT_TYPE_CD --extraoptions "--map-column-java \
# # BEG_EFFECTIVE_DT_TM=String,\
# # VERSION_DT_TM=String,\
# # NULL_DT_TM=String,\
# # UPDT_DT_TM=String,\
# # END_EFFECTIVE_DT_TM=String,\
# # ACTIVE_STATUS_DT_TM=String,\
# # CANDIDATE_ID=Long,\
# # INFO_SCH_TEXT_ID=Long,\
# # OE_FORMAT_ID=Long,\
# # APPT_TYPE_CD=Long,\
# # GRP_PROMPT_CD=Long,\
# # PRIORITY_SEQ=Integer,\
# # GRP_RESOURCE_CD=Long,\
# # RECUR_CD=Long,\
# # PERSON_ACCEPT_CD=Long,\
# # APPT_TYPE_FLAG=String,\
# # ACTIVE_IND=Integer,\
# # ACTIVE_STATUS_CD=Long,\
# # ACTIVE_STATUS_PRSNL_ID=Long,\
# # UPDT_APPLCTX=Long,\
# # UPDT_ID=Long,\
# # UPDT_CNT=Long,\
# # UPDT_TASK=String,\
# # GRP_PROMPT_MEANING=String,\
# # RECUR_MEANING=String,\
# # PERSON_ACCEPT_MEANING=String,\
# # DESCRIPTION=String"


# # echo "INGESTION_SQOOP_DIR: $INGESTION_SQOOP_DIR"
# # cd $INGESTION_SQOOP_DIR
# # echo "INICIANDO CARGA DELTA DA TABELA $1"
# # sh sqoop_import.sh --env millennium --sourcetable $1 --dias 1 --mode DELTA --splitby APPT_TYPE_CD  --updtcol UPDT_DT_TM --cols "BEG_EFFECTIVE_DT_TM, \
# # VERSION_DT_TM, \
# # NULL_DT_TM, \
# # UPDT_DT_TM, \
# # END_EFFECTIVE_DT_TM, \
# # ACTIVE_STATUS_DT_TM, \
# # CANDIDATE_ID, \
# # INFO_SCH_TEXT_ID, \
# # OE_FORMAT_ID, \
# # APPT_TYPE_CD, \
# # GRP_PROMPT_CD, \
# # PRIORITY_SEQ, \
# # GRP_RESOURCE_CD, \
# # RECUR_CD, \
# # PERSON_ACCEPT_CD, \
# # APPT_TYPE_FLAG, \
# # ACTIVE_IND, \
# # ACTIVE_STATUS_CD, \
# # ACTIVE_STATUS_PRSNL_ID, \
# # UPDT_APPLCTX, \
# # UPDT_ID, \
# # UPDT_CNT, \
# # UPDT_TASK, \
# # GRP_PROMPT_MEANING, \
# # RECUR_MEANING, \
# # PERSON_ACCEPT_MEANING, \
# # DESCRIPTION" --extraoptions "--map-column-java \
# # BEG_EFFECTIVE_DT_TM=String,\
# # VERSION_DT_TM=String,\
# # NULL_DT_TM=String,\
# # UPDT_DT_TM=String,\
# # END_EFFECTIVE_DT_TM=String,\
# # ACTIVE_STATUS_DT_TM=String,\
# # CANDIDATE_ID=Long,\
# # INFO_SCH_TEXT_ID=Long,\
# # OE_FORMAT_ID=Long,\
# # APPT_TYPE_CD=Long,\
# # GRP_PROMPT_CD=Long,\
# # PRIORITY_SEQ=Integer,\
# # GRP_RESOURCE_CD=Long,\
# # RECUR_CD=Long,\
# # PERSON_ACCEPT_CD=Long,\
# # APPT_TYPE_FLAG=String,\
# # ACTIVE_IND=Integer,\
# # ACTIVE_STATUS_CD=Long,\
# # ACTIVE_STATUS_PRSNL_ID=Long,\
# # UPDT_APPLCTX=Long,\
# # UPDT_ID=Long,\
# # UPDT_CNT=Long,\
# # UPDT_TASK=String,\
# # GRP_PROMPT_MEANING=String,\
# # RECUR_MEANING=String,\
# # PERSON_ACCEPT_MEANING=String,\
# # DESCRIPTION=String"

# # cd $SCRIPTS_DIR/work-hiae
# # sh pyspark_submit_fromUTCtoTZ_delta.sh stage-$1-delta APPT_TYPE_CD UPDT_DT_TM stg_millennium.$1
# # hive -e "drop table stg_millennium.$1_tmp"
# # hive -e "drop table stg_millennium.$1_delta"

# full_sqoop(){
# echo "INGESTION_SQOOP_DIR: $INGESTION_SQOOP_DIR"
# cd $INGESTION_SQOOP_DIR
# echo "INICIANDO CARGA DA TABELA SCH_APPT_TYPE"
# sh sqoop_import-m.sh --env millennium --sourcetable SCH_APPT_TYPE --query " \
# 'SELECT \
# BEG_EFFECTIVE_DT_TM, \
# VERSION_DT_TM, \
# NULL_DT_TM, \
# UPDT_DT_TM, \
# END_EFFECTIVE_DT_TM, \
# ACTIVE_STATUS_DT_TM, \
# CANDIDATE_ID, \
# INFO_SCH_TEXT_ID, \
# OE_FORMAT_ID, \
# APPT_TYPE_CD, \
# GRP_PROMPT_CD, \
# PRIORITY_SEQ, \
# GRP_RESOURCE_CD, \
# RECUR_CD, \
# PERSON_ACCEPT_CD, \
# APPT_TYPE_FLAG, \
# ACTIVE_IND, \
# ACTIVE_STATUS_CD, \
# ACTIVE_STATUS_PRSNL_ID, \
# UPDT_APPLCTX, \
# UPDT_ID, \
# UPDT_CNT, \
# UPDT_TASK, \
# GRP_PROMPT_MEANING, \
# RECUR_MEANING, \
# PERSON_ACCEPT_MEANING, \
# DESCRIPTION \
# FROM SCH_APPT_TYPE where \$CONDITIONS'" --splitby APPT_TYPE_CD --extraoptions "--map-column-java \
# BEG_EFFECTIVE_DT_TM=String,\
# VERSION_DT_TM=String,\
# NULL_DT_TM=String,\
# UPDT_DT_TM=String,\
# END_EFFECTIVE_DT_TM=String,\
# ACTIVE_STATUS_DT_TM=String,\
# CANDIDATE_ID=Long,\
# INFO_SCH_TEXT_ID=Long,\
# OE_FORMAT_ID=Long,\
# APPT_TYPE_CD=Long,\
# GRP_PROMPT_CD=Long,\
# PRIORITY_SEQ=Integer,\
# GRP_RESOURCE_CD=Long,\
# RECUR_CD=Long,\
# PERSON_ACCEPT_CD=Long,\
# APPT_TYPE_FLAG=String,\
# ACTIVE_IND=Integer,\
# ACTIVE_STATUS_CD=Long,\
# ACTIVE_STATUS_PRSNL_ID=Long,\
# UPDT_APPLCTX=Long,\
# UPDT_ID=Long,\
# UPDT_CNT=Long,\
# UPDT_TASK=String,\
# GRP_PROMPT_MEANING=String,\
# RECUR_MEANING=String,\
# PERSON_ACCEPT_MEANING=String,\
# DESCRIPTION=String"
# }
# full_tz(){
# echo "INICIANDO MUDANCA DE TZ DA FULL TABELA $1"
# cd /data/projects/stg_millennium/generic
# sh pyspark_submit_fromUTCtoTZ_Full.sh --name $1-Full --target_table stg_millennium.$1 --executors 1
# }
# delta_sqoop(){
# echo "INGESTION_SQOOP_DIR: $INGESTION_SQOOP_DIR"
# cd $INGESTION_SQOOP_DIR
# echo "INICIANDO CARGA DELTA DA TABELA $1"
# sh sqoop_import.sh --env millennium --sourcetable $1 --dias 1 --mode DELTA --splitby APPT_TYPE_CD  --updtcol UPDT_DT_TM --cols "BEG_EFFECTIVE_DT_TM, \
# VERSION_DT_TM, \
# NULL_DT_TM, \
# UPDT_DT_TM, \
# END_EFFECTIVE_DT_TM, \
# ACTIVE_STATUS_DT_TM, \
# CANDIDATE_ID, \
# INFO_SCH_TEXT_ID, \
# OE_FORMAT_ID, \
# APPT_TYPE_CD, \
# GRP_PROMPT_CD, \
# PRIORITY_SEQ, \
# GRP_RESOURCE_CD, \
# RECUR_CD, \
# PERSON_ACCEPT_CD, \
# APPT_TYPE_FLAG, \
# ACTIVE_IND, \
# ACTIVE_STATUS_CD, \
# ACTIVE_STATUS_PRSNL_ID, \
# UPDT_APPLCTX, \
# UPDT_ID, \
# UPDT_CNT, \
# UPDT_TASK, \
# GRP_PROMPT_MEANING, \
# RECUR_MEANING, \
# PERSON_ACCEPT_MEANING, \
# DESCRIPTION" --extraoptions "--map-column-java \
# BEG_EFFECTIVE_DT_TM=String,\
# VERSION_DT_TM=String,\
# NULL_DT_TM=String,\
# UPDT_DT_TM=String,\
# END_EFFECTIVE_DT_TM=String,\
# ACTIVE_STATUS_DT_TM=String,\
# CANDIDATE_ID=Long,\
# INFO_SCH_TEXT_ID=Long,\
# OE_FORMAT_ID=Long,\
# APPT_TYPE_CD=Long,\
# GRP_PROMPT_CD=Long,\
# PRIORITY_SEQ=Integer,\
# GRP_RESOURCE_CD=Long,\
# RECUR_CD=Long,\
# PERSON_ACCEPT_CD=Long,\
# APPT_TYPE_FLAG=String,\
# ACTIVE_IND=Integer,\
# ACTIVE_STATUS_CD=Long,\
# ACTIVE_STATUS_PRSNL_ID=Long,\
# UPDT_APPLCTX=Long,\
# UPDT_ID=Long,\
# UPDT_CNT=Long,\
# UPDT_TASK=String,\
# GRP_PROMPT_MEANING=String,\
# RECUR_MEANING=String,\
# PERSON_ACCEPT_MEANING=String,\
# DESCRIPTION=String"
# }
# delta_tz(){
# cd /data/projects/stg_millennium/generic
# sh pyspark_submit_fromUTCtoTZ_delta.sh --name stage-$1-delta --id_col APPT_TYPE_CD --updt_col UPDT_DT_TM --target_table stg_millennium.$1
# }
# drop_tmp(){
# hive -e "drop table stg_millennium.$1_tmp"
# hive -e "drop table stg_millennium.$1_delta"
# }

# drop_table(){
#     hive -e "drop table stg_millennium.$1"
# }

# #full_sqoop $1 && full_tz $1 && drop_tmp $1 && echo "carga full finalizada com sucesso" || exit 1

# #delta_sqoop $1 && delta_tz $1 && drop_tmp $1 && echo "carga delta finalizada com sucesso" || exit 1
]]></script>
        <scriptargs>SCH_APPT_TYPE</scriptargs>
      </command>
    </sequence>
    <uuid>86b0ac08-3971-4a1f-aa91-a6d3b5fc92d6</uuid>
  </job>
</joblist>