<joblist>
  <job>
    <defaultTab>nodes</defaultTab>
    <description>Ingest�o da Tabela ORDER_REVIEW</description>
    <dispatch>
      <excludePrecedence>true</excludePrecedence>
      <keepgoing>false</keepgoing>
      <rankOrder>ascending</rankOrder>
      <successOnEmptyNodeFilter>false</successOnEmptyNodeFilter>
      <threadcount>1</threadcount>
    </dispatch>
    <executionEnabled>true</executionEnabled>
    <group>STG_MILLENNIUM - Modularizado/STAGE 01</group>
    <id>a0554ff0-083d-4468-83bf-fd6c1ee1682d</id>
    <loglevel>INFO</loglevel>
    <name>007 - ORDER_REVIEW</name>
    <nodeFilterEditable>false</nodeFilterEditable>
    <nodefilters>
      <filter>lpfbigdap02*</filter>
    </nodefilters>
    <nodesSelectedByDefault>true</nodesSelectedByDefault>
    <scheduleEnabled>true</scheduleEnabled>
    <sequence keepgoing='false' strategy='node-first'>
      <command>
        <description>ORDER_REVIEW</description>
        <script><![CDATA[cd $SCRIPTS_DIR/ingestions/
#sh ingestion.sh --env millennium --sourcetable $1
sh ingestion-new.sh --env millennium --sourcetable $1 --all 1
# full_sqoop(){
# echo "INGESTION_SQOOP_DIR: $INGESTION_SQOOP_DIR"
# cd $INGESTION_SQOOP_DIR
# echo "INICIANDO CARGA DA TABELA $1"
# sh sqoop_import.sh --env millennium --sourcetable $1 --splitby ORDER_ID  --extraoptions "--map-column-java ORDER_ID=Long,REVIEW_TYPE_FLAG=Integer,REVIEW_REQD_IND=Integer,PROVIDER_ID=Long,LOCATION_CD=Long,DEPT_CD=Long,REVIEWED_STATUS_FLAG=Integer,REVIEW_PERSONNEL_ID=Long,REVIEW_DT_TM=String,PROXY_PERSONNEL_ID=Long,PROXY_REASON_CD=Long,UPDT_CNT=Long,UPDT_DT_TM=String,UPDT_ID=Long,UPDT_TASK=Long,UPDT_APPLCTX=Long,REJECT_REASON_CD=Long,REVIEW_TZ=Integer,ACTION_SEQUENCE=Integer,REVIEW_SEQUENCE=Integer,REVIEW_GRP_VALUE=Long"
# }
# full_tz()
# {
# echo "INICIANDO MUDANCA DE TZ DA FULL TABELA $1"
# cd $SCRIPTS_DIR/work-hiae
# sh pyspark_submit_fromUTCtoTZ_Full.sh $1-Full stg_millennium.$1 6 3 20g
# }

# delta_sqoop(){
# echo "INGESTION_SQOOP_DIR: $INGESTION_SQOOP_DIR"
# cd $INGESTION_SQOOP_DIR
# echo "INICIANDO CARGA DA TABELA $1"
# sh sqoop_import.sh --env millennium --mode DELTA --dias 1 --sourcetable $1 --splitby ORDER_ID --updtcol UPDT_DT_TM --cols "order_id, action_sequence, review_sequence, review_type_flag, review_reqd_ind, provider_id, location_cd, dept_cd, reviewed_status_flag, review_personnel_id, review_dt_tm, proxy_personnel_id, proxy_reason_cd, updt_cnt, updt_dt_tm, updt_id, updt_task, updt_applctx, reject_reason_cd, review_tz, digital_signature_ident, review_grp_value"  --extraoptions "--map-column-java ORDER_ID=Long,REVIEW_TYPE_FLAG=Integer,REVIEW_REQD_IND=Integer,PROVIDER_ID=Long,LOCATION_CD=Long,DEPT_CD=Long,REVIEWED_STATUS_FLAG=Integer,REVIEW_PERSONNEL_ID=Long,REVIEW_DT_TM=String,PROXY_PERSONNEL_ID=Long,PROXY_REASON_CD=Long,UPDT_CNT=Long,UPDT_DT_TM=String,UPDT_ID=Long,UPDT_TASK=Long,UPDT_APPLCTX=Long,REJECT_REASON_CD=Long,REVIEW_TZ=Integer,ACTION_SEQUENCE=Integer,REVIEW_SEQUENCE=Integer,REVIEW_GRP_VALUE=Long"
# }
# delta_tz(){
# cd $SCRIPTS_DIR/work-hiae
# sh pyspark_submit_fromUTCtoTZ_delta.sh stg-order_review-delta ORDER_ID UPDT_DT_TM stg_millennium.order_review 8 3 25g
# }
# drop_tmp()
# {
# hive -e "drop table stg_millennium.$1_tmp"
# hive -e "drop table stg_millennium.$1_delta"
# }
# drop_table(){
# hive -e "drop table stg_millennium.$1"  
# }


# #drop_table $1 && full_sqoop $1 && full_tz $1 && drop_tmp $1 && echo "carga full finalizada com sucesso" || exit 1
# #delta_sqoop $1 && delta_tz $1 && drop_tmp $1 && echo "carga delta finalizada com sucesso" || exit 1]]></script>
        <scriptargs>ORDER_REVIEW</scriptargs>
      </command>
    </sequence>
    <uuid>a0554ff0-083d-4468-83bf-fd6c1ee1682d</uuid>
  </job>
</joblist>