<joblist>
  <job>
    <defaultTab>nodes</defaultTab>
    <description>Ingest�o da Tabela ORDER_CATALOG</description>
    <dispatch>
      <excludePrecedence>true</excludePrecedence>
      <keepgoing>false</keepgoing>
      <rankOrder>ascending</rankOrder>
      <successOnEmptyNodeFilter>false</successOnEmptyNodeFilter>
      <threadcount>1</threadcount>
    </dispatch>
    <executionEnabled>true</executionEnabled>
    <group>STG_MILLENNIUM - Modularizado/STAGE 01</group>
    <id>b05cd047-a9f5-4cd5-a156-3ef8b14b134c</id>
    <loglevel>INFO</loglevel>
    <name>008 - ORDER_CATALOG</name>
    <nodeFilterEditable>false</nodeFilterEditable>
    <nodefilters>
      <filter>lpfbigdap02*</filter>
    </nodefilters>
    <nodesSelectedByDefault>true</nodesSelectedByDefault>
    <scheduleEnabled>true</scheduleEnabled>
    <sequence keepgoing='false' strategy='node-first'>
      <command>
        <description>ORDER_CATALOG</description>
        <script><![CDATA[cd $SCRIPTS_DIR/ingestions/
#sh ingestion.sh --env millennium --sourcetable $1
sh ingestion-new.sh --env millennium --sourcetable $1 --all 1

# # # echo "INGESTION_SQOOP_DIR: $INGESTION_SQOOP_DIR"
# # # cd $INGESTION_SQOOP_DIR
# # # echo "INICIANDO CARGA DA TABELA $1"
# # # sh sqoop_import.sh --env millennium --sourcetable $1 --extraoptions "--map-column-java CATALOG_CD=Long,REVIEW_HIERARCHY_ID=Long,ABN_REVIEW_IND=Integer,RESOURCE_ROUTE_CD=Long,ACTIVITY_TYPE_CD=Long,RESOURCE_ROUTE_LVL=Integer,CONSENT_FORM_IND=Integer,ACTIVE_IND=Integer,PROMPT_IND=Integer,CATALOG_TYPE_CD=Long,REQUISITION_FORMAT_CD=Long,REQUISITION_ROUTING_CD=Long,INST_RESTRICTION_IND=Integer,SCHEDULE_IND=Long,PRINT_REQ_IND=Integer,OE_FORMAT_ID=Long,ORDERABLE_TYPE_FLAG=Integer,QUICK_CHART_IND=Integer,COMPLETE_UPON_ORDER_IND=Integer,COMMENT_TEMPLATE_FLAG=Integer,PREP_INFO_FLAG=Integer,UPDT_DT_TM=String,UPDT_ID=Long,UPDT_TASK=Long,UPDT_CNT=Integer,UPDT_APPLCTX=Long,EVENT_CD=Long,ACTIVITY_SUBTYPE_CD=Long,DUP_CHECKING_IND=Integer,BILL_ONLY_IND=Integer,CONT_ORDER_METHOD_FLAG=Integer,DEPT_DUP_CHECK_IND=Integer,ORDER_REVIEW_IND=Integer,CONSENT_FORM_FORMAT_CD=Long,CONSENT_FORM_ROUTING_CD=Long,REF_TEXT_MASK=Long,CS_INDEX_CD=Long,ORD_COM_TEMPLATE_LONG_TEXT_ID=Long,MODIFIABLE_FLAG=Integer,DCP_CLIN_CAT_CD=Long,AUTO_CANCEL_IND=Integer,STOP_TYPE_CD=Long,STOP_DURATION=Integer,STOP_DURATION_UNIT_CD=Long,DC_DISPLAY_DAYS=Integer,DC_INTERACTION_DAYS=Integer,DISABLE_ORDER_COMMENT_IND=Integer,FORM_ID=Integer,FORM_LEVEL=Integer,IC_AUTO_VERIFY_FLAG=Integer,DISCERN_AUTO_VERIFY_FLAG=Integer,VETTING_APPROVAL_FLAG=Integer,OP_DC_DISPLAY_DAYS=Integer,OP_DC_INTERACTION_DAYS=Integer,DOSING_ACT_INGRED_CODE=Long,DOSING_ALL_INGRED_IND=Integer"
# # # #impala-shell -i lpfda05.domhiae.einstein.br:21000 -q "invalidate metadata stg_millennium.$1"

# # # echo "INICIANDO MUDANCA DE TZ DA FULL TABELA $1"
# # # cd $SCRIPTS_DIR/work-hiae
# # # sh pyspark_submit_fromUTCtoTZ_Full.sh $1-Full stg_millennium.$1
# # echo "INGESTION_SQOOP_DIR: $INGESTION_SQOOP_DIR"
# # cd $INGESTION_SQOOP_DIR
# # echo "INICIANDO CARGA DELTA DA TABELA $1"
# # sh sqoop_import.sh --env millennium --sourcetable $1 --dias 1 --mode DELTA --splitby CATALOG_CD  --updtcol UPDT_DT_TM --cols "*" --extraoptions "--map-column-java CATALOG_CD=Long,REVIEW_HIERARCHY_ID=Long,ABN_REVIEW_IND=Integer,RESOURCE_ROUTE_CD=Long,ACTIVITY_TYPE_CD=Long,RESOURCE_ROUTE_LVL=Integer,CONSENT_FORM_IND=Integer,ACTIVE_IND=Integer,PROMPT_IND=Integer,CATALOG_TYPE_CD=Long,REQUISITION_FORMAT_CD=Long,REQUISITION_ROUTING_CD=Long,INST_RESTRICTION_IND=Integer,SCHEDULE_IND=Long,PRINT_REQ_IND=Integer,OE_FORMAT_ID=Long,ORDERABLE_TYPE_FLAG=Integer,QUICK_CHART_IND=Integer,COMPLETE_UPON_ORDER_IND=Integer,COMMENT_TEMPLATE_FLAG=Integer,PREP_INFO_FLAG=Integer,UPDT_DT_TM=String,UPDT_ID=Long,UPDT_TASK=Long,UPDT_CNT=Integer,UPDT_APPLCTX=Long,EVENT_CD=Long,ACTIVITY_SUBTYPE_CD=Long,DUP_CHECKING_IND=Integer,BILL_ONLY_IND=Integer,CONT_ORDER_METHOD_FLAG=Integer,DEPT_DUP_CHECK_IND=Integer,ORDER_REVIEW_IND=Integer,CONSENT_FORM_FORMAT_CD=Long,CONSENT_FORM_ROUTING_CD=Long,REF_TEXT_MASK=Long,CS_INDEX_CD=Long,ORD_COM_TEMPLATE_LONG_TEXT_ID=Long,MODIFIABLE_FLAG=Integer,DCP_CLIN_CAT_CD=Long,AUTO_CANCEL_IND=Integer,STOP_TYPE_CD=Long,STOP_DURATION=Integer,STOP_DURATION_UNIT_CD=Long,DC_DISPLAY_DAYS=Integer,DC_INTERACTION_DAYS=Integer,DISABLE_ORDER_COMMENT_IND=Integer,FORM_ID=Integer,FORM_LEVEL=Integer,IC_AUTO_VERIFY_FLAG=Integer,DISCERN_AUTO_VERIFY_FLAG=Integer,VETTING_APPROVAL_FLAG=Integer,OP_DC_DISPLAY_DAYS=Integer,OP_DC_INTERACTION_DAYS=Integer,DOSING_ACT_INGRED_CODE=Long,DOSING_ALL_INGRED_IND=Integer"
# # cd $SCRIPTS_DIR/work-hiae
# # sh pyspark_submit_fromUTCtoTZ_delta.sh stage-$1-delta CATALOG_CD UPDT_DT_TM stg_millennium.$1
# # hive -e "drop table stg_millennium.$1_tmp"
# # hive -e "drop table stg_millennium.$1_delta"

# full_sqoop(){
# echo "INGESTION_SQOOP_DIR: $INGESTION_SQOOP_DIR"
# cd $INGESTION_SQOOP_DIR
# echo "INICIANDO CARGA DA TABELA $1"
# sh sqoop_import.sh --env millennium --sourcetable $1 --extraoptions "--map-column-java CATALOG_CD=Long,REVIEW_HIERARCHY_ID=Long,ABN_REVIEW_IND=Integer,RESOURCE_ROUTE_CD=Long,ACTIVITY_TYPE_CD=Long,RESOURCE_ROUTE_LVL=Integer,CONSENT_FORM_IND=Integer,ACTIVE_IND=Integer,PROMPT_IND=Integer,CATALOG_TYPE_CD=Long,REQUISITION_FORMAT_CD=Long,REQUISITION_ROUTING_CD=Long,INST_RESTRICTION_IND=Integer,SCHEDULE_IND=Long,PRINT_REQ_IND=Integer,OE_FORMAT_ID=Long,ORDERABLE_TYPE_FLAG=Integer,QUICK_CHART_IND=Integer,COMPLETE_UPON_ORDER_IND=Integer,COMMENT_TEMPLATE_FLAG=Integer,PREP_INFO_FLAG=Integer,UPDT_DT_TM=String,UPDT_ID=Long,UPDT_TASK=Long,UPDT_CNT=Integer,UPDT_APPLCTX=Long,EVENT_CD=Long,ACTIVITY_SUBTYPE_CD=Long,DUP_CHECKING_IND=Integer,BILL_ONLY_IND=Integer,CONT_ORDER_METHOD_FLAG=Integer,DEPT_DUP_CHECK_IND=Integer,ORDER_REVIEW_IND=Integer,CONSENT_FORM_FORMAT_CD=Long,CONSENT_FORM_ROUTING_CD=Long,REF_TEXT_MASK=Long,CS_INDEX_CD=Long,ORD_COM_TEMPLATE_LONG_TEXT_ID=Long,MODIFIABLE_FLAG=Integer,DCP_CLIN_CAT_CD=Long,AUTO_CANCEL_IND=Integer,STOP_TYPE_CD=Long,STOP_DURATION=Integer,STOP_DURATION_UNIT_CD=Long,DC_DISPLAY_DAYS=Integer,DC_INTERACTION_DAYS=Integer,DISABLE_ORDER_COMMENT_IND=Integer,FORM_ID=Integer,FORM_LEVEL=Integer,IC_AUTO_VERIFY_FLAG=Integer,DISCERN_AUTO_VERIFY_FLAG=Integer,VETTING_APPROVAL_FLAG=Integer,OP_DC_DISPLAY_DAYS=Integer,OP_DC_INTERACTION_DAYS=Integer,DOSING_ACT_INGRED_CODE=Long,DOSING_ALL_INGRED_IND=Integer"
# #impala-shell -i lpfda05.domhiae.einstein.br:21000 -q "invalidate metadata stg_millennium.$1"
# }
# full_tz(){
# echo "INICIANDO MUDANCA DE TZ DA FULL TABELA $1"
# cd $SCRIPTS_DIR/work-hiae
# sh pyspark_submit_fromUTCtoTZ_Full.sh $1-Full stg_millennium.$1
# }
# delta_sqoop(){
# echo "INGESTION_SQOOP_DIR: $INGESTION_SQOOP_DIR"
# cd $INGESTION_SQOOP_DIR
# echo "INICIANDO CARGA DELTA DA TABELA $1"
# sh sqoop_import.sh --env millennium --sourcetable $1 --dias 1 --mode DELTA --splitby CATALOG_CD  --updtcol UPDT_DT_TM --cols "*" --extraoptions "--map-column-java CATALOG_CD=Long,REVIEW_HIERARCHY_ID=Long,ABN_REVIEW_IND=Integer,RESOURCE_ROUTE_CD=Long,ACTIVITY_TYPE_CD=Long,RESOURCE_ROUTE_LVL=Integer,CONSENT_FORM_IND=Integer,ACTIVE_IND=Integer,PROMPT_IND=Integer,CATALOG_TYPE_CD=Long,REQUISITION_FORMAT_CD=Long,REQUISITION_ROUTING_CD=Long,INST_RESTRICTION_IND=Integer,SCHEDULE_IND=Long,PRINT_REQ_IND=Integer,OE_FORMAT_ID=Long,ORDERABLE_TYPE_FLAG=Integer,QUICK_CHART_IND=Integer,COMPLETE_UPON_ORDER_IND=Integer,COMMENT_TEMPLATE_FLAG=Integer,PREP_INFO_FLAG=Integer,UPDT_DT_TM=String,UPDT_ID=Long,UPDT_TASK=Long,UPDT_CNT=Integer,UPDT_APPLCTX=Long,EVENT_CD=Long,ACTIVITY_SUBTYPE_CD=Long,DUP_CHECKING_IND=Integer,BILL_ONLY_IND=Integer,CONT_ORDER_METHOD_FLAG=Integer,DEPT_DUP_CHECK_IND=Integer,ORDER_REVIEW_IND=Integer,CONSENT_FORM_FORMAT_CD=Long,CONSENT_FORM_ROUTING_CD=Long,REF_TEXT_MASK=Long,CS_INDEX_CD=Long,ORD_COM_TEMPLATE_LONG_TEXT_ID=Long,MODIFIABLE_FLAG=Integer,DCP_CLIN_CAT_CD=Long,AUTO_CANCEL_IND=Integer,STOP_TYPE_CD=Long,STOP_DURATION=Integer,STOP_DURATION_UNIT_CD=Long,DC_DISPLAY_DAYS=Integer,DC_INTERACTION_DAYS=Integer,DISABLE_ORDER_COMMENT_IND=Integer,FORM_ID=Integer,FORM_LEVEL=Integer,IC_AUTO_VERIFY_FLAG=Integer,DISCERN_AUTO_VERIFY_FLAG=Integer,VETTING_APPROVAL_FLAG=Integer,OP_DC_DISPLAY_DAYS=Integer,OP_DC_INTERACTION_DAYS=Integer,DOSING_ACT_INGRED_CODE=Long,DOSING_ALL_INGRED_IND=Integer"
# }
# delta_tz(){
# cd $SCRIPTS_DIR/work-hiae
# sh pyspark_submit_fromUTCtoTZ_delta.sh stage-$1-delta CATALOG_CD UPDT_DT_TM stg_millennium.$1
# }
# drop_tmp(){
# hive -e "drop table stg_millennium.$1_tmp"
# hive -e "drop table stg_millennium.$1_delta"
# }

# drop_table(){
#     hive -e "drop table stg_millennium.$1"
# }

# #drop_table $1 && full_sqoop $1 && full_tz $1 && drop_tmp $1 && echo "carga full finalizada com sucesso" || exit 1

# delta_sqoop $1 && delta_tz $1 && drop_tmp $1 && echo "carga delta finalizada com sucesso" || exit 1
]]></script>
        <scriptargs>ORDER_CATALOG</scriptargs>
      </command>
    </sequence>
    <uuid>b05cd047-a9f5-4cd5-a156-3ef8b14b134c</uuid>
  </job>
</joblist>