<joblist>
  <job>
    <defaultTab>nodes</defaultTab>
    <description>Ingest�o da Tabela ORDER_SERV_RES_CONTAINER</description>
    <dispatch>
      <excludePrecedence>true</excludePrecedence>
      <keepgoing>false</keepgoing>
      <rankOrder>ascending</rankOrder>
      <successOnEmptyNodeFilter>false</successOnEmptyNodeFilter>
      <threadcount>1</threadcount>
    </dispatch>
    <executionEnabled>true</executionEnabled>
    <group>STG_MILLENNIUM - Modularizado/STAGE 01</group>
    <id>bcabbff8-32fb-403c-b9cc-f4bb90b70f3b</id>
    <loglevel>INFO</loglevel>
    <name>009 - ORDER_SERV_RES_CONTAINER</name>
    <nodeFilterEditable>false</nodeFilterEditable>
    <nodefilters>
      <filter>lpfbigdap02*</filter>
    </nodefilters>
    <nodesSelectedByDefault>true</nodesSelectedByDefault>
    <scheduleEnabled>true</scheduleEnabled>
    <sequence keepgoing='false' strategy='node-first'>
      <command>
        <description>ORDER_SERV_RES_CONTAINER</description>
        <script><![CDATA[cd $SCRIPTS_DIR/ingestions/
#sh ingestion.sh --env millennium --sourcetable $1
sh ingestion-new.sh --env millennium --sourcetable $1 --all 1]]></script>
        <scriptargs>ORDER_SERV_RES_CONTAINER</scriptargs>
      </command>
    </sequence>
    <uuid>bcabbff8-32fb-403c-b9cc-f4bb90b70f3b</uuid>
  </job>
</joblist>