<joblist>
  <job>
    <defaultTab>nodes</defaultTab>
    <description>Ingest�o da Tabela ORDER_CATALOG_ITEM_R</description>
    <dispatch>
      <excludePrecedence>true</excludePrecedence>
      <keepgoing>false</keepgoing>
      <rankOrder>ascending</rankOrder>
      <successOnEmptyNodeFilter>false</successOnEmptyNodeFilter>
      <threadcount>1</threadcount>
    </dispatch>
    <executionEnabled>true</executionEnabled>
    <group>STG_MILLENNIUM - Modularizado/STAGE 01</group>
    <id>cd5f4cbb-1723-426e-bf3c-47528a68a74f</id>
    <loglevel>INFO</loglevel>
    <name>005 - ORDER_CATALOG_ITEM_R</name>
    <nodeFilterEditable>false</nodeFilterEditable>
    <nodefilters>
      <filter>lpfbigdap02*</filter>
    </nodefilters>
    <nodesSelectedByDefault>true</nodesSelectedByDefault>
    <scheduleEnabled>true</scheduleEnabled>
    <sequence keepgoing='false' strategy='node-first'>
      <command>
        <description>ORDER_CATALOG_ITEM_R</description>
        <script><![CDATA[cd $SCRIPTS_DIR/ingestions/
#sh ingestion.sh --env millennium --sourcetable $1
sh ingestion-new.sh --env millennium --sourcetable $1 --all 1

# # echo "INGESTION_SQOOP_DIR: $INGESTION_SQOOP_DIR"
# # cd $INGESTION_SQOOP_DIR
# # echo "INICIANDO CARGA FULL DA TABELA ORDER_CATALOG_ITEM_R"
# # hive -e "drop table stg_millennium.$1"
# # sh sqoop_import.sh --env millennium --sourcetable ORDER_CATALOG_ITEM_R --query " \
# # 'SELECT \
# # UPDT_DT_TM, \
# # UPDT_APPLCTX, \
# # UPDT_CNT, \
# # UPDT_TASK, \
# # UPDT_ID, \
# # SYNONYM_ID, \
# # CATALOG_CD, \
# # ITEM_ID \
# # FROM ORDER_CATALOG_ITEM_R where \$CONDITIONS'" --splitby CATALOG_CD --extraoptions "--map-column-java \
# # UPDT_DT_TM=String,\
# # UPDT_APPLCTX=Long,\
# # UPDT_CNT=Long,\
# # UPDT_TASK=String,\
# # UPDT_ID=Long,\
# # SYNONYM_ID=Long,\
# # CATALOG_CD=Long,\
# # ITEM_ID=Long"
# # echo "INICIANDO MUDANCA DE TZ DA FULL TABELA $1"
# # cd $SCRIPTS_DIR/work-hiae
# # sh pyspark_submit_fromUTCtoTZ_Full.sh $1-Full stg_millennium.$1


# # echo "INGESTION_SQOOP_DIR: $INGESTION_SQOOP_DIR"
# # cd $INGESTION_SQOOP_DIR
# # echo "INICIANDO CARGA DELTA DA TABELA $1"
# # sh sqoop_import.sh --env millennium --sourcetable $1 --dias 1 --mode DELTA --splitby CATALOG_CD  --updtcol UPDT_DT_TM --cols "UPDT_DT_TM, \
# # UPDT_APPLCTX, \
# # UPDT_CNT, \
# # UPDT_TASK, \
# # UPDT_ID, \
# # SYNONYM_ID, \
# # CATALOG_CD, \
# # ITEM_ID" --extraoptions "--map-column-java \
# # UPDT_DT_TM=String,\
# # UPDT_APPLCTX=Long,\
# # UPDT_CNT=Long,\
# # UPDT_TASK=String,\
# # UPDT_ID=Long,\
# # SYNONYM_ID=Long,\
# # CATALOG_CD=Long,\
# # ITEM_ID=Long"
# # cd $SCRIPTS_DIR/work-hiae
# # sh pyspark_submit_fromUTCtoTZ_delta.sh stage-$1-delta CATALOG_CD,ITEM_ID,SYNONYM_ID UPDT_DT_TM stg_millennium.$1
# # hive -e "drop table stg_millennium.$1_tmp"
# # hive -e "drop table stg_millennium.$1_delta"

# full_sqoop(){
# echo "INGESTION_SQOOP_DIR: $INGESTION_SQOOP_DIR"
# cd $INGESTION_SQOOP_DIR
# echo "INICIANDO CARGA FULL DA TABELA ORDER_CATALOG_ITEM_R"
# sh sqoop_import.sh --env millennium --sourcetable ORDER_CATALOG_ITEM_R --query " \
# 'SELECT \
# UPDT_DT_TM, \
# UPDT_APPLCTX, \
# UPDT_CNT, \
# UPDT_TASK, \
# UPDT_ID, \
# SYNONYM_ID, \
# CATALOG_CD, \
# ITEM_ID \
# FROM ORDER_CATALOG_ITEM_R where \$CONDITIONS'" --splitby CATALOG_CD --extraoptions "--map-column-java \
# UPDT_DT_TM=String,\
# UPDT_APPLCTX=Long,\
# UPDT_CNT=Long,\
# UPDT_TASK=String,\
# UPDT_ID=Long,\
# SYNONYM_ID=Long,\
# CATALOG_CD=Long,\
# ITEM_ID=Long"
# }
# full_tz(){
# echo "INICIANDO MUDANCA DE TZ DA FULL TABELA $1"
# cd $SCRIPTS_DIR/work-hiae
# sh pyspark_submit_fromUTCtoTZ_Full.sh $1-Full stg_millennium.$1
# }
# delta_sqoop(){
# echo "INGESTION_SQOOP_DIR: $INGESTION_SQOOP_DIR"
# cd $INGESTION_SQOOP_DIR
# echo "INICIANDO CARGA DELTA DA TABELA $1"
# sh sqoop_import.sh --env millennium --sourcetable $1 --dias 1 --mode DELTA --splitby CATALOG_CD  --updtcol UPDT_DT_TM --cols "UPDT_DT_TM, \
# UPDT_APPLCTX, \
# UPDT_CNT, \
# UPDT_TASK, \
# UPDT_ID, \
# SYNONYM_ID, \
# CATALOG_CD, \
# ITEM_ID" --extraoptions "--map-column-java \
# UPDT_DT_TM=String,\
# UPDT_APPLCTX=Long,\
# UPDT_CNT=Long,\
# UPDT_TASK=String,\
# UPDT_ID=Long,\
# SYNONYM_ID=Long,\
# CATALOG_CD=Long,\
# ITEM_ID=Long"
# }
# delta_tz(){
# cd $SCRIPTS_DIR/work-hiae
# sh pyspark_submit_fromUTCtoTZ_delta.sh stage-$1-delta CATALOG_CD,ITEM_ID,SYNONYM_ID UPDT_DT_TM stg_millennium.$1
# }
# drop_tmp(){
# hive -e "drop table stg_millennium.$1_tmp"
# hive -e "drop table stg_millennium.$1_delta"
# }

# drop_table(){
#     hive -e "drop table stg_millennium.$1"
# }

# #drop_table $1 && full_sqoop $1 && full_tz $1 && drop_tmp $1 && echo "carga full finalizada com sucesso" || exit 1

# #delta_sqoop $1 && delta_tz $1 && drop_tmp $1 && echo "carga delta finalizada com sucesso" || exit 1

]]></script>
        <scriptargs>ORDER_CATALOG_ITEM_R</scriptargs>
      </command>
    </sequence>
    <uuid>cd5f4cbb-1723-426e-bf3c-47528a68a74f</uuid>
  </job>
</joblist>