<joblist>
  <job>
    <defaultTab>nodes</defaultTab>
    <description>Ingest�o da Tabela MED_IDENTIFIER</description>
    <dispatch>
      <excludePrecedence>true</excludePrecedence>
      <keepgoing>false</keepgoing>
      <rankOrder>ascending</rankOrder>
      <successOnEmptyNodeFilter>false</successOnEmptyNodeFilter>
      <threadcount>1</threadcount>
    </dispatch>
    <executionEnabled>true</executionEnabled>
    <group>STG_MILLENNIUM - Modularizado/STAGE 01</group>
    <id>e18b94d9-e139-4e34-bd63-cba246617d87</id>
    <loglevel>INFO</loglevel>
    <name>004 - MED_IDENTIFIER</name>
    <nodeFilterEditable>false</nodeFilterEditable>
    <nodefilters>
      <filter>lpfbigdap02*</filter>
    </nodefilters>
    <nodesSelectedByDefault>true</nodesSelectedByDefault>
    <scheduleEnabled>true</scheduleEnabled>
    <sequence keepgoing='false' strategy='node-first'>
      <command>
        <description>MED_IDENTIFIER</description>
        <script><![CDATA[cd $SCRIPTS_DIR/ingestions/
#sh ingestion.sh --env millennium --sourcetable $1
sh ingestion-new.sh --env millennium --sourcetable $1 --all 1]]></script>
        <scriptargs>MED_IDENTIFIER</scriptargs>
      </command>
    </sequence>
    <uuid>e18b94d9-e139-4e34-bd63-cba246617d87</uuid>
  </job>
</joblist>