<joblist>
  <job>
    <defaultTab>nodes</defaultTab>
    <description>Ingest�o da tabela CE_CALCULATION_RESULT</description>
    <dispatch>
      <excludePrecedence>true</excludePrecedence>
      <keepgoing>false</keepgoing>
      <rankOrder>ascending</rankOrder>
      <successOnEmptyNodeFilter>false</successOnEmptyNodeFilter>
      <threadcount>1</threadcount>
    </dispatch>
    <executionEnabled>true</executionEnabled>
    <group>Nova STG_MILLENNIUM - Modularizado/STAGE 03</group>
    <id>67867e27-508e-4a5e-8368-a8e8bfd7d642</id>
    <loglevel>INFO</loglevel>
    <name>001 - CE_CALCULATION_RESULT</name>
    <nodeFilterEditable>false</nodeFilterEditable>
    <nodefilters>
      <filter>lpfbigdap02*</filter>
    </nodefilters>
    <nodesSelectedByDefault>true</nodesSelectedByDefault>
    <scheduleEnabled>true</scheduleEnabled>
    <sequence keepgoing='false' strategy='node-first'>
      <command>
        <description>CE_CALCULATION_RESULT</description>
        <script><![CDATA[cd $SCRIPTS_DIR/ingestions/
sh ingestion.sh --env millennium --sourcetable $1

# full_sqoop(){
# echo "INGESTION_SQOOP_DIR: $INGESTION_SQOOP_DIR"
# cd $INGESTION_SQOOP_DIR
# echo "INICIANDO CARGA DA TABELA $1"
# sh sqoop_import-m.sh --env millennium --sourcetable $1 --query "'select EVENT_ID,EQUATION,CALCULATION_RESULT,CALCULATION_RESULT_FRMT_CD,LAST_NORM_DT_TM,UNIT_OF_MEASURE_CD,VALID_UNTIL_DT_TM,VALID_FROM_DT_TM,UPDT_ID,v500.CCLSQL_UTC_RULE(UPDT_DT_TM,210) AS UPDT_DT_TM,UPDT_TASK,UPDT_APPLCTX,UPDT_CNT from $1 where \$CONDITIONS'" --splitby EVENT_ID --extraoptions "--map-column-java EVENT_ID=Long,CALCULATION_RESULT_FRMT_CD=Long,LAST_NORM_DT_TM=String,UNIT_OF_MEASURE_CD=Long,VALID_UNTIL_DT_TM=String,VALID_FROM_DT_TM=String,UPDT_ID=Long,UPDT_DT_TM=String,UPDT_TASK=Long,UPDT_APPLCTX=Long,UPDT_CNT=Long"
# #impala-shell -i lpfda05.domhiae.einstein.br:21000 -q "invalidate metadata stg_millennium.$1"
# }
# full_tz(){
# echo "INICIANDO MUDANCA DE TZ DA FULL TABELA $1"
# cd /data/projects/stg_millennium/generic
# sh pyspark_submit_fromUTCtoTZ_Full.sh --name $1-Full --target_table stg_millennium.$1
# }
# delta_sqoop(){
# echo "INGESTION_SQOOP_DIR: $INGESTION_SQOOP_DIR"
# cd $INGESTION_SQOOP_DIR
# echo "INICIANDO CARGA DELTA DA TABELA $1"
# sh sqoop_import.sh --env millennium --sourcetable $1 --dias 1 --mode DELTA --splitby EVENT_ID  --updtcol UPDT_DT_TM --cols "*" --extraoptions "--map-column-java EVENT_ID=Long,CALCULATION_RESULT_FRMT_CD=Long,LAST_NORM_DT_TM=String,UNIT_OF_MEASURE_CD=Long,VALID_UNTIL_DT_TM=String,VALID_FROM_DT_TM=String,UPDT_ID=Long,UPDT_DT_TM=String,UPDT_TASK=Long,UPDT_APPLCTX=Long,UPDT_CNT=Long"
# }
# delta_tz(){
# cd /data/projects/stg_millennium/generic
# sh pyspark_submit_fromUTCtoTZ_delta.sh stage-$1-delta EVENT_ID,VALID_UNTIL_DT_TM UPDT_DT_TM stg_millennium.$1
# }
# drop_tmp(){
# hive -e "drop table stg_millennium.$1_tmp"
# hive -e "drop table stg_millennium.$1_delta"
# }

# drop_table(){
#     hive -e "drop table stg_millennium.$1"
# }

# #full_sqoop $1 && full_tz $1 && drop_tmp $1 && echo "carga full finalizada com sucesso" || exit 1

# #delta_sqoop $1 && delta_tz $1 && drop_tmp $1 && echo "carga delta finalizada com sucesso" || exit 1

]]></script>
        <scriptargs>CE_CALCULATION_RESULT</scriptargs>
      </command>
    </sequence>
    <uuid>67867e27-508e-4a5e-8368-a8e8bfd7d642</uuid>
  </job>
</joblist>