<joblist>
  <job>
    <defaultTab>nodes</defaultTab>
    <description>Ingest�o da tabela SCH_EVENT</description>
    <dispatch>
      <excludePrecedence>true</excludePrecedence>
      <keepgoing>false</keepgoing>
      <rankOrder>ascending</rankOrder>
      <successOnEmptyNodeFilter>false</successOnEmptyNodeFilter>
      <threadcount>1</threadcount>
    </dispatch>
    <executionEnabled>true</executionEnabled>
    <group>Nova STG_MILLENNIUM - Modularizado/STAGE 03</group>
    <id>cd296c35-1fad-40ca-a859-ab84e802d98d</id>
    <loglevel>INFO</loglevel>
    <name>006 - SCH_EVENT</name>
    <nodeFilterEditable>false</nodeFilterEditable>
    <nodefilters>
      <filter>lpfbigdap02*</filter>
    </nodefilters>
    <nodesSelectedByDefault>true</nodesSelectedByDefault>
    <scheduleEnabled>true</scheduleEnabled>
    <sequence keepgoing='false' strategy='node-first'>
      <command>
        <description>SCH_EVENT</description>
        <script><![CDATA[cd $SCRIPTS_DIR/ingestions/
sh ingestion.sh --env millennium --sourcetable $1

# # echo "INGESTION_SQOOP_DIR: $INGESTION_SQOOP_DIR"
# # cd $INGESTION_SQOOP_DIR
# # echo "INICIANDO CARGA DA TABELA SCH_EVENT"
# # sh sqoop_import.sh --env millennium --sourcetable SCH_EVENT --query " \
# # 'SELECT \
# # v500.CCLSQL_UTC_RULE(GRP_BEG_DT_TM,210) AS GRP_BEG_DT_TM, \
# # v500.CCLSQL_UTC_RULE(GRP_END_DT_TM,210) AS GRP_END_DT_TM, \
# # REFER_DT_TM, \
# # VERSION_DT_TM, \
# # UPDT_DT_TM, \
# # v500.CCLSQL_UTC_RULE(BEG_EFFECTIVE_DT_TM,210) AS BEG_EFFECTIVE_DT_TM, \
# # v500.CCLSQL_UTC_RULE(END_EFFECTIVE_DT_TM,210) AS END_EFFECTIVE_DT_TM, \
# # v500.CCLSQL_UTC_RULE(ACTIVE_STATUS_DT_TM,210) AS ACTIVE_STATUS_DT_TM, \
# # NULL_DT_TM, \
# # UPDT_TASK, \
# # RECUR_TYPE_FLAG, \
# # RECUR_PARENT_ID, \
# # RECUR_TEMPLATE_ID, \
# # RECUR_SEQ_NBR, \
# # EVENT_RECUR_ID, \
# # PROTOCOL_TYPE_FLAG, \
# # ESO_SEND_IND, \
# # OFFSET_BEG_UNITS, \
# # OFFSET_BEG_UNITS_CD, \
# # OFFSET_END_UNITS, \
# # OFFSET_END_UNITS_CD, \
# # OFFSET_EVENT_ID, \
# # OFFSET_FROM_CD, \
# # OFFSET_TYPE_CD, \
# # PROTOCOL_PARENT_ID, \
# # PROTOCOL_SEQ_NBR, \
# # GRP_CAPACITY, \
# # GRP_NBR_SCHED, \
# # GRP_FLAG, \
# # GRP_CLOSED_IND, \
# # GRP_SHARED_IND, \
# # EVENT_CLASS_CD, \
# # SCH_EVENT_SEQ, \
# # REFER_PRINTED_IND, \
# # SCH_EVENT_ID, \
# # APPT_TYPE_CD, \
# # APPT_SYNONYM_CD, \
# # OE_FORMAT_ID, \
# # ORDER_SENTENCE_ID, \
# # SCHEDULE_SEQ, \
# # SCH_STATE_CD, \
# # CONTRIBUTOR_SYSTEM_CD, \
# # REQ_PRSNL_ID, \
# # CANDIDATE_ID, \
# # ACTIVE_IND, \
# # ACTIVE_STATUS_CD, \
# # ACTIVE_STATUS_PRSNL_ID, \
# # UPDT_APPLCTX, \
# # UPDT_ID, \
# # UPDT_CNT, \
# # APPT_SYNONYM_FREE, \
# # OFFSET_BEG_UNITS_MEANING, \
# # SCH_MEANING, \
# # OFFSET_END_UNITS_MEANING, \
# # OFFSET_FROM_MEANING, \
# # OFFSET_TYPE_MEANING, \
# # GRP_DESC, \
# # APPT_REASON_FREE \
# # FROM SCH_EVENT where \$CONDITIONS'" --splitby SCH_EVENT_ID --extraoptions "--map-column-java \
# # GRP_BEG_DT_TM=String,\
# # GRP_END_DT_TM=String,\
# # REFER_DT_TM=String,\
# # VERSION_DT_TM=String,\
# # UPDT_DT_TM=String,\
# # BEG_EFFECTIVE_DT_TM=String,\
# # END_EFFECTIVE_DT_TM=String,\
# # ACTIVE_STATUS_DT_TM=String,\
# # NULL_DT_TM=String,\
# # UPDT_TASK=String,\
# # RECUR_TYPE_FLAG=String,\
# # RECUR_PARENT_ID=Long,\
# # RECUR_TEMPLATE_ID=Long,\
# # RECUR_SEQ_NBR=Integer,\
# # EVENT_RECUR_ID=Long,\
# # PROTOCOL_TYPE_FLAG=String,\
# # ESO_SEND_IND=Integer,\
# # OFFSET_BEG_UNITS=String,\
# # OFFSET_BEG_UNITS_CD=Long,\
# # OFFSET_END_UNITS=String,\
# # OFFSET_END_UNITS_CD=Long,\
# # OFFSET_EVENT_ID=Long,\
# # OFFSET_FROM_CD=Long,\
# # OFFSET_TYPE_CD=Long,\
# # PROTOCOL_PARENT_ID=Long,\
# # PROTOCOL_SEQ_NBR=Integer,\
# # GRP_CAPACITY=String,\
# # GRP_NBR_SCHED=String,\
# # GRP_FLAG=String,\
# # GRP_CLOSED_IND=Integer,\
# # GRP_SHARED_IND=Integer,\
# # EVENT_CLASS_CD=Long,\
# # SCH_EVENT_SEQ=Integer,\
# # REFER_PRINTED_IND=Integer,\
# # SCH_EVENT_ID=Long,\
# # APPT_TYPE_CD=Long,\
# # APPT_SYNONYM_CD=Long,\
# # OE_FORMAT_ID=Long,\
# # ORDER_SENTENCE_ID=Long,\
# # SCHEDULE_SEQ=Integer,\
# # SCH_STATE_CD=Long,\
# # CONTRIBUTOR_SYSTEM_CD=Long,\
# # REQ_PRSNL_ID=Long,\
# # CANDIDATE_ID=Long,\
# # ACTIVE_IND=Integer,\
# # ACTIVE_STATUS_CD=Long,\
# # ACTIVE_STATUS_PRSNL_ID=Long,\
# # UPDT_APPLCTX=Long,\
# # UPDT_ID=Long,\
# # UPDT_CNT=Long,\
# # APPT_SYNONYM_FREE=String,\
# # OFFSET_BEG_UNITS_MEANING=String,\
# # SCH_MEANING=String,\
# # OFFSET_END_UNITS_MEANING=String,\
# # OFFSET_FROM_MEANING=String,\
# # OFFSET_TYPE_MEANING=String,\
# # GRP_DESC=String,\
# # APPT_REASON_FREE=String"

# #echo "INICIANDO MUDANCA DE TZ DA FULL TABELA $1"
# #cd $SCRIPTS_DIR/work-hiae
# #sh pyspark_submit_fromUTCtoTZ_Full.sh $1-Full stg_millennium.$1
# # echo "INGESTION_SQOOP_DIR: $INGESTION_SQOOP_DIR"
# # cd $INGESTION_SQOOP_DIR
# # echo "INICIANDO CARGA DA TABELA $1"
# # sh sqoop_import.sh --env millennium --sourcetable $1 --dias 1 --mode DELTA --splitby SCH_EVENT_ID  --updtcol UPDT_DT_TM --cols "GRP_BEG_DT_TM, \
# # GRP_END_DT_TM, \
# # REFER_DT_TM, \
# # VERSION_DT_TM, \
# # UPDT_DT_TM, \
# # BEG_EFFECTIVE_DT_TM, \
# # END_EFFECTIVE_DT_TM, \
# # ACTIVE_STATUS_DT_TM, \
# # NULL_DT_TM, \
# # UPDT_TASK, \
# # RECUR_TYPE_FLAG, \
# # RECUR_PARENT_ID, \
# # RECUR_TEMPLATE_ID, \
# # RECUR_SEQ_NBR, \
# # EVENT_RECUR_ID, \
# # PROTOCOL_TYPE_FLAG, \
# # ESO_SEND_IND, \
# # OFFSET_BEG_UNITS, \
# # OFFSET_BEG_UNITS_CD, \
# # OFFSET_END_UNITS, \
# # OFFSET_END_UNITS_CD, \
# # OFFSET_EVENT_ID, \
# # OFFSET_FROM_CD, \
# # OFFSET_TYPE_CD, \
# # PROTOCOL_PARENT_ID, \
# # PROTOCOL_SEQ_NBR, \
# # GRP_CAPACITY, \
# # GRP_NBR_SCHED, \
# # GRP_FLAG, \
# # GRP_CLOSED_IND, \
# # GRP_SHARED_IND, \
# # EVENT_CLASS_CD, \
# # SCH_EVENT_SEQ, \
# # REFER_PRINTED_IND, \
# # SCH_EVENT_ID, \
# # APPT_TYPE_CD, \
# # APPT_SYNONYM_CD, \
# # OE_FORMAT_ID, \
# # ORDER_SENTENCE_ID, \
# # SCHEDULE_SEQ, \
# # SCH_STATE_CD, \
# # CONTRIBUTOR_SYSTEM_CD, \
# # REQ_PRSNL_ID, \
# # CANDIDATE_ID, \
# # ACTIVE_IND, \
# # ACTIVE_STATUS_CD, \
# # ACTIVE_STATUS_PRSNL_ID, \
# # UPDT_APPLCTX, \
# # UPDT_ID, \
# # UPDT_CNT, \
# # APPT_SYNONYM_FREE, \
# # OFFSET_BEG_UNITS_MEANING, \
# # SCH_MEANING, \
# # OFFSET_END_UNITS_MEANING, \
# # OFFSET_FROM_MEANING, \
# # OFFSET_TYPE_MEANING, \
# # GRP_DESC, \
# # APPT_REASON_FREE" --extraoptions "--map-column-java \
# # GRP_BEG_DT_TM=String,\
# # GRP_END_DT_TM=String,\
# # REFER_DT_TM=String,\
# # VERSION_DT_TM=String,\
# # UPDT_DT_TM=String,\
# # BEG_EFFECTIVE_DT_TM=String,\
# # END_EFFECTIVE_DT_TM=String,\
# # ACTIVE_STATUS_DT_TM=String,\
# # NULL_DT_TM=String,\
# # UPDT_TASK=String,\
# # RECUR_TYPE_FLAG=String,\
# # RECUR_PARENT_ID=Long,\
# # RECUR_TEMPLATE_ID=Long,\
# # RECUR_SEQ_NBR=Integer,\
# # EVENT_RECUR_ID=Long,\
# # PROTOCOL_TYPE_FLAG=String,\
# # ESO_SEND_IND=Integer,\
# # OFFSET_BEG_UNITS=String,\
# # OFFSET_BEG_UNITS_CD=Long,\
# # OFFSET_END_UNITS=String,\
# # OFFSET_END_UNITS_CD=Long,\
# # OFFSET_EVENT_ID=Long,\
# # OFFSET_FROM_CD=Long,\
# # OFFSET_TYPE_CD=Long,\
# # PROTOCOL_PARENT_ID=Long,\
# # PROTOCOL_SEQ_NBR=Integer,\
# # GRP_CAPACITY=String,\
# # GRP_NBR_SCHED=String,\
# # GRP_FLAG=String,\
# # GRP_CLOSED_IND=Integer,\
# # GRP_SHARED_IND=Integer,\
# # EVENT_CLASS_CD=Long,\
# # SCH_EVENT_SEQ=Integer,\
# # REFER_PRINTED_IND=Integer,\
# # SCH_EVENT_ID=Long,\
# # APPT_TYPE_CD=Long,\
# # APPT_SYNONYM_CD=Long,\
# # OE_FORMAT_ID=Long,\
# # ORDER_SENTENCE_ID=Long,\
# # SCHEDULE_SEQ=Integer,\
# # SCH_STATE_CD=Long,\
# # CONTRIBUTOR_SYSTEM_CD=Long,\
# # REQ_PRSNL_ID=Long,\
# # CANDIDATE_ID=Long,\
# # ACTIVE_IND=Integer,\
# # ACTIVE_STATUS_CD=Long,\
# # ACTIVE_STATUS_PRSNL_ID=Long,\
# # UPDT_APPLCTX=Long,\
# # UPDT_ID=Long,\
# # UPDT_CNT=Long,\
# # APPT_SYNONYM_FREE=String,\
# # OFFSET_BEG_UNITS_MEANING=String,\
# # SCH_MEANING=String,\
# # OFFSET_END_UNITS_MEANING=String,\
# # OFFSET_FROM_MEANING=String,\
# # OFFSET_TYPE_MEANING=String,\
# # GRP_DESC=String,\
# # APPT_REASON_FREE=String"
# # cd $SCRIPTS_DIR/work-hiae
# # sh pyspark_submit_fromUTCtoTZ_delta.sh stage-$1-delta SCH_EVENT_ID UPDT_DT_TM stg_millennium.$1
# # hive -e "drop table stg_millennium.$1_tmp"
# # hive -e "drop table stg_millennium.$1_delta"

# full_sqoop(){
# echo "INGESTION_SQOOP_DIR: $INGESTION_SQOOP_DIR"
# cd $INGESTION_SQOOP_DIR
# echo "INICIANDO CARGA DA TABELA SCH_EVENT"
# sh sqoop_import.sh --env millennium --sourcetable SCH_EVENT --query " \
# 'SELECT \
# GRP_BEG_DT_TM, \
# GRP_END_DT_TM, \
# REFER_DT_TM, \
# VERSION_DT_TM, \
# UPDT_DT_TM, \
# BEG_EFFECTIVE_DT_TM, \
# END_EFFECTIVE_DT_TM, \
# ACTIVE_STATUS_DT_TM, \
# NULL_DT_TM, \
# UPDT_TASK, \
# RECUR_TYPE_FLAG, \
# RECUR_PARENT_ID, \
# RECUR_TEMPLATE_ID, \
# RECUR_SEQ_NBR, \
# EVENT_RECUR_ID, \
# PROTOCOL_TYPE_FLAG, \
# ESO_SEND_IND, \
# OFFSET_BEG_UNITS, \
# OFFSET_BEG_UNITS_CD, \
# OFFSET_END_UNITS, \
# OFFSET_END_UNITS_CD, \
# OFFSET_EVENT_ID, \
# OFFSET_FROM_CD, \
# OFFSET_TYPE_CD, \
# PROTOCOL_PARENT_ID, \
# PROTOCOL_SEQ_NBR, \
# GRP_CAPACITY, \
# GRP_NBR_SCHED, \
# GRP_FLAG, \
# GRP_CLOSED_IND, \
# GRP_SHARED_IND, \
# EVENT_CLASS_CD, \
# SCH_EVENT_SEQ, \
# REFER_PRINTED_IND, \
# SCH_EVENT_ID, \
# APPT_TYPE_CD, \
# APPT_SYNONYM_CD, \
# OE_FORMAT_ID, \
# ORDER_SENTENCE_ID, \
# SCHEDULE_SEQ, \
# SCH_STATE_CD, \
# CONTRIBUTOR_SYSTEM_CD, \
# REQ_PRSNL_ID, \
# CANDIDATE_ID, \
# ACTIVE_IND, \
# ACTIVE_STATUS_CD, \
# ACTIVE_STATUS_PRSNL_ID, \
# UPDT_APPLCTX, \
# UPDT_ID, \
# UPDT_CNT, \
# APPT_SYNONYM_FREE, \
# OFFSET_BEG_UNITS_MEANING, \
# SCH_MEANING, \
# OFFSET_END_UNITS_MEANING, \
# OFFSET_FROM_MEANING, \
# OFFSET_TYPE_MEANING, \
# GRP_DESC, \
# APPT_REASON_FREE \
# FROM SCH_EVENT where \$CONDITIONS'" --splitby SCH_EVENT_ID --extraoptions "--map-column-java \
# GRP_BEG_DT_TM=String,\
# GRP_END_DT_TM=String,\
# REFER_DT_TM=String,\
# VERSION_DT_TM=String,\
# UPDT_DT_TM=String,\
# BEG_EFFECTIVE_DT_TM=String,\
# END_EFFECTIVE_DT_TM=String,\
# ACTIVE_STATUS_DT_TM=String,\
# NULL_DT_TM=String,\
# UPDT_TASK=String,\
# RECUR_TYPE_FLAG=String,\
# RECUR_PARENT_ID=Long,\
# RECUR_TEMPLATE_ID=Long,\
# RECUR_SEQ_NBR=Integer,\
# EVENT_RECUR_ID=Long,\
# PROTOCOL_TYPE_FLAG=String,\
# ESO_SEND_IND=Integer,\
# OFFSET_BEG_UNITS=String,\
# OFFSET_BEG_UNITS_CD=Long,\
# OFFSET_END_UNITS=String,\
# OFFSET_END_UNITS_CD=Long,\
# OFFSET_EVENT_ID=Long,\
# OFFSET_FROM_CD=Long,\
# OFFSET_TYPE_CD=Long,\
# PROTOCOL_PARENT_ID=Long,\
# PROTOCOL_SEQ_NBR=Integer,\
# GRP_CAPACITY=String,\
# GRP_NBR_SCHED=String,\
# GRP_FLAG=String,\
# GRP_CLOSED_IND=Integer,\
# GRP_SHARED_IND=Integer,\
# EVENT_CLASS_CD=Long,\
# SCH_EVENT_SEQ=Integer,\
# REFER_PRINTED_IND=Integer,\
# SCH_EVENT_ID=Long,\
# APPT_TYPE_CD=Long,\
# APPT_SYNONYM_CD=Long,\
# OE_FORMAT_ID=Long,\
# ORDER_SENTENCE_ID=Long,\
# SCHEDULE_SEQ=Integer,\
# SCH_STATE_CD=Long,\
# CONTRIBUTOR_SYSTEM_CD=Long,\
# REQ_PRSNL_ID=Long,\
# CANDIDATE_ID=Long,\
# ACTIVE_IND=Integer,\
# ACTIVE_STATUS_CD=Long,\
# ACTIVE_STATUS_PRSNL_ID=Long,\
# UPDT_APPLCTX=Long,\
# UPDT_ID=Long,\
# UPDT_CNT=Long,\
# APPT_SYNONYM_FREE=String,\
# OFFSET_BEG_UNITS_MEANING=String,\
# SCH_MEANING=String,\
# OFFSET_END_UNITS_MEANING=String,\
# OFFSET_FROM_MEANING=String,\
# OFFSET_TYPE_MEANING=String,\
# GRP_DESC=String,\
# APPT_REASON_FREE=String"
# }
# full_tz(){
# echo "INICIANDO MUDANCA DE TZ DA FULL TABELA $1"
# cd $SCRIPTS_DIR/work-hiae
# sh pyspark_submit_fromUTCtoTZ_Full.sh $1-Full stg_millennium.$1
# }
# delta_sqoop(){
# echo "INGESTION_SQOOP_DIR: $INGESTION_SQOOP_DIR"
# cd $INGESTION_SQOOP_DIR
# echo "INICIANDO CARGA DA TABELA $1"
# sh sqoop_import.sh --env millennium --sourcetable $1 --dias 1 --mode DELTA --splitby SCH_EVENT_ID  --updtcol UPDT_DT_TM --cols "GRP_BEG_DT_TM, \
# GRP_END_DT_TM, \
# REFER_DT_TM, \
# VERSION_DT_TM, \
# UPDT_DT_TM, \
# BEG_EFFECTIVE_DT_TM, \
# END_EFFECTIVE_DT_TM, \
# ACTIVE_STATUS_DT_TM, \
# NULL_DT_TM, \
# UPDT_TASK, \
# RECUR_TYPE_FLAG, \
# RECUR_PARENT_ID, \
# RECUR_TEMPLATE_ID, \
# RECUR_SEQ_NBR, \
# EVENT_RECUR_ID, \
# PROTOCOL_TYPE_FLAG, \
# ESO_SEND_IND, \
# OFFSET_BEG_UNITS, \
# OFFSET_BEG_UNITS_CD, \
# OFFSET_END_UNITS, \
# OFFSET_END_UNITS_CD, \
# OFFSET_EVENT_ID, \
# OFFSET_FROM_CD, \
# OFFSET_TYPE_CD, \
# PROTOCOL_PARENT_ID, \
# PROTOCOL_SEQ_NBR, \
# GRP_CAPACITY, \
# GRP_NBR_SCHED, \
# GRP_FLAG, \
# GRP_CLOSED_IND, \
# GRP_SHARED_IND, \
# EVENT_CLASS_CD, \
# SCH_EVENT_SEQ, \
# REFER_PRINTED_IND, \
# SCH_EVENT_ID, \
# APPT_TYPE_CD, \
# APPT_SYNONYM_CD, \
# OE_FORMAT_ID, \
# ORDER_SENTENCE_ID, \
# SCHEDULE_SEQ, \
# SCH_STATE_CD, \
# CONTRIBUTOR_SYSTEM_CD, \
# REQ_PRSNL_ID, \
# CANDIDATE_ID, \
# ACTIVE_IND, \
# ACTIVE_STATUS_CD, \
# ACTIVE_STATUS_PRSNL_ID, \
# UPDT_APPLCTX, \
# UPDT_ID, \
# UPDT_CNT, \
# APPT_SYNONYM_FREE, \
# OFFSET_BEG_UNITS_MEANING, \
# SCH_MEANING, \
# OFFSET_END_UNITS_MEANING, \
# OFFSET_FROM_MEANING, \
# OFFSET_TYPE_MEANING, \
# GRP_DESC, \
# APPT_REASON_FREE" --extraoptions "--map-column-java \
# GRP_BEG_DT_TM=String,\
# GRP_END_DT_TM=String,\
# REFER_DT_TM=String,\
# VERSION_DT_TM=String,\
# UPDT_DT_TM=String,\
# BEG_EFFECTIVE_DT_TM=String,\
# END_EFFECTIVE_DT_TM=String,\
# ACTIVE_STATUS_DT_TM=String,\
# NULL_DT_TM=String,\
# UPDT_TASK=String,\
# RECUR_TYPE_FLAG=String,\
# RECUR_PARENT_ID=Long,\
# RECUR_TEMPLATE_ID=Long,\
# RECUR_SEQ_NBR=Integer,\
# EVENT_RECUR_ID=Long,\
# PROTOCOL_TYPE_FLAG=String,\
# ESO_SEND_IND=Integer,\
# OFFSET_BEG_UNITS=String,\
# OFFSET_BEG_UNITS_CD=Long,\
# OFFSET_END_UNITS=String,\
# OFFSET_END_UNITS_CD=Long,\
# OFFSET_EVENT_ID=Long,\
# OFFSET_FROM_CD=Long,\
# OFFSET_TYPE_CD=Long,\
# PROTOCOL_PARENT_ID=Long,\
# PROTOCOL_SEQ_NBR=Integer,\
# GRP_CAPACITY=String,\
# GRP_NBR_SCHED=String,\
# GRP_FLAG=String,\
# GRP_CLOSED_IND=Integer,\
# GRP_SHARED_IND=Integer,\
# EVENT_CLASS_CD=Long,\
# SCH_EVENT_SEQ=Integer,\
# REFER_PRINTED_IND=Integer,\
# SCH_EVENT_ID=Long,\
# APPT_TYPE_CD=Long,\
# APPT_SYNONYM_CD=Long,\
# OE_FORMAT_ID=Long,\
# ORDER_SENTENCE_ID=Long,\
# SCHEDULE_SEQ=Integer,\
# SCH_STATE_CD=Long,\
# CONTRIBUTOR_SYSTEM_CD=Long,\
# REQ_PRSNL_ID=Long,\
# CANDIDATE_ID=Long,\
# ACTIVE_IND=Integer,\
# ACTIVE_STATUS_CD=Long,\
# ACTIVE_STATUS_PRSNL_ID=Long,\
# UPDT_APPLCTX=Long,\
# UPDT_ID=Long,\
# UPDT_CNT=Long,\
# APPT_SYNONYM_FREE=String,\
# OFFSET_BEG_UNITS_MEANING=String,\
# SCH_MEANING=String,\
# OFFSET_END_UNITS_MEANING=String,\
# OFFSET_FROM_MEANING=String,\
# OFFSET_TYPE_MEANING=String,\
# GRP_DESC=String,\
# APPT_REASON_FREE=String"
# }
# delta_tz(){
# cd $SCRIPTS_DIR/work-hiae
# sh pyspark_submit_fromUTCtoTZ_delta.sh stage-$1-delta SCH_EVENT_ID UPDT_DT_TM stg_millennium.$1
# }
# drop_tmp(){
# hive -e "drop table stg_millennium.$1_tmp"
# hive -e "drop table stg_millennium.$1_delta"
# }

# drop_table(){
#     hive -e "drop table stg_millennium.$1"
# }

# #drop_table $1 && full_sqoop $1 && full_tz $1 && drop_tmp $1 && echo "carga full finalizada com sucesso" || exit 1

# delta_sqoop $1 && delta_tz $1 && drop_tmp $1 && echo "carga delta finalizada com sucesso" || exit 1

]]></script>
        <scriptargs>SCH_EVENT</scriptargs>
      </command>
    </sequence>
    <uuid>cd296c35-1fad-40ca-a859-ab84e802d98d</uuid>
  </job>
</joblist>