<joblist>
  <job>
    <defaultTab>nodes</defaultTab>
    <description>Ingest�o da Tabela BMDI_DEVICE_PARAMETER</description>
    <dispatch>
      <excludePrecedence>true</excludePrecedence>
      <keepgoing>false</keepgoing>
      <rankOrder>ascending</rankOrder>
      <successOnEmptyNodeFilter>false</successOnEmptyNodeFilter>
      <threadcount>1</threadcount>
    </dispatch>
    <executionEnabled>true</executionEnabled>
    <group>STG_MILLENNIUM - Modularizado/STAGE BMDI</group>
    <id>1b7476ac-a170-4138-94d3-7a90fb5dc1ad</id>
    <loglevel>INFO</loglevel>
    <name>006 - BMDI_DEVICE_PARAMETER</name>
    <nodeFilterEditable>false</nodeFilterEditable>
    <nodefilters>
      <filter>name: lpfbigdap02</filter>
    </nodefilters>
    <nodesSelectedByDefault>true</nodesSelectedByDefault>
    <scheduleEnabled>true</scheduleEnabled>
    <sequence keepgoing='false' strategy='node-first'>
      <command>
        <description>BMDI_DEVICE_PARAMETER</description>
        <script><![CDATA[#echo "INGESTION_SQOOP_DIR: $INGESTION_SQOOP_DIR"
#cd $INGESTION_SQOOP_DIR
#echo "INICIANDO CARGA DA TABELA $1"
#current_load_data=$(date +"%Y%m%d%H")
#sh sqoop_import.sh --env millennium --mode PARTITIONED --sourcetable $1 --partitionkey data_carga --partitionvalue $current_load_data
#impala-shell -i lpfda05.domhiae.einstein.br:21000 -q "invalidate metadata stg_millennium.$1"

#echo "INGESTION_SQOOP_DIR: $INGESTION_SQOOP_DIR"
#cd $INGESTION_SQOOP_DIR
#echo "INICIANDO CARGA DA TABELA $1"
#sh sqoop_import.sh --env millennium --sourcetable $1 --extraoptions "--map-column-java DEVICE_PARAMETER_ID=Long,DEVICE_CD=Long,STRT_MODEL_PARAMETER_ID=Long,RESULT_TYPE_CD=Long,PARAMETER_ALIAS=String,UNITS_CD=Long,TASK_ASSAY_CD=Long,EVENT_CD=Long,ACTIVE_IND=Long,DECIMAL_PRECISION=Long,ALARM_HIGH=String,ALARM_LOW=String,UPDT_ID=Long,UPDT_DT_TM=String,UPDT_TASK=Long,UPDT_APPLCTX=Long,UPDT_CNT=Long,SEQUENCE_NBR=Long"
#impala-shell -i lpfda05.domhiae.einstein.br:21000 -q "invalidate metadata stg_millennium.$1"

cd $SCRIPTS_DIR/ingestions/
sh ingestion-new.sh --env millennium --sourcetable $1 --all 1
]]></script>
        <scriptargs>BMDI_DEVICE_PARAMETER</scriptargs>
      </command>
    </sequence>
    <uuid>1b7476ac-a170-4138-94d3-7a90fb5dc1ad</uuid>
  </job>
</joblist>