<joblist>
  <job>
    <defaultTab>nodes</defaultTab>
    <description><![CDATA[Ingest�o da tabela BMDI_ACQUIRED_RESULTS (Delta)
BMDI RESULT NAO PODE SER FULL POIS NAO PODE DROPAR A TABELA. CERNER NAO ARMAZENA O HISTORICO
BMDI RESULT NAO PODE SER FULL POIS NAO PODE DROPAR A TABELA. CERNER NAO ARMAZENA O HISTORICO
BMDI RESULT NAO PODE SER FULL POIS NAO PODE DROPAR A TABELA. CERNER NAO ARMAZENA O HISTORICO
BMDI RESULT NAO PODE SER FULL POIS NAO PODE DROPAR A TABELA. CERNER NAO ARMAZENA O HISTORICO
BMDI RESULT NAO PODE SER FULL POIS NAO PODE DROPAR A TABELA. CERNER NAO ARMAZENA O HISTORICO
BMDI RESULT NAO PODE SER FULL POIS NAO PODE DROPAR A TABELA. CERNER NAO ARMAZENA O HISTORICO
]]></description>
    <dispatch>
      <excludePrecedence>true</excludePrecedence>
      <keepgoing>false</keepgoing>
      <rankOrder>ascending</rankOrder>
      <successOnEmptyNodeFilter>false</successOnEmptyNodeFilter>
      <threadcount>1</threadcount>
    </dispatch>
    <executionEnabled>true</executionEnabled>
    <group>STG_MILLENNIUM - Modularizado/STAGE BMDI</group>
    <id>3ecaa0eb-05ea-490f-9278-2bb83f78e7e9</id>
    <loglevel>INFO</loglevel>
    <name>001 - BMDI_ACQUIRED_RESULTS</name>
    <nodeFilterEditable>false</nodeFilterEditable>
    <nodefilters>
      <filter>name: lpfbigdap02</filter>
    </nodefilters>
    <nodesSelectedByDefault>true</nodesSelectedByDefault>
    <scheduleEnabled>true</scheduleEnabled>
    <sequence keepgoing='false' strategy='node-first'>
      <command>
        <description>BMDI_ACQUIRED_RESULTS</description>
        <script><![CDATA[# delta_tz(){
# cd $SCRIPTS_DIR/work-hiae/bmdi_acquired_results
# sh pyspark_submit_fromUTCtoTZ_delta_partitioned.sh stg-bmdi_acquired_results-delta RESULT_ID UPDT_DT_TM stg_millennium.bmdi_acquired_results  8 3 10g
# }
# drop_tmp()
# {
# hive -e "drop table stg_millennium.$1_tmp"
# hive -e "drop table stg_millennium.$1_delta_tmp"
# }

# delta_tz $1 && drop_tmp $1 && echo "carga delta finalizada com sucesso" || exit 1

cd $SCRIPTS_DIR/ingestions/
sh ingestion-new-bmdi_result.sh --env millennium --sourcetable $1 --all 1
]]></script>
        <scriptargs>BMDI_ACQUIRED_RESULTS</scriptargs>
      </command>
    </sequence>
    <uuid>3ecaa0eb-05ea-490f-9278-2bb83f78e7e9</uuid>
  </job>
</joblist>