<joblist>
  <job>
    <defaultTab>nodes</defaultTab>
    <description>Ingest�o da Tabela BMDI_ACQUIRED_DATA_TRACK</description>
    <dispatch>
      <excludePrecedence>true</excludePrecedence>
      <keepgoing>false</keepgoing>
      <rankOrder>ascending</rankOrder>
      <successOnEmptyNodeFilter>false</successOnEmptyNodeFilter>
      <threadcount>1</threadcount>
    </dispatch>
    <executionEnabled>true</executionEnabled>
    <group>STG_MILLENNIUM - Modularizado/STAGE BMDI</group>
    <id>5877ce95-7281-4463-9958-82226bdc3083</id>
    <loglevel>INFO</loglevel>
    <name>002 - BMDI_ACQUIRED_DATA_TRACK</name>
    <nodeFilterEditable>false</nodeFilterEditable>
    <nodefilters>
      <filter>name: lpfbigdap02</filter>
    </nodefilters>
    <nodesSelectedByDefault>true</nodesSelectedByDefault>
    <scheduleEnabled>true</scheduleEnabled>
    <sequence keepgoing='false' strategy='node-first'>
      <command>
        <description>BMDI_ACQUIRED_DATA_TRACK</description>
        <script><![CDATA[#echo "INGESTION_SQOOP_DIR: $INGESTION_SQOOP_DIR"
#cd $INGESTION_SQOOP_DIR
#echo "INICIANDO CARGA DA TABELA $1"
#sh sqoop_import.sh --env millennium --sourcetable $1 --extraoptions "--map-column-java ASSOCIATION_ID=Long,DEVICE_CD=Long,PERSON_ID=Long,LOCATION_CD=Long,ACTIVE_IND=Integer,ASSOCIATION_DT_TM=String,DIS_ASSOCIATION_DT_TM=String,PARENT_ENTITY_ID=Long,UPDT_ID=Long,UPDT_DT_TM=String,UPDT_TASK=Long,UPDT_APPLCTX=Long,UPDT_CNT=Integer,RESOURCE_LOC_CD=Long,UPD_STATUS_CD=Long,DISSOC_PRSNL_ID=Long,ASSOC_PRSNL_ID=Long,HINT_ID=Long,MONITORED_DEVICE_ID=Long"
#impala-shell -i lpfda05.domhiae.einstein.br:21000 -q "invalidate metadata stg_millennium.$1"

cd $SCRIPTS_DIR/ingestions/
sh ingestion-new.sh --env millennium --sourcetable $1 --all 1]]></script>
        <scriptargs>BMDI_ACQUIRED_DATA_TRACK</scriptargs>
      </command>
    </sequence>
    <uuid>5877ce95-7281-4463-9958-82226bdc3083</uuid>
  </job>
</joblist>