<joblist>
  <job>
    <defaultTab>nodes</defaultTab>
    <description>Ingest�o da Tabela BMDI_MONITORED_DEVICE</description>
    <dispatch>
      <excludePrecedence>true</excludePrecedence>
      <keepgoing>false</keepgoing>
      <rankOrder>ascending</rankOrder>
      <successOnEmptyNodeFilter>false</successOnEmptyNodeFilter>
      <threadcount>1</threadcount>
    </dispatch>
    <executionEnabled>true</executionEnabled>
    <group>STG_MILLENNIUM - Modularizado/STAGE BMDI</group>
    <id>71b22a06-0822-4ed8-b4d4-05139f1e033c</id>
    <loglevel>INFO</loglevel>
    <name>005 - BMDI_MONITORED_DEVICE</name>
    <nodeFilterEditable>false</nodeFilterEditable>
    <nodefilters>
      <filter>name: lpfbigdap02</filter>
    </nodefilters>
    <nodesSelectedByDefault>true</nodesSelectedByDefault>
    <scheduleEnabled>true</scheduleEnabled>
    <sequence keepgoing='false' strategy='node-first'>
      <command>
        <description>BMDI_MONITORED_DEVICE</description>
        <script><![CDATA[#echo "INGESTION_SQOOP_DIR: $INGESTION_SQOOP_DIR"
#cd $INGESTION_SQOOP_DIR
#echo "INICIANDO CARGA DA TABELA $1"
#sh sqoop_import.sh --env millennium --sourcetable $1 --extraoptions "--map-column-java MONITORED_DEVICE_ID=Long,DEVICE_CD=Long,STRT_MODEL_ID=Long,MOBILE_IND=Integer,LOCATION_CD=Long,DEVICE_IND=Integer,UPDT_ID=Long,UPDT_DT_TM=String,UPDT_TASK=Integer,UPDT_APPLCTX=Integer,UPDT_CNT=Integer,STRT_MODEL_CHILD_ID=Long,ASSOCIATION_LIMIT_CNT=Integer,ALTERNATE_DEVICE_CD=Long,RESOURCE_LOC_CD=Long,DEVICE_TYPE_CD=Long"
#impala-shell -i lpfda05.domhiae.einstein.br:21000 -q "invalidate metadata stg_millennium.$1"

cd $SCRIPTS_DIR/ingestions/
sh ingestion-new.sh --env millennium --sourcetable $1 --all 1
]]></script>
        <scriptargs>BMDI_MONITORED_DEVICE</scriptargs>
      </command>
    </sequence>
    <uuid>71b22a06-0822-4ed8-b4d4-05139f1e033c</uuid>
  </job>
</joblist>