<joblist>
  <job>
    <defaultTab>nodes</defaultTab>
    <description>Ingest�o da Tabela BMDI_ASSOCIATION_HINTS</description>
    <dispatch>
      <excludePrecedence>true</excludePrecedence>
      <keepgoing>false</keepgoing>
      <rankOrder>ascending</rankOrder>
      <successOnEmptyNodeFilter>false</successOnEmptyNodeFilter>
      <threadcount>1</threadcount>
    </dispatch>
    <executionEnabled>true</executionEnabled>
    <group>STG_MILLENNIUM - Modularizado/STAGE BMDI</group>
    <id>c59cb8b9-2f27-479a-a0a2-0ada48a229eb</id>
    <loglevel>INFO</loglevel>
    <name>003 - BMDI_ASSOCIATION_HINTS</name>
    <nodeFilterEditable>false</nodeFilterEditable>
    <nodefilters>
      <filter>name: lpfbigdap02</filter>
    </nodefilters>
    <nodesSelectedByDefault>true</nodesSelectedByDefault>
    <scheduleEnabled>true</scheduleEnabled>
    <sequence keepgoing='false' strategy='node-first'>
      <command>
        <description>BMDI_ASSOCIATION_HINTS</description>
        <script><![CDATA[#echo "INGESTION_SQOOP_DIR: $INGESTION_SQOOP_DIR"
#cd $INGESTION_SQOOP_DIR
#echo "INICIANDO CARGA DA TABELA $1"
#sh sqoop_import.sh --env millennium --sourcetable $1 --extraoptions "--map-column-java HINT_ID=Long,LOCATION_CD=Long,PERSON_ID=Long,HINT_PROCESSING_CD=Long,HINT_DT_TM=String,HINT_TYPE_CD=Long,UPD_PRSNL_ID=Long,ACTIVE_IND=Integer,UPDT_ID=Long,UPDT_DT_TM=String,UPDT_TASK=Integer,UPDT_APPLCTX=Long,UPDT_CNT=Integer"
#impala-shell -i lpfda05.domhiae.einstein.br:21000 -q "invalidate metadata stg_millennium.$1"

cd $SCRIPTS_DIR/ingestions/
sh ingestion-new.sh --env millennium --sourcetable $1 --all 1]]></script>
        <scriptargs>BMDI_ASSOCIATION_HINTS</scriptargs>
      </command>
    </sequence>
    <uuid>c59cb8b9-2f27-479a-a0a2-0ada48a229eb</uuid>
  </job>
</joblist>