<joblist>
  <job>
    <defaultTab>nodes</defaultTab>
    <description>Ingest�o da Tabela BMDI_DEVICE_NOMENCLATURE</description>
    <dispatch>
      <excludePrecedence>true</excludePrecedence>
      <keepgoing>false</keepgoing>
      <rankOrder>ascending</rankOrder>
      <successOnEmptyNodeFilter>false</successOnEmptyNodeFilter>
      <threadcount>1</threadcount>
    </dispatch>
    <executionEnabled>true</executionEnabled>
    <group>STG_MILLENNIUM - Modularizado/STAGE BMDI</group>
    <id>e75e64df-7cce-4728-b7eb-ab3405973a86</id>
    <loglevel>INFO</loglevel>
    <name>004 - BMDI_DEVICE_NOMENCLATURE</name>
    <nodeFilterEditable>false</nodeFilterEditable>
    <nodefilters>
      <filter>name: lpfbigdap02</filter>
    </nodefilters>
    <nodesSelectedByDefault>true</nodesSelectedByDefault>
    <scheduleEnabled>true</scheduleEnabled>
    <sequence keepgoing='false' strategy='node-first'>
      <command>
        <description>BMDI_DEVICE_NOMENCLATURE</description>
        <script><![CDATA[#echo "INGESTION_SQOOP_DIR: $INGESTION_SQOOP_DIR"
#cd $INGESTION_SQOOP_DIR
#echo "INICIANDO CARGA DA TABELA $1"
#sh sqoop_import.sh --env millennium --sourcetable $1 --extraoptions "--map-column-java DEVICE_NOMENCLATURE_ID=Long,DEVICE_CD=Long,NOMENCLATURE_ID=Long,DEVICE_PARAMETER_ID=Long,ACTIVE_IND=Integer,UPDT_ID=Long,UPDT_DT_TM=String,UPDT_TASK=Integer,UPDT_APPLCTX=Long,UPDT_CNT=Integer"
#impala-shell -i lpfda05.domhiae.einstein.br:21000 -q "invalidate metadata stg_millennium.$1"

cd $SCRIPTS_DIR/ingestions/
sh ingestion-new.sh --env millennium --sourcetable $1 --all 1]]></script>
        <scriptargs>BMDI_DEVICE_NOMENCLATURE</scriptargs>
      </command>
    </sequence>
    <uuid>e75e64df-7cce-4728-b7eb-ab3405973a86</uuid>
  </job>
</joblist>