<joblist>
  <job>
    <defaultTab>nodes</defaultTab>
    <description>Ingest�o da Tabela CE_MED_RESULT</description>
    <dispatch>
      <excludePrecedence>true</excludePrecedence>
      <keepgoing>false</keepgoing>
      <rankOrder>ascending</rankOrder>
      <successOnEmptyNodeFilter>false</successOnEmptyNodeFilter>
      <threadcount>1</threadcount>
    </dispatch>
    <executionEnabled>true</executionEnabled>
    <group>Nova STG_MILLENNIUM - Modularizado/Fluxo Clinical Event</group>
    <id>1e5fb9e6-4f2b-430f-b85b-14666694dd9a</id>
    <loglevel>INFO</loglevel>
    <name>CE_MED_RESULT</name>
    <nodeFilterEditable>false</nodeFilterEditable>
    <nodefilters>
      <filter>lpfbigdap02*</filter>
    </nodefilters>
    <nodesSelectedByDefault>true</nodesSelectedByDefault>
    <scheduleEnabled>true</scheduleEnabled>
    <sequence keepgoing='false' strategy='node-first'>
      <command>
        <description>CE_MED_RESULT</description>
        <script><![CDATA[cd $SCRIPTS_DIR/ingestions/

sh ingestion-new.sh --env millennium --sourcetable $1 --all 1

#sh ingestion.sh --env millennium --sourcetable $1

# # echo "INGESTION_SQOOP_DIR: $INGESTION_SQOOP_DIR"
# # cd $INGESTION_SQOOP_DIR
# # echo "INICIANDO CARGA DA TABELA $1"
# # sh sqoop_import.sh --env millennium --sourcetable $1 --query " \
# # 'SELECT \
# # v500.CCLSQL_UTC_RULE(VALID_FROM_DT_TM,210) AS VALID_FROM_DT_TM, \
# # v500.CCLSQL_UTC_RULE(ADMIN_START_DT_TM,210) AS ADMIN_START_DT_TM, \
# # v500.CCLSQL_UTC_RULE(ADMIN_END_DT_TM,210) AS ADMIN_END_DT_TM, \
# # v500.CCLSQL_UTC_RULE(VALID_UNTIL_DT_TM,210) AS VALID_UNTIL_DT_TM, \
# # UPDT_DT_TM, \
# # v500.CCLSQL_UTC_RULE(SYSTEM_ENTRY_DT_TM,210) AS SYSTEM_ENTRY_DT_TM, \
# # SUBSTANCE_EXP_DT_TM, \
# # INFUSED_VOLUME, \
# # REMAINING_VOLUME, \
# # WEIGHT_VALUE, \
# # INFUSION_RATE, \
# # TOTAL_INTAKE_VOLUME, \
# # INITIAL_VOLUME, \
# # ADMIN_DOSAGE, \
# # INITIAL_DOSAGE, \
# # ADMIN_PROV_ID, \
# # ADMIN_ROUTE_CD, \
# # ADMIN_SITE_CD, \
# # ADMIN_METHOD_CD, \
# # ADMIN_PT_LOC_CD, \
# # DOSAGE_UNIT_CD, \
# # DILUENT_TYPE_CD, \
# # PH_DISPENSE_ID, \
# # INFUSION_UNIT_CD, \
# # INFUSION_TIME_CD, \
# # BOLUS_TYPE_CD, \
# # MEDICATION_FORM_CD, \
# # REASON_REQUIRED_FLAG, \
# # RESPONSE_REQUIRED_FLAG, \
# # ADMIN_STRENGTH, \
# # ADMIN_STRENGTH_UNIT_CD, \
# # SUBSTANCE_MANUFACTURER_CD, \
# # REFUSAL_CD, \
# # UPDT_ID, \
# # UPDT_TASK, \
# # UPDT_CNT, \
# # UPDT_APPLCTX, \
# # IV_EVENT_CD, \
# # INFUSED_VOLUME_UNIT_CD, \
# # REMAINING_VOLUME_UNIT_CD, \
# # SYNONYM_ID, \
# # IMMUNIZATION_TYPE_CD, \
# # ADMIN_END_TZ, \
# # ADMIN_START_TZ, \
# # WEIGHT_UNIT_CD, \
# # EVENT_ID, \
# # SUBSTANCE_LOT_NUMBER, \
# # ADMIN_NOTE \
# # FROM CE_MED_RESULT where \$CONDITIONS'" --splitby EVENT_ID --extraoptions "--map-column-java MEDICATION_FORM_CD=Long,REASON_REQUIRED_FLAG=Integer,RESPONSE_REQUIRED_FLAG=Integer,ADMIN_STRENGTH=Long,ADMIN_STRENGTH_UNIT_CD=Long,SUBSTANCE_LOT_NUMBER=String,SUBSTANCE_EXP_DT_TM=String,SUBSTANCE_MANUFACTURER_CD=Long,REFUSAL_CD=Long,SYSTEM_ENTRY_DT_TM=String,UPDT_DT_TM=String,UPDT_ID=Long,UPDT_TASK=Integer,UPDT_CNT=Integer,UPDT_APPLCTX=Integer,IV_EVENT_CD=Long,INFUSED_VOLUME=Double,INFUSED_VOLUME_UNIT_CD=Long,REMAINING_VOLUME=Double,REMAINING_VOLUME_UNIT_CD=Long,SYNONYM_ID=Long,IMMUNIZATION_TYPE_CD=Long,ADMIN_END_TZ=Integer,ADMIN_START_TZ=Integer,WEIGHT_UNIT_CD=Long,WEIGHT_VALUE=Double,EVENT_ID=Long,VALID_UNTIL_DT_TM=String,ADMIN_START_DT_TM=String,VALID_FROM_DT_TM=String,ADMIN_NOTE=String,ADMIN_PROV_ID=Long,ADMIN_END_DT_TM=String,ADMIN_ROUTE_CD=Long,ADMIN_SITE_CD=Long,ADMIN_METHOD_CD=Long,ADMIN_PT_LOC_CD=Long,INITIAL_DOSAGE=Double,ADMIN_DOSAGE=Double,DOSAGE_UNIT_CD=Long,INITIAL_VOLUME=Double,TOTAL_INTAKE_VOLUME=Double,DILUENT_TYPE_CD=Long,PH_DISPENSE_ID=Long,INFUSION_RATE=Double,INFUSION_UNIT_CD=Long,INFUSION_TIME_CD=Long"
# # #impala-shell -i lpfda05.domhiae.einstein.br:21000 -q "invalidate metadata stg_millennium.$1"




# full_sqoop(){
# echo "INICIANDO MUDANCA DE TZ DA FULL TABELA $1"
# hive -e "drop table stg_millennium.$1"
# cd $INGESTION_SQOOP_DIR
# echo "INICIANDO CARGA DA TABELA $1"
# sh sqoop_import.sh --env millennium --sourcetable $1 --query " \
# 'SELECT \
# VALID_FROM_DT_TM, \
# ADMIN_START_DT_TM, \
# ADMIN_END_DT_TM, \
# VALID_UNTIL_DT_TM, \
# UPDT_DT_TM, \
# SYSTEM_ENTRY_DT_TM, \
# SUBSTANCE_EXP_DT_TM, \
# INFUSED_VOLUME, \
# REMAINING_VOLUME, \
# WEIGHT_VALUE, \
# INFUSION_RATE, \
# TOTAL_INTAKE_VOLUME, \
# INITIAL_VOLUME, \
# ADMIN_DOSAGE, \
# INITIAL_DOSAGE, \
# ADMIN_PROV_ID, \
# ADMIN_ROUTE_CD, \
# ADMIN_SITE_CD, \
# ADMIN_METHOD_CD, \
# ADMIN_PT_LOC_CD, \
# DOSAGE_UNIT_CD, \
# DILUENT_TYPE_CD, \
# PH_DISPENSE_ID, \
# INFUSION_UNIT_CD, \
# INFUSION_TIME_CD, \
# BOLUS_TYPE_CD, \
# MEDICATION_FORM_CD, \
# REASON_REQUIRED_FLAG, \
# RESPONSE_REQUIRED_FLAG, \
# ADMIN_STRENGTH, \
# ADMIN_STRENGTH_UNIT_CD, \
# SUBSTANCE_MANUFACTURER_CD, \
# REFUSAL_CD, \
# UPDT_ID, \
# UPDT_TASK, \
# UPDT_CNT, \
# UPDT_APPLCTX, \
# IV_EVENT_CD, \
# INFUSED_VOLUME_UNIT_CD, \
# REMAINING_VOLUME_UNIT_CD, \
# SYNONYM_ID, \
# IMMUNIZATION_TYPE_CD, \
# ADMIN_END_TZ, \
# ADMIN_START_TZ, \
# WEIGHT_UNIT_CD, \
# EVENT_ID, \
# SUBSTANCE_LOT_NUMBER, \
# ADMIN_NOTE \
# FROM CE_MED_RESULT where \$CONDITIONS'" --splitby EVENT_ID --extraoptions "--map-column-java MEDICATION_FORM_CD=Long,REASON_REQUIRED_FLAG=Integer,RESPONSE_REQUIRED_FLAG=Integer,ADMIN_STRENGTH=Long,ADMIN_STRENGTH_UNIT_CD=Long,SUBSTANCE_LOT_NUMBER=String,SUBSTANCE_EXP_DT_TM=String,SUBSTANCE_MANUFACTURER_CD=Long,REFUSAL_CD=Long,SYSTEM_ENTRY_DT_TM=String,UPDT_DT_TM=String,UPDT_ID=Long,UPDT_TASK=Integer,UPDT_CNT=Integer,UPDT_APPLCTX=Integer,IV_EVENT_CD=Long,INFUSED_VOLUME=Double,INFUSED_VOLUME_UNIT_CD=Long,REMAINING_VOLUME=Double,REMAINING_VOLUME_UNIT_CD=Long,SYNONYM_ID=Long,IMMUNIZATION_TYPE_CD=Long,ADMIN_END_TZ=Integer,ADMIN_START_TZ=Integer,WEIGHT_UNIT_CD=Long,WEIGHT_VALUE=Double,EVENT_ID=Long,VALID_UNTIL_DT_TM=String,ADMIN_START_DT_TM=String,VALID_FROM_DT_TM=String,ADMIN_NOTE=String,ADMIN_PROV_ID=Long,ADMIN_END_DT_TM=String,ADMIN_ROUTE_CD=Long,ADMIN_SITE_CD=Long,ADMIN_METHOD_CD=Long,ADMIN_PT_LOC_CD=Long,INITIAL_DOSAGE=Double,ADMIN_DOSAGE=Double,DOSAGE_UNIT_CD=Long,INITIAL_VOLUME=Double,TOTAL_INTAKE_VOLUME=Double,DILUENT_TYPE_CD=Long,PH_DISPENSE_ID=Long,INFUSION_RATE=Double,INFUSION_UNIT_CD=Long,INFUSION_TIME_CD=Long"

# }
# full_tz(){
# echo "INICIANDO MUDANCA DE TZ DA FULL TABELA $1"
# cd $SCRIPTS_DIR/work-hiae
# sh pyspark_submit_fromUTCtoTZ_Full.sh $1-Full stg_millennium.$1
# hive -e "drop table stg_millennium.$1_tmp"
# }
# delta_sqoop(){
# echo "INGESTION_SQOOP_DIR: $INGESTION_SQOOP_DIR"
# cd $INGESTION_SQOOP_DIR
# echo "INICIANDO CARGA DELTA DA TABELA $1"
# sh sqoop_import.sh --env millennium --sourcetable $1 --mode DELTA --splitby EVENT_ID  --updtcol UPDT_DT_TM --cols "VALID_FROM_DT_TM, \
# ADMIN_START_DT_TM, \
# ADMIN_END_DT_TM, \
# VALID_UNTIL_DT_TM, \
# UPDT_DT_TM, \
# SYSTEM_ENTRY_DT_TM, \
# SUBSTANCE_EXP_DT_TM, \
# INFUSED_VOLUME, \
# REMAINING_VOLUME, \
# WEIGHT_VALUE, \
# INFUSION_RATE, \
# TOTAL_INTAKE_VOLUME, \
# INITIAL_VOLUME, \
# ADMIN_DOSAGE, \
# INITIAL_DOSAGE, \
# ADMIN_PROV_ID, \
# ADMIN_ROUTE_CD, \
# ADMIN_SITE_CD, \
# ADMIN_METHOD_CD, \
# ADMIN_PT_LOC_CD, \
# DOSAGE_UNIT_CD, \
# DILUENT_TYPE_CD, \
# PH_DISPENSE_ID, \
# INFUSION_UNIT_CD, \
# INFUSION_TIME_CD, \
# BOLUS_TYPE_CD, \
# MEDICATION_FORM_CD, \
# REASON_REQUIRED_FLAG, \
# RESPONSE_REQUIRED_FLAG, \
# ADMIN_STRENGTH, \
# ADMIN_STRENGTH_UNIT_CD, \
# SUBSTANCE_MANUFACTURER_CD, \
# REFUSAL_CD, \
# UPDT_ID, \
# UPDT_TASK, \
# UPDT_CNT, \
# UPDT_APPLCTX, \
# IV_EVENT_CD, \
# INFUSED_VOLUME_UNIT_CD, \
# REMAINING_VOLUME_UNIT_CD, \
# SYNONYM_ID, \
# IMMUNIZATION_TYPE_CD, \
# ADMIN_END_TZ, \
# ADMIN_START_TZ, \
# WEIGHT_UNIT_CD, \
# EVENT_ID, \
# SUBSTANCE_LOT_NUMBER, \
# ADMIN_NOTE" --extraoptions "--map-column-java MEDICATION_FORM_CD=Long,REASON_REQUIRED_FLAG=Integer,RESPONSE_REQUIRED_FLAG=Integer,ADMIN_STRENGTH=Long,ADMIN_STRENGTH_UNIT_CD=Long,SUBSTANCE_LOT_NUMBER=String,SUBSTANCE_EXP_DT_TM=String,SUBSTANCE_MANUFACTURER_CD=Long,REFUSAL_CD=Long,SYSTEM_ENTRY_DT_TM=String,UPDT_DT_TM=String,UPDT_ID=Long,UPDT_TASK=Integer,UPDT_CNT=Integer,UPDT_APPLCTX=Integer,IV_EVENT_CD=Long,INFUSED_VOLUME=Double,INFUSED_VOLUME_UNIT_CD=Long,REMAINING_VOLUME=Double,REMAINING_VOLUME_UNIT_CD=Long,SYNONYM_ID=Long,IMMUNIZATION_TYPE_CD=Long,ADMIN_END_TZ=Integer,ADMIN_START_TZ=Integer,WEIGHT_UNIT_CD=Long,WEIGHT_VALUE=Double,EVENT_ID=Long,VALID_UNTIL_DT_TM=String,ADMIN_START_DT_TM=String,VALID_FROM_DT_TM=String,ADMIN_NOTE=String,ADMIN_PROV_ID=Long,ADMIN_END_DT_TM=String,ADMIN_ROUTE_CD=Long,ADMIN_SITE_CD=Long,ADMIN_METHOD_CD=Long,ADMIN_PT_LOC_CD=Long,INITIAL_DOSAGE=Double,ADMIN_DOSAGE=Double,DOSAGE_UNIT_CD=Long,INITIAL_VOLUME=Double,TOTAL_INTAKE_VOLUME=Double,DILUENT_TYPE_CD=Long,PH_DISPENSE_ID=Long,INFUSION_RATE=Double,INFUSION_UNIT_CD=Long,INFUSION_TIME_CD=Long"

# }
# delta_tz(){
# cd $SCRIPTS_DIR/work-hiae
# sh pyspark_submit_fromUTCtoTZ_delta.sh stage-$1-delta EVENT_ID,VALID_UNTIL_DT_TM,ADMIN_START_DT_TM UPDT_DT_TM stg_millennium.$1 
# }
# drop_tmp(){
# hive -e "drop table stg_millennium.$1_tmp"
# hive -e "drop table stg_millennium.$1_delta"
# }

# drop_table(){
#     hive -e "drop table stg_millennium.$1"
# }

# #drop_table $1 && full_sqoop $1 && full_tz $1 && drop_tmp $1 && echo "carga full finalizada com sucesso" || exit 1

# delta_sqoop $1 && delta_tz $1 && drop_tmp $1 && echo "carga delta finalizada com sucesso" || exit 1
]]></script>
        <scriptargs>CE_MED_RESULT</scriptargs>
      </command>
    </sequence>
    <uuid>1e5fb9e6-4f2b-430f-b85b-14666694dd9a</uuid>
  </job>
</joblist>