<joblist>
  <job>
    <defaultTab>nodes</defaultTab>
    <description>Ingest�o da Tabela ENCNTR_PRSNL_RELTN_HISTORY</description>
    <dispatch>
      <excludePrecedence>true</excludePrecedence>
      <keepgoing>false</keepgoing>
      <rankOrder>ascending</rankOrder>
      <successOnEmptyNodeFilter>false</successOnEmptyNodeFilter>
      <threadcount>1</threadcount>
    </dispatch>
    <executionEnabled>true</executionEnabled>
    <group>Nova STG_MILLENNIUM - Modularizado/Fluxo Clinical Event</group>
    <id>340416b1-504a-4dd7-a172-abb43fd85f9b</id>
    <loglevel>INFO</loglevel>
    <name> ENCNTR_PRSNL_RELTN_HISTORY</name>
    <nodeFilterEditable>false</nodeFilterEditable>
    <nodefilters>
      <filter>lpfbigdap02*</filter>
    </nodefilters>
    <nodesSelectedByDefault>true</nodesSelectedByDefault>
    <scheduleEnabled>true</scheduleEnabled>
    <sequence keepgoing='false' strategy='node-first'>
      <command>
        <description>ENCNTR_PRSNL_RELTN_HISTORY</description>
        <script><![CDATA[#cd $SCRIPTS_DIR/ingestions/
#sh ingestion.sh --env millennium --sourcetable $1


# echo "INGESTION_SQOOP_DIR: $INGESTION_SQOOP_DIR"
# cd $INGESTION_SQOOP_DIR
# echo "INICIANDO CARGA DA TABELA $1"
# sh sqoop_import.sh --env millennium --sourcetable $1 --extraoptions "--map-column-java ENCNTR_PRSNL_RELTN_HISTORY_ID=Long,ENCNTR_PRSNL_RELTN_ID=Long,PRSNL_PERSON_ID=Long,ENCNTR_PRSNL_R_CD=Long,ENCNTR_ID=Long,ACTIVE_IND=Integer,BEG_EFFECTIVE_DT_TM=String,END_EFFECTIVE_DT_TM=String,UPDT_CNT=Long,UPDT_ID=Long,UPDT_TASK=Long,UPDT_APPLCTX=Long,UPDT_DT_TM=String,ACTIVE_STATUS_CD=Long,ACTIVE_STATUS_PRSNL_ID=Long,DATA_STATUS_CD=Long,DATA_STATUS_PRSNL_ID=Long,CONTRIBUTOR_SYSTEM_CD=Long,FREE_TEXT_CD=Long,MANUAL_CREATE_IND=Integer,MANUAL_CREATE_BY_ID=Long,MANUAL_INACT_IND=Integer,MANUAL_INACT_BY_ID=Long,EXPIRATION_IND=Integer,NOTIFICATION_CD=Long,ACTIVE_STATUS_DT_TM=String,ACTIVITY_DT_TM=String,DATA_STATUS_DT_TM=String,EXPIRE_DT_TM=String,MANUAL_CREATE_DT_TM=String,MANUAL_INACT_DT_TM=String,TRANSACTION_DT_TM=String,ENCNTR_TYPE_CD=Long,PM_HIST_TRACKING_ID=Long,PRIORITY_SEQ=Integer,INTERNAL_SEQ=Integer,CHANGE_BIT=Long --map-column-hive PRIORITY_SEQ=TINYINT"
# #impala-shell -i lpfda05.domhiae.einstein.br:21000 -q "invalidate metadata stg_millennium.$1"

# echo "INICIANDO MUDANCA DE TZ DA FULL TABELA $1"
# cd $SCRIPTS_DIR/work-hiae
# # sh pyspark_submit_fromUTCtoTZ_Full.sh $1-Full stg_millennium.$1
# echo "INGESTION_SQOOP_DIR: $INGESTION_SQOOP_DIR"
# cd $INGESTION_SQOOP_DIR
# echo "INICIANDO CARGA DELTA DA TABELA $1"
# sh sqoop_import.sh --env millennium --sourcetable $1 --extraoptions "--map-column-java ENCNTR_PRSNL_RELTN_HISTORY_ID=Long,ENCNTR_PRSNL_RELTN_ID=Long,PRSNL_PERSON_ID=Long,ENCNTR_PRSNL_R_CD=Long,ENCNTR_ID=Long,ACTIVE_IND=Integer,BEG_EFFECTIVE_DT_TM=String,END_EFFECTIVE_DT_TM=String,UPDT_CNT=Long,UPDT_ID=Long,UPDT_TASK=Long,UPDT_APPLCTX=Long,UPDT_DT_TM=String,ACTIVE_STATUS_CD=Long,ACTIVE_STATUS_PRSNL_ID=Long,DATA_STATUS_CD=Long,DATA_STATUS_PRSNL_ID=Long,CONTRIBUTOR_SYSTEM_CD=Long,FREE_TEXT_CD=Long,MANUAL_CREATE_IND=Integer,MANUAL_CREATE_BY_ID=Long,MANUAL_INACT_IND=Integer,MANUAL_INACT_BY_ID=Long,EXPIRATION_IND=Integer,NOTIFICATION_CD=Long,ACTIVE_STATUS_DT_TM=String,ACTIVITY_DT_TM=String,DATA_STATUS_DT_TM=String,EXPIRE_DT_TM=String,MANUAL_CREATE_DT_TM=String,MANUAL_INACT_DT_TM=String,TRANSACTION_DT_TM=String,ENCNTR_TYPE_CD=Long,PM_HIST_TRACKING_ID=Long,PRIORITY_SEQ=Integer,INTERNAL_SEQ=Integer,CHANGE_BIT=Long --map-column-hive PRIORITY_SEQ=TINYINT"
# cd $SCRIPTS_DIR/work-hiae
# sh pyspark_submit_fromUTCtoTZ_delta.sh stage-$1-delta ENCNTR_PRSNL_RELTN_HISTORY_ID UPDT_DT_TM stg_millennium.$1
# hive -e "drop table stg_millennium.$1_tmp"
# hive -e "drop table stg_millennium.$1_delta"

full_sqoop(){
echo "INGESTION_SQOOP_DIR: $INGESTION_SQOOP_DIR"
cd $INGESTION_SQOOP_DIR
echo "INICIANDO CARGA DA TABELA $1"
sh sqoop_import.sh --env millennium --sourcetable $1 --extraoptions "--map-column-java ENCNTR_PRSNL_RELTN_HISTORY_ID=Long,ENCNTR_PRSNL_RELTN_ID=Long,PRSNL_PERSON_ID=Long,ENCNTR_PRSNL_R_CD=Long,ENCNTR_ID=Long,ACTIVE_IND=Integer,BEG_EFFECTIVE_DT_TM=String,END_EFFECTIVE_DT_TM=String,UPDT_CNT=Long,UPDT_ID=Long,UPDT_TASK=Long,UPDT_APPLCTX=Long,UPDT_DT_TM=String,ACTIVE_STATUS_CD=Long,ACTIVE_STATUS_PRSNL_ID=Long,DATA_STATUS_CD=Long,DATA_STATUS_PRSNL_ID=Long,CONTRIBUTOR_SYSTEM_CD=Long,FREE_TEXT_CD=Long,MANUAL_CREATE_IND=Integer,MANUAL_CREATE_BY_ID=Long,MANUAL_INACT_IND=Integer,MANUAL_INACT_BY_ID=Long,EXPIRATION_IND=Integer,NOTIFICATION_CD=Long,ACTIVE_STATUS_DT_TM=String,ACTIVITY_DT_TM=String,DATA_STATUS_DT_TM=String,EXPIRE_DT_TM=String,MANUAL_CREATE_DT_TM=String,MANUAL_INACT_DT_TM=String,TRANSACTION_DT_TM=String,ENCNTR_TYPE_CD=Long,PM_HIST_TRACKING_ID=Long,PRIORITY_SEQ=Integer,INTERNAL_SEQ=Integer,CHANGE_BIT=Long --map-column-hive PRIORITY_SEQ=TINYINT"
#impala-shell -i lpfda05.domhiae.einstein.br:21000 -q "invalidate metadata stg_millennium.$1"
}
full_tz(){
echo "INICIANDO MUDANCA DE TZ DA FULL TABELA $1"
cd $SCRIPTS_DIR/work-hiae
sh pyspark_submit_fromUTCtoTZ_Full.sh $1-Full stg_millennium.$1
}
delta_sqoop(){
echo "INGESTION_SQOOP_DIR: $INGESTION_SQOOP_DIR"
cd $INGESTION_SQOOP_DIR
echo "INICIANDO CARGA DELTA DA TABELA $1"
sh sqoop_import.sh --env millennium --sourcetable $1 --mode DELTA --splitby ENCNTR_PRSNL_RELTN_HISTORY_ID  --updtcol UPDT_DT_TM --cols "*" --extraoptions "--map-column-java ENCNTR_PRSNL_RELTN_HISTORY_ID=Long,ENCNTR_PRSNL_RELTN_ID=Long,PRSNL_PERSON_ID=Long,ENCNTR_PRSNL_R_CD=Long,ENCNTR_ID=Long,ACTIVE_IND=Integer,BEG_EFFECTIVE_DT_TM=String,END_EFFECTIVE_DT_TM=String,UPDT_CNT=Long,UPDT_ID=Long,UPDT_TASK=Long,UPDT_APPLCTX=Long,UPDT_DT_TM=String,ACTIVE_STATUS_CD=Long,ACTIVE_STATUS_PRSNL_ID=Long,DATA_STATUS_CD=Long,DATA_STATUS_PRSNL_ID=Long,CONTRIBUTOR_SYSTEM_CD=Long,FREE_TEXT_CD=Long,MANUAL_CREATE_IND=Integer,MANUAL_CREATE_BY_ID=Long,MANUAL_INACT_IND=Integer,MANUAL_INACT_BY_ID=Long,EXPIRATION_IND=Integer,NOTIFICATION_CD=Long,ACTIVE_STATUS_DT_TM=String,ACTIVITY_DT_TM=String,DATA_STATUS_DT_TM=String,EXPIRE_DT_TM=String,MANUAL_CREATE_DT_TM=String,MANUAL_INACT_DT_TM=String,TRANSACTION_DT_TM=String,ENCNTR_TYPE_CD=Long,PM_HIST_TRACKING_ID=Long,PRIORITY_SEQ=Integer,INTERNAL_SEQ=Integer,CHANGE_BIT=Long --map-column-hive PRIORITY_SEQ=TINYINT"
}
delta_tz(){
cd $SCRIPTS_DIR/work-hiae
sh pyspark_submit_fromUTCtoTZ_delta.sh stage-$1-delta ENCNTR_PRSNL_RELTN_HISTORY_ID UPDT_DT_TM stg_millennium.$1
}
drop_tmp(){
hive -e "drop table stg_millennium.$1_tmp"
hive -e "drop table stg_millennium.$1_delta"
}

drop_table(){
    hive -e "drop table stg_millennium.$1"
}

drop_table $1 && full_sqoop $1 && full_tz $1 && drop_tmp $1 && echo "carga full finalizada com sucesso" || exit 1

#delta_sqoop $1 && delta_tz $1 && drop_tmp $1 && echo "carga delta finalizada com sucesso" || exit 1
]]></script>
        <scriptargs>ENCNTR_PRSNL_RELTN_HISTORY</scriptargs>
      </command>
    </sequence>
    <uuid>340416b1-504a-4dd7-a172-abb43fd85f9b</uuid>
  </job>
</joblist>