<joblist>
  <job>
    <defaultTab>nodes</defaultTab>
    <description>Ingest�o da tabela ENCNTR_PRSNL_RELTN</description>
    <dispatch>
      <excludePrecedence>true</excludePrecedence>
      <keepgoing>false</keepgoing>
      <rankOrder>ascending</rankOrder>
      <successOnEmptyNodeFilter>false</successOnEmptyNodeFilter>
      <threadcount>1</threadcount>
    </dispatch>
    <executionEnabled>true</executionEnabled>
    <group>Nova STG_MILLENNIUM - Modularizado/Fluxo Clinical Event</group>
    <id>df2ab3e3-f9e2-49e2-bdab-12181af6aaea</id>
    <loglevel>INFO</loglevel>
    <name>ENCNTR_PRSNL_RELTN</name>
    <nodeFilterEditable>false</nodeFilterEditable>
    <nodefilters>
      <filter>lpfbigdap02*</filter>
    </nodefilters>
    <nodesSelectedByDefault>true</nodesSelectedByDefault>
    <scheduleEnabled>true</scheduleEnabled>
    <sequence keepgoing='false' strategy='node-first'>
      <command>
        <description>ENCNTR_PRSNL_RELTN</description>
        <script><![CDATA[#cd $SCRIPTS_DIR/ingestions/
#sh ingestion.sh --env millennium --sourcetable $1


full_sqoop(){
echo "INGESTION_SQOOP_DIR: $INGESTION_SQOOP_DIR"
cd $INGESTION_SQOOP_DIR
echo "INICIANDO CARGA DA TABELA $1"
sh sqoop_import.sh --env millennium --sourcetable $1 --extraoptions "--map-column-java ACTIVE_IND=Long,ACTIVE_STATUS_CD=Long,ACTIVE_STATUS_DT_TM=String,ACTIVE_STATUS_PRSNL_ID=Long,ACTIVITY_DT_TM=String,BEG_EFFECTIVE_DT_TM=String,CONTRIBUTOR_SYSTEM_CD=Long,DATA_STATUS_CD=Long,DATA_STATUS_DT_TM=String,DATA_STATUS_PRSNL_ID=Long,ENCNTR_ID=Long,ENCNTR_PRSNL_RELTN_ID=Long,ENCNTR_PRSNL_R_CD=Long,ENCNTR_TYPE_CD=Long,END_EFFECTIVE_DT_TM=String,EXPIRATION_IND=Long,EXPIRE_DT_TM=String,FREE_TEXT_CD=Long,FT_PRSNL_NAME=String,INTERNAL_SEQ=Long,MANUAL_CREATE_BY_ID=Long,MANUAL_CREATE_DT_TM=String,MANUAL_CREATE_IND=Long,MANUAL_INACT_BY_ID=Long,MANUAL_INACT_DT_TM=String,MANUAL_INACT_IND=Long,NOTIFICATION_CD=Long,PRIORITY_SEQ=Long,PRSNL_PERSON_ID=Long,TRANSACTION_DT_TM=String,UPDT_APPLCTX=Long,UPDT_CNT=Long,UPDT_DT_TM=String,UPDT_ID=Long,UPDT_TASK=Long"
}
full_tz()
{
echo "INICIANDO MUDANCA DE TZ DA FULL TABELA $1"
cd $SCRIPTS_DIR/work-hiae
sh pyspark_submit_fromUTCtoTZ_Full.sh $1-Full stg_millennium.$1 6 3 20g
}

delta_sqoop(){
echo "INGESTION_SQOOP_DIR: $INGESTION_SQOOP_DIR"
cd $INGESTION_SQOOP_DIR
echo "INICIANDO CARGA DA TABELA $1"
sh sqoop_import.sh --env millennium --mode DELTA --dias 1 --sourcetable $1 --splitby ENCNTR_PRSNL_RELTN_ID --updtcol UPDT_DT_TM --cols "active_ind,active_status_cd,active_status_dt_tm,active_status_prsnl_id,activity_dt_tm,beg_effective_dt_tm,contributor_system_cd,data_status_cd,data_status_dt_tm,data_status_prsnl_id,encntr_id,encntr_prsnl_reltn_id,encntr_prsnl_r_cd,encntr_type_cd,end_effective_dt_tm,expiration_ind,expire_dt_tm,free_text_cd,ft_prsnl_name,internal_seq,manual_create_by_id,manual_create_dt_tm,manual_create_ind,manual_inact_by_id,manual_inact_dt_tm,manual_inact_ind,notification_cd,priority_seq,prsnl_person_id,transaction_dt_tm,updt_applctx,updt_cnt,updt_dt_tm,updt_id,updt_task" --extraoptions "--map-column-java ACTIVE_IND=Long,ACTIVE_STATUS_CD=Long,ACTIVE_STATUS_DT_TM=String,ACTIVE_STATUS_PRSNL_ID=Long,ACTIVITY_DT_TM=String,BEG_EFFECTIVE_DT_TM=String,CONTRIBUTOR_SYSTEM_CD=Long,DATA_STATUS_CD=Long,DATA_STATUS_DT_TM=String,DATA_STATUS_PRSNL_ID=Long,ENCNTR_ID=Long,ENCNTR_PRSNL_RELTN_ID=Long,ENCNTR_PRSNL_R_CD=Long,ENCNTR_TYPE_CD=Long,END_EFFECTIVE_DT_TM=String,EXPIRATION_IND=Long,EXPIRE_DT_TM=String,FREE_TEXT_CD=Long,FT_PRSNL_NAME=String,INTERNAL_SEQ=Long,MANUAL_CREATE_BY_ID=Long,MANUAL_CREATE_DT_TM=String,MANUAL_CREATE_IND=Long,MANUAL_INACT_BY_ID=Long,MANUAL_INACT_DT_TM=String,MANUAL_INACT_IND=Long,NOTIFICATION_CD=Long,PRIORITY_SEQ=Long,PRSNL_PERSON_ID=Long,TRANSACTION_DT_TM=String,UPDT_APPLCTX=Long,UPDT_CNT=Long,UPDT_DT_TM=String,UPDT_ID=Long,UPDT_TASK=Long"
}
delta_tz(){
cd $SCRIPTS_DIR/work-hiae
sh pyspark_submit_fromUTCtoTZ_delta.sh stg-$1-delta ENCNTR_PRSNL_RELTN_ID UPDT_DT_TM stg_millennium.encntr_prsnl_reltn 4 3 15g
}
drop_tmp()
{
hive -e "drop table stg_millennium.$1_tmp"
hive -e "drop table stg_millennium.$1_delta"
}
drop_table(){
hive -e "drop table stg_millennium.$1"  
}


drop_table $1 && full_sqoop $1 && full_tz $1 && drop_tmp $1 && echo "carga full finalizada com sucesso" || exit 1
#delta_sqoop $1 && delta_tz $1 && drop_tmp $1 && echo "carga delta finalizada com sucesso" || exit 1]]></script>
        <scriptargs>ENCNTR_PRSNL_RELTN</scriptargs>
      </command>
    </sequence>
    <uuid>df2ab3e3-f9e2-49e2-bdab-12181af6aaea</uuid>
  </job>
</joblist>