<joblist>
  <job>
    <defaultTab>nodes</defaultTab>
    <description>Ingest�o da tabela CE_SPECIMEN_COLL</description>
    <dispatch>
      <excludePrecedence>true</excludePrecedence>
      <keepgoing>false</keepgoing>
      <rankOrder>ascending</rankOrder>
      <successOnEmptyNodeFilter>false</successOnEmptyNodeFilter>
      <threadcount>1</threadcount>
    </dispatch>
    <executionEnabled>true</executionEnabled>
    <group>STG_MILLENNIUM - Modularizado/STAGE 11</group>
    <id>0a2e04ad-298e-4b2d-979a-a3465fc4833e</id>
    <loglevel>INFO</loglevel>
    <name>002 - CE_SPECIMEN_COLL</name>
    <nodeFilterEditable>false</nodeFilterEditable>
    <nodefilters>
      <filter>lpfbigdap02*</filter>
    </nodefilters>
    <nodesSelectedByDefault>true</nodesSelectedByDefault>
    <scheduleEnabled>true</scheduleEnabled>
    <sequence keepgoing='false' strategy='node-first'>
      <command>
        <description> CE_SPECIMEN_COLL</description>
        <script><![CDATA[cd $SCRIPTS_DIR/ingestions/

sh ingestion-new.sh --env millennium --sourcetable $1 --all 1

#sh ingestion.sh --env millennium --sourcetable $1

# full_sqoop(){
# echo "INGESTION_SQOOP_DIR: $INGESTION_SQOOP_DIR"
# cd $INGESTION_SQOOP_DIR
# echo "INICIANDO CARGA DA TABELA $1"
# sh sqoop_import.sh --env millennium --sourcetable $1 --extraoptions "--map-column-java EVENT_ID=Long,VALID_UNTIL_DT_TM=String,VALID_FROM_DT_TM=String,SPECIMEN_ID=Long,CONTAINER_ID=Long,CONTAINER_TYPE_CD=Long,SPECIMEN_STATUS_CD=Long,COLLECT_DT_TM=String,COLLECT_METHOD_CD=Long,COLLECT_LOC_CD=Long,COLLECT_PRSNL_ID=Long,COLLECT_VOLUME=Long,COLLECT_UNIT_CD=Long,COLLECT_PRIORITY_CD=Long,SOURCE_TYPE_CD=Long,SOURCE_TEXT=String,BODY_SITE_CD=Long,DANGER_CD=Long,POSITIVE_IND=Long,UPDT_DT_TM=String,UPDT_ID=Long,UPDT_TASK=Long,UPDT_CNT=Long,UPDT_APPLCTX=Long,COLLECT_TZ=Long,RECVD_TZ=Long,RECVD_DT_TM=String"
# }
# full_tz()
# {
# echo "INICIANDO MUDANCA DE TZ DA FULL TABELA $1"
# cd $SCRIPTS_DIR/work-hiae
# sh pyspark_submit_fromUTCtoTZ_Full.sh $1-Full stg_millennium.$1 6 5 20g
# }
# delta_sqoop(){
# echo "INGESTION_SQOOP_DIR: $INGESTION_SQOOP_DIR"
# cd $INGESTION_SQOOP_DIR
# echo "INICIANDO CARGA DA TABELA $1"
# sh sqoop_import.sh --env millennium --mode DELTA --dias 1 --sourcetable $1 --splitby EVENT_ID --updtcol UPDT_DT_TM --cols "EVENT_ID,VALID_UNTIL_DT_TM,VALID_FROM_DT_TM,SPECIMEN_ID,CONTAINER_ID,CONTAINER_TYPE_CD,SPECIMEN_STATUS_CD,COLLECT_DT_TM,COLLECT_METHOD_CD,COLLECT_LOC_CD,COLLECT_PRSNL_ID,COLLECT_VOLUME,COLLECT_UNIT_CD,COLLECT_PRIORITY_CD,SOURCE_TYPE_CD,SOURCE_TEXT,BODY_SITE_CD,DANGER_CD,POSITIVE_IND,UPDT_DT_TM,UPDT_ID,UPDT_TASK,UPDT_CNT,UPDT_APPLCTX,COLLECT_TZ,RECVD_TZ,RECVD_DT_TM" --extraoptions "--map-column-java EVENT_ID=Long,VALID_UNTIL_DT_TM=String,VALID_FROM_DT_TM=String,SPECIMEN_ID=Long,CONTAINER_ID=Long,CONTAINER_TYPE_CD=Long,SPECIMEN_STATUS_CD=Long,COLLECT_DT_TM=String,COLLECT_METHOD_CD=Long,COLLECT_LOC_CD=Long,COLLECT_PRSNL_ID=Long,COLLECT_VOLUME=Long,COLLECT_UNIT_CD=Long,COLLECT_PRIORITY_CD=Long,SOURCE_TYPE_CD=Long,SOURCE_TEXT=String,BODY_SITE_CD=Long,DANGER_CD=Long,POSITIVE_IND=Long,UPDT_DT_TM=String,UPDT_ID=Long,UPDT_TASK=Long,UPDT_CNT=Long,UPDT_APPLCTX=Long,COLLECT_TZ=Long,RECVD_TZ=Long,RECVD_DT_TM=String"
# }
# delta_tz(){
# cd $SCRIPTS_DIR/work-hiae
# sh pyspark_submit_fromUTCtoTZ_delta.sh stg-$1-delta COLLECT_PRSNL_ID,CONTAINER_ID,EVENT_ID,SPECIMEN_ID UPDT_DT_TM stg_millennium.ce_specimen_coll 4 2 5g
# }
# drop_tmp()
# {
# hive -e "drop table stg_millennium.$1_tmp"
# hive -e "drop table stg_millennium.$1_delta"
# }
# drop_table(){
# hive -e "drop table stg_millennium.$1"  
# }
# 0
# 0
# drop_table $1 && full_sqoop $1 && full_tz $1 && drop_tmp $1 && echo "carga full finalizada com sucesso" || exit 1
# #delta_sqoop $1 && delta_tz $1 && drop_tmp $1 && echo "carga delta finalizada com sucesso" || exit 1
]]></script>
        <scriptargs> CE_SPECIMEN_COLL</scriptargs>
      </command>
    </sequence>
    <uuid>0a2e04ad-298e-4b2d-979a-a3465fc4833e</uuid>
  </job>
</joblist>