<joblist>
  <job>
    <defaultTab>nodes</defaultTab>
    <description>Ingest�o da tabela accession_order_r</description>
    <dispatch>
      <excludePrecedence>true</excludePrecedence>
      <keepgoing>false</keepgoing>
      <rankOrder>ascending</rankOrder>
      <successOnEmptyNodeFilter>false</successOnEmptyNodeFilter>
      <threadcount>1</threadcount>
    </dispatch>
    <executionEnabled>true</executionEnabled>
    <group>STG_MILLENNIUM - Modularizado/STAGE 11</group>
    <id>59b915a4-409d-41e0-b356-a3c2a2cc50e4</id>
    <loglevel>INFO</loglevel>
    <name>001 - ACCESSION_ORDER_R</name>
    <nodeFilterEditable>false</nodeFilterEditable>
    <nodefilters>
      <filter>lpfbigdap02*</filter>
    </nodefilters>
    <nodesSelectedByDefault>true</nodesSelectedByDefault>
    <scheduleEnabled>true</scheduleEnabled>
    <sequence keepgoing='false' strategy='node-first'>
      <command>
        <description>ACCESSION_ORDER_R</description>
        <script><![CDATA[cd $SCRIPTS_DIR/ingestions/
sh ingestion-new.sh --env millennium --sourcetable $1 --all 1

# full_sqoop(){
# echo "INGESTION_SQOOP_DIR: $INGESTION_SQOOP_DIR"
# cd $INGESTION_SQOOP_DIR
# echo "INICIANDO CARGA DA TABELA $1"
# sh sqoop_import.sh --env millennium --sourcetable $1 --extraoptions "--map-column-java ACCESSION_ID=Long,ORDER_ID=Long,ACCESSION=String,UPDT_APPLCTX=Long,UPDT_DT_TM=String,UPDT_ID=Long,UPDT_CNT=Long,UPDT_TASK=Long,PRIMARY_IND=Long,ACTIVITY_TYPE_CD=Long,PRIMARY_FLAG=Long,RESTRICT_AV_IND=Long"
# }
# full_tz()
# {
# echo "INICIANDO MUDANCA DE TZ DA FULL TABELA $1"
# cd $SCRIPTS_DIR/work-hiae
# sh pyspark_submit_fromUTCtoTZ_Full.sh $1-Full stg_millennium.$1 6 3 5g
# }
# delta_sqoop(){
# echo "INGESTION_SQOOP_DIR: $INGESTION_SQOOP_DIR"
# cd $INGESTION_SQOOP_DIR
# echo "INICIANDO CARGA DA TABELA $1"
# sh sqoop_import.sh --env millennium --mode DELTA --dias 1 --sourcetable $1 --splitby ACCESSION_ID --updtcol UPDT_DT_TM --cols "ACCESSION_ID,ORDER_ID,ACCESSION,UPDT_APPLCTX,UPDT_DT_TM,UPDT_ID,UPDT_CNT,UPDT_TASK,PRIMARY_IND,ACTIVITY_TYPE_CD,PRIMARY_FLAG,RESTRICT_AV_IND" --extraoptions "--map-column-java ACCESSION_ID=Long,ORDER_ID=Long,ACCESSION=String,UPDT_APPLCTX=Long,UPDT_DT_TM=String,UPDT_ID=Long,UPDT_CNT=Long,UPDT_TASK=Long,PRIMARY_IND=Long,ACTIVITY_TYPE_CD=Long,PRIMARY_FLAG=Long,RESTRICT_AV_IND=Long"
# }
# delta_tz(){
# cd $SCRIPTS_DIR/work-hiae
# sh pyspark_submit_fromUTCtoTZ_delta.sh stg-$1-delta ACCESSION_ID UPDT_DT_TM stg_millennium.accession_order_r 4 2 5g
# }
# drop_tmp()
# {
# hive -e "drop table stg_millennium.$1_tmp"
# hive -e "drop table stg_millennium.$1_delta"
# }
# drop_table(){
# hive -e "drop table stg_millennium.$1"  
# }


# drop_table $1 && full_sqoop $1 && full_tz $1 && drop_tmp $1 && echo "carga full finalizada com sucesso" || exit 1
# #delta_sqoop $1 && delta_tz $1 && drop_tmp $1 && echo "carga delta finalizada com sucesso" || exit 1
]]></script>
        <scriptargs>accession_order_r</scriptargs>
      </command>
    </sequence>
    <uuid>59b915a4-409d-41e0-b356-a3c2a2cc50e4</uuid>
  </job>
</joblist>