<joblist>
  <job>
    <defaultTab>nodes</defaultTab>
    <description>Ingest�o da Tabela LOCATION_GROUP.</description>
    <dispatch>
      <excludePrecedence>true</excludePrecedence>
      <keepgoing>false</keepgoing>
      <rankOrder>ascending</rankOrder>
      <successOnEmptyNodeFilter>false</successOnEmptyNodeFilter>
      <threadcount>1</threadcount>
    </dispatch>
    <executionEnabled>true</executionEnabled>
    <group>STG_MILLENNIUM - Modularizado/STAGE 11</group>
    <id>e13547a2-b42b-4919-8897-173ea118da14</id>
    <loglevel>INFO</loglevel>
    <name>004 - LOCATION_GROUP</name>
    <nodeFilterEditable>false</nodeFilterEditable>
    <nodefilters>
      <filter>lpfbigdap02*</filter>
    </nodefilters>
    <nodesSelectedByDefault>true</nodesSelectedByDefault>
    <scheduleEnabled>true</scheduleEnabled>
    <sequence keepgoing='false' strategy='node-first'>
      <command>
        <description>LOCATION_GROUP</description>
        <script><![CDATA[cd $SCRIPTS_DIR/ingestions/

#sh ingestion.sh --env millennium --sourcetable $1

sh ingestion-new.sh --env millennium --sourcetable $1 --all 1
]]></script>
        <scriptargs>LOCATION_GROUP</scriptargs>
      </command>
    </sequence>
    <uuid>e13547a2-b42b-4919-8897-173ea118da14</uuid>
  </job>
</joblist>