<joblist>
  <job>
    <defaultTab>nodes</defaultTab>
    <description>Ingest�o da tabela UM_CHARGE_EVENT_ST</description>
    <dispatch>
      <excludePrecedence>true</excludePrecedence>
      <keepgoing>false</keepgoing>
      <rankOrder>ascending</rankOrder>
      <successOnEmptyNodeFilter>false</successOnEmptyNodeFilter>
      <threadcount>1</threadcount>
    </dispatch>
    <executionEnabled>true</executionEnabled>
    <group>STG_MILLENNIUM - Modularizado/STAGE 11</group>
    <id>e3acdfae-2413-4795-8b3b-3937a39c75e5</id>
    <loglevel>INFO</loglevel>
    <name>005 - UM_CHARGE_EVENT_ST</name>
    <nodeFilterEditable>false</nodeFilterEditable>
    <nodefilters>
      <filter>lpfbigdap02*</filter>
    </nodefilters>
    <nodesSelectedByDefault>true</nodesSelectedByDefault>
    <scheduleEnabled>true</scheduleEnabled>
    <sequence keepgoing='false' strategy='node-first'>
      <command>
        <description>UM_CHARGE_EVENT_ST</description>
        <script><![CDATA[cd $SCRIPTS_DIR/ingestions/

sh ingestion-new.sh --env millennium --sourcetable $1 --all 1

#sh ingestion.sh --env millennium --sourcetable $1

# full_sqoop(){
# echo "INGESTION_SQOOP_DIR: $INGESTION_SQOOP_DIR"
# cd $INGESTION_SQOOP_DIR
# echo "INICIANDO CARGA DA TABELA $1"
# sh sqoop_import.sh --env millennium --sourcetable $1 --extraoptions "--map-column-java ORDER_ID=Long,REFERENCE_NBR=String,CONTRIBUTOR_SYSTEM_CD=Long,CHARGE_EVENT_ID=Long,DETAIL_IND=Long,CLIENT_ID=Long,ORDER_PHYS_ID=Long,ENCNTR_TYPE_CD=Long,INSTITUTION_CD=Long,DEPARTMENT_CD=Long,PARENT_BILL_ITEM_ID=Long,BILL_ITEM_ID=Long,PATIENT_NU_CD=Long,COLL_PRIOR_CD=Long,SECTION_CD=Long,CANCEL_REASON_CD=Long,CLIENT_GRP_CD=Long,CLIENT_CLASS_CD=Long,ORDER_PHYS_GRP_CD=Long,PATIENT_NU_GRP_CD=Long,ENCNTR_TYPE_GRP_CD=Long,COLL_PRIOR_GRP_CD=Long,MED_SPEC_CD=Long,ORD_SHIFT_CD=Long,ORD_HOUR=Long,REQ_COLL_SHIFT_CD=Long,REQ_COLL_HOUR=Long,DRAWN_SHIFT_CD=Long,DRAWN_HOUR=Long,IN_TRANSIT_SHIFT_CD=Long,IN_TRANSIT_HOUR=Long,IN_LAB_SHIFT_CD=Long,IN_LAB_HOUR=Long,PERF_SHIFT_CD=Long,PERF_HOUR=Long,VERIF_SHIFT_CD=Long,VERIF_HOUR=Long,COMP_SHIFT_CD=Long,COMP_HOUR=Long,CANCEL_HOUR=Long,ORDER_QTY=Long,VERIF_QTY=Long,COMP_QTY=Long,CANCEL_QTY=Long,BILL_QTY=Long,BILL_REVENUE=Long,CREDITED_QTY=Long,CREDITED_REVENUE=Long,ORD_DAY=Long,REQ_COLL_DAY=Long,DRAWN_DAY=Long,IN_TRANSIT_DAY=Long,IN_LAB_DAY=Long,PERF_DAY=Long,VERIF_DAY=Long,COMP_DAY=Long,CANCEL_DAY=Long,ORD_MONTH=String,REQ_COLL_MONTH=String,DRAWN_MONTH=String,IN_TRANSIT_MONTH=String,IN_LAB_MONTH=String,PERF_MONTH=String,VERIF_MONTH=String,COMP_MONTH=String,CANCEL_MONTH=String,ORDER_DT_TM=String,REQ_COLL_DT_TM=String,DRAWN_DT_TM=String,IN_TRANSIT_DT_TM=String,IN_LAB_DT_TM=String,PERF_DT_TM=String,VERIF_DT_TM=String,COMP_DT_TM=String,CANCEL_DT_TM=String,ICD9_NOMEN_ID=Long,FINANCIAL_CLASS_CD=Long,ACTIVITY_TYPE_CD=Long,ORDER_STATUS_CD=Long,RESULT_STATUS_CD=Long,UPDT_TASK=Long,UPDT_ID=Long,UPDT_APPLCTX=Long,UPDT_DT_TM=String,UPDT_CNT=Long,RPT_PRIOR_CD=Long,ORDERABLE_TYPE_FLAG=Long,UM_CHARGE_EVENT_ST_ID=Long,DRAWN_TECH_ID=Long,SUBSECTION_CD=Long,SERVICE_RESOURCE_CD=Long,ACCESSION_FORMAT_CD=Long,ACTIVITY_SUBTYPE_CD=Long,CASE_INADEQUACY_CD=Long,CASE_RESP_PATHOLOGIST_ID=Long,CASE_RESP_RESIDENT_ID=Long,CASE_TYPE_CD=Long,CATALOG_CD=Long,ENCNTR_ID=Long,ORD_YEAR=Long,PATIENT_ID=Long,PERF_TECH_ID=Long,SITE_PREFIX_CD=Long,SPECIMEN_CD=Long,TASK_ASSAY_CD=Long,VERIF_TECH_ID=Long,ACCESSION_NBR=String,ACT_DRAWN_IN_TRANSIT=Long,ACT_IN_LAB_PERF=Long,ACT_IN_TRANSIT_IN_LAB=Long,ACT_ORD_REQ_COLL=Long,ACT_OVERALL_TAT=Long,ACT_PERF_VERIF=Long,ACT_REQ_COLL_DRAWN=Long,ACT_VERIF_COMP=Long,ADJ_ACT_IN_TRANSIT_IN_LAB=Long,ADJ_ACT_OVERALL_TAT=Long,ADJ_ACT_PERF_VERIF=Long,ADJ_ACT_REQ_COLL_DRAWN=Long,ADJ_ACT_VERIF_COMP=Long,CANCEL_DT_NBR=Long,CANCEL_MIN_NBR=Long,COMP_DT_NBR=Long,COMP_MIN_NBR=Long,DRAWN_DT_NBR=Long,DRAWN_MIN_NBR=Long,EXP_DRAWN_IN_TRANSIT=Long,EXP_IN_LAB_PERF=Long,EXP_IN_TRANSIT_IN_LAB=Long,EXP_ORD_REQ_COLL=Long,EXP_OVERALL_TAT=Long,EXP_PERF_VERIF=Long,EXP_REQ_COLL_DRAWN=Long,EXP_VERIF_COMP=Long,IN_LAB_DT_NBR=Long,IN_LAB_MIN_NBR=Long,ORDER_NU_CD=Long,ORD_DT_NBR=Long,ORD_MIN_NBR=Long,PERF_DT_NBR=Long,PERF_MIN_NBR=Long,REQ_COLL_DT_NBR=Long,REQ_COLL_MIN_NBR=Long,RULE_ID=Long,SMR_FLAG=Long,SM_FLAG=Long,TAT_QUAL_IND=Long,UM_FLAG=Long,VERIF_DT_NBR=Long,VERIF_MIN_NBR=Long,RESULT_ID=Long,PATIENT_BUILD_CD=Long,PATIENT_FAC_CD=Long,SPECIMEN_TYPE_CD=Long,TASK_DETAIL_CD=Long,ANTIBIOTIC_CD=Long,CULTURE_DT_TM=String,CULTURE_DT_NBR=Long,CULTURE_MIN_NBR=Long,CULTURE_SHIFT_CD=Long,ORGANISM_CD=Long,BODY_SITE_CD=Long,TASK_TYPE_FLAG=Long,TSK_ORD_DT_TM=String,TSK_ORD_DT_NBR=Long,TSK_ORD_MIN_NBR=Long,TSK_ORD_SHIFT_CD=Long,PERF_QTY=Long,COLLECTION_METHOD_CD=Long,ADJ_ACT_ORD_REQ_COLL=Long,ADJ_ACT_IN_LAB_PERF=Long"
# }
# full_tz()
# {
# echo "INICIANDO MUDANCA DE TZ DA FULL TABELA $1"
# cd $SCRIPTS_DIR/work-hiae
# sh pyspark_submit_fromUTCtoTZ_Full.sh $1-Full stg_millennium.$1 6 3 5g
# }
# delta_sqoop(){
# echo "INGESTION_SQOOP_DIR: $INGESTION_SQOOP_DIR"
# cd $INGESTION_SQOOP_DIR
# echo "INICIANDO CARGA DA TABELA $1"
# sh sqoop_import.sh --env millennium --mode DELTA --dias 1 --sourcetable $1 --splitby ORDER_ID --updtcol UPDT_DT_TM --cols "ORDER_ID,REFERENCE_NBR,CONTRIBUTOR_SYSTEM_CD,CHARGE_EVENT_ID,DETAIL_IND,CLIENT_ID,ORDER_PHYS_ID,ENCNTR_TYPE_CD,INSTITUTION_CD,DEPARTMENT_CD,PARENT_BILL_ITEM_ID,BILL_ITEM_ID,PATIENT_NU_CD,COLL_PRIOR_CD,SECTION_CD,CANCEL_REASON_CD,CLIENT_GRP_CD,CLIENT_CLASS_CD,ORDER_PHYS_GRP_CD,PATIENT_NU_GRP_CD,ENCNTR_TYPE_GRP_CD,COLL_PRIOR_GRP_CD,MED_SPEC_CD,ORD_SHIFT_CD,ORD_HOUR,REQ_COLL_SHIFT_CD,REQ_COLL_HOUR,DRAWN_SHIFT_CD,DRAWN_HOUR,IN_TRANSIT_SHIFT_CD,IN_TRANSIT_HOUR,IN_LAB_SHIFT_CD,IN_LAB_HOUR,PERF_SHIFT_CD,PERF_HOUR,VERIF_SHIFT_CD,VERIF_HOUR,COMP_SHIFT_CD,COMP_HOUR,CANCEL_HOUR,ORDER_QTY,VERIF_QTY,COMP_QTY,CANCEL_QTY,BILL_QTY,BILL_REVENUE,CREDITED_QTY,CREDITED_REVENUE,ORD_DAY,REQ_COLL_DAY,DRAWN_DAY,IN_TRANSIT_DAY,IN_LAB_DAY,PERF_DAY,VERIF_DAY,COMP_DAY,CANCEL_DAY,ORD_MONTH,REQ_COLL_MONTH,DRAWN_MONTH,IN_TRANSIT_MONTH,IN_LAB_MONTH,PERF_MONTH,VERIF_MONTH,COMP_MONTH,CANCEL_MONTH,ORDER_DT_TM,REQ_COLL_DT_TM,DRAWN_DT_TM,IN_TRANSIT_DT_TM,IN_LAB_DT_TM,PERF_DT_TM,VERIF_DT_TM,COMP_DT_TM,CANCEL_DT_TM,ICD9_NOMEN_ID,FINANCIAL_CLASS_CD,ACTIVITY_TYPE_CD,ORDER_STATUS_CD,RESULT_STATUS_CD,UPDT_TASK,UPDT_ID,UPDT_APPLCTX,UPDT_DT_TM,UPDT_CNT,RPT_PRIOR_CD,ORDERABLE_TYPE_FLAG,UM_CHARGE_EVENT_ST_ID,DRAWN_TECH_ID,SUBSECTION_CD,SERVICE_RESOURCE_CD,ACCESSION_FORMAT_CD,ACTIVITY_SUBTYPE_CD,CASE_INADEQUACY_CD,CASE_RESP_PATHOLOGIST_ID,CASE_RESP_RESIDENT_ID,CASE_TYPE_CD,CATALOG_CD,ENCNTR_ID,ORD_YEAR,PATIENT_ID,PERF_TECH_ID,SITE_PREFIX_CD,SPECIMEN_CD,TASK_ASSAY_CD,VERIF_TECH_ID,ACCESSION_NBR,ACT_DRAWN_IN_TRANSIT,ACT_IN_LAB_PERF,ACT_IN_TRANSIT_IN_LAB,ACT_ORD_REQ_COLL,ACT_OVERALL_TAT,ACT_PERF_VERIF,ACT_REQ_COLL_DRAWN,ACT_VERIF_COMP,ADJ_ACT_IN_TRANSIT_IN_LAB,ADJ_ACT_OVERALL_TAT,ADJ_ACT_PERF_VERIF,ADJ_ACT_REQ_COLL_DRAWN,ADJ_ACT_VERIF_COMP,CANCEL_DT_NBR,CANCEL_MIN_NBR,COMP_DT_NBR,COMP_MIN_NBR,DRAWN_DT_NBR,DRAWN_MIN_NBR,EXP_DRAWN_IN_TRANSIT,EXP_IN_LAB_PERF,EXP_IN_TRANSIT_IN_LAB,EXP_ORD_REQ_COLL,EXP_OVERALL_TAT,EXP_PERF_VERIF,EXP_REQ_COLL_DRAWN,EXP_VERIF_COMP,IN_LAB_DT_NBR,IN_LAB_MIN_NBR,ORDER_NU_CD,ORD_DT_NBR,ORD_MIN_NBR,PERF_DT_NBR,PERF_MIN_NBR,REQ_COLL_DT_NBR,REQ_COLL_MIN_NBR,RULE_ID,SMR_FLAG,SM_FLAG,TAT_QUAL_IND,UM_FLAG,VERIF_DT_NBR,VERIF_MIN_NBR,RESULT_ID,PATIENT_BUILD_CD,PATIENT_FAC_CD,SPECIMEN_TYPE_CD,TASK_DETAIL_CD,ANTIBIOTIC_CD,CULTURE_DT_TM,CULTURE_DT_NBR,CULTURE_MIN_NBR,CULTURE_SHIFT_CD,ORGANISM_CD,BODY_SITE_CD,TASK_TYPE_FLAG,TSK_ORD_DT_TM,TSK_ORD_DT_NBR,TSK_ORD_MIN_NBR,TSK_ORD_SHIFT_CD,PERF_QTY,COLLECTION_METHOD_CD,ADJ_ACT_ORD_REQ_COLL,ADJ_ACT_IN_LAB_PERF" --extraoptions "--map-column-java ORDER_ID=Long,REFERENCE_NBR=String,CONTRIBUTOR_SYSTEM_CD=Long,CHARGE_EVENT_ID=Long,DETAIL_IND=Long,CLIENT_ID=Long,ORDER_PHYS_ID=Long,ENCNTR_TYPE_CD=Long,INSTITUTION_CD=Long,DEPARTMENT_CD=Long,PARENT_BILL_ITEM_ID=Long,BILL_ITEM_ID=Long,PATIENT_NU_CD=Long,COLL_PRIOR_CD=Long,SECTION_CD=Long,CANCEL_REASON_CD=Long,CLIENT_GRP_CD=Long,CLIENT_CLASS_CD=Long,ORDER_PHYS_GRP_CD=Long,PATIENT_NU_GRP_CD=Long,ENCNTR_TYPE_GRP_CD=Long,COLL_PRIOR_GRP_CD=Long,MED_SPEC_CD=Long,ORD_SHIFT_CD=Long,ORD_HOUR=Long,REQ_COLL_SHIFT_CD=Long,REQ_COLL_HOUR=Long,DRAWN_SHIFT_CD=Long,DRAWN_HOUR=Long,IN_TRANSIT_SHIFT_CD=Long,IN_TRANSIT_HOUR=Long,IN_LAB_SHIFT_CD=Long,IN_LAB_HOUR=Long,PERF_SHIFT_CD=Long,PERF_HOUR=Long,VERIF_SHIFT_CD=Long,VERIF_HOUR=Long,COMP_SHIFT_CD=Long,COMP_HOUR=Long,CANCEL_HOUR=Long,ORDER_QTY=Long,VERIF_QTY=Long,COMP_QTY=Long,CANCEL_QTY=Long,BILL_QTY=Long,BILL_REVENUE=Long,CREDITED_QTY=Long,CREDITED_REVENUE=Long,ORD_DAY=Long,REQ_COLL_DAY=Long,DRAWN_DAY=Long,IN_TRANSIT_DAY=Long,IN_LAB_DAY=Long,PERF_DAY=Long,VERIF_DAY=Long,COMP_DAY=Long,CANCEL_DAY=Long,ORD_MONTH=String,REQ_COLL_MONTH=String,DRAWN_MONTH=String,IN_TRANSIT_MONTH=String,IN_LAB_MONTH=String,PERF_MONTH=String,VERIF_MONTH=String,COMP_MONTH=String,CANCEL_MONTH=String,ORDER_DT_TM=String,REQ_COLL_DT_TM=String,DRAWN_DT_TM=String,IN_TRANSIT_DT_TM=String,IN_LAB_DT_TM=String,PERF_DT_TM=String,VERIF_DT_TM=String,COMP_DT_TM=String,CANCEL_DT_TM=String,ICD9_NOMEN_ID=Long,FINANCIAL_CLASS_CD=Long,ACTIVITY_TYPE_CD=Long,ORDER_STATUS_CD=Long,RESULT_STATUS_CD=Long,UPDT_TASK=Long,UPDT_ID=Long,UPDT_APPLCTX=Long,UPDT_DT_TM=String,UPDT_CNT=Long,RPT_PRIOR_CD=Long,ORDERABLE_TYPE_FLAG=Long,UM_CHARGE_EVENT_ST_ID=Long,DRAWN_TECH_ID=Long,SUBSECTION_CD=Long,SERVICE_RESOURCE_CD=Long,ACCESSION_FORMAT_CD=Long,ACTIVITY_SUBTYPE_CD=Long,CASE_INADEQUACY_CD=Long,CASE_RESP_PATHOLOGIST_ID=Long,CASE_RESP_RESIDENT_ID=Long,CASE_TYPE_CD=Long,CATALOG_CD=Long,ENCNTR_ID=Long,ORD_YEAR=Long,PATIENT_ID=Long,PERF_TECH_ID=Long,SITE_PREFIX_CD=Long,SPECIMEN_CD=Long,TASK_ASSAY_CD=Long,VERIF_TECH_ID=Long,ACCESSION_NBR=String,ACT_DRAWN_IN_TRANSIT=Long,ACT_IN_LAB_PERF=Long,ACT_IN_TRANSIT_IN_LAB=Long,ACT_ORD_REQ_COLL=Long,ACT_OVERALL_TAT=Long,ACT_PERF_VERIF=Long,ACT_REQ_COLL_DRAWN=Long,ACT_VERIF_COMP=Long,ADJ_ACT_IN_TRANSIT_IN_LAB=Long,ADJ_ACT_OVERALL_TAT=Long,ADJ_ACT_PERF_VERIF=Long,ADJ_ACT_REQ_COLL_DRAWN=Long,ADJ_ACT_VERIF_COMP=Long,CANCEL_DT_NBR=Long,CANCEL_MIN_NBR=Long,COMP_DT_NBR=Long,COMP_MIN_NBR=Long,DRAWN_DT_NBR=Long,DRAWN_MIN_NBR=Long,EXP_DRAWN_IN_TRANSIT=Long,EXP_IN_LAB_PERF=Long,EXP_IN_TRANSIT_IN_LAB=Long,EXP_ORD_REQ_COLL=Long,EXP_OVERALL_TAT=Long,EXP_PERF_VERIF=Long,EXP_REQ_COLL_DRAWN=Long,EXP_VERIF_COMP=Long,IN_LAB_DT_NBR=Long,IN_LAB_MIN_NBR=Long,ORDER_NU_CD=Long,ORD_DT_NBR=Long,ORD_MIN_NBR=Long,PERF_DT_NBR=Long,PERF_MIN_NBR=Long,REQ_COLL_DT_NBR=Long,REQ_COLL_MIN_NBR=Long,RULE_ID=Long,SMR_FLAG=Long,SM_FLAG=Long,TAT_QUAL_IND=Long,UM_FLAG=Long,VERIF_DT_NBR=Long,VERIF_MIN_NBR=Long,RESULT_ID=Long,PATIENT_BUILD_CD=Long,PATIENT_FAC_CD=Long,SPECIMEN_TYPE_CD=Long,TASK_DETAIL_CD=Long,ANTIBIOTIC_CD=Long,CULTURE_DT_TM=String,CULTURE_DT_NBR=Long,CULTURE_MIN_NBR=Long,CULTURE_SHIFT_CD=Long,ORGANISM_CD=Long,BODY_SITE_CD=Long,TASK_TYPE_FLAG=Long,TSK_ORD_DT_TM=String,TSK_ORD_DT_NBR=Long,TSK_ORD_MIN_NBR=Long,TSK_ORD_SHIFT_CD=Long,PERF_QTY=Long,COLLECTION_METHOD_CD=Long,ADJ_ACT_ORD_REQ_COLL=Long,ADJ_ACT_IN_LAB_PERF=Long"
# }
# delta_tz(){
# cd $SCRIPTS_DIR/work-hiae
# sh pyspark_submit_fromUTCtoTZ_delta.sh stg-$1-delta ORDER_ID UPDT_DT_TM stg_millennium.um_charge_event_st 4 2 5g
# }
# drop_tmp()
# {
# hive -e "drop table stg_millennium.$1_tmp"
# hive -e "drop table stg_millennium.$1_delta"
# }
# drop_table(){
# hive -e "drop table stg_millennium.$1"  
# }


# drop_table $1 && full_sqoop $1 && full_tz $1 && drop_tmp $1 && echo "carga full finalizada com sucesso" || exit 1
# #delta_sqoop $1 && delta_tz $1 && drop_tmp $1 && echo "carga delta finalizada com sucesso" || exit 1
]]></script>
        <scriptargs>UM_CHARGE_EVENT_ST</scriptargs>
      </command>
    </sequence>
    <uuid>e3acdfae-2413-4795-8b3b-3937a39c75e5</uuid>
  </job>
</joblist>