<joblist>
  <job>
    <defaultTab>nodes</defaultTab>
    <description>Ingest�o da Tabela PATHWAY_CUSTOMIZED_NOTIFY</description>
    <dispatch>
      <excludePrecedence>true</excludePrecedence>
      <keepgoing>false</keepgoing>
      <rankOrder>ascending</rankOrder>
      <successOnEmptyNodeFilter>false</successOnEmptyNodeFilter>
      <threadcount>1</threadcount>
    </dispatch>
    <executionEnabled>true</executionEnabled>
    <group>STG_MILLENNIUM - Modularizado/STAGE 12</group>
    <id>33b75f96-e61f-4fca-947e-9dcfcb3fbedf</id>
    <loglevel>INFO</loglevel>
    <name>005 - PATHWAY_CUSTOMIZED_NOTIFY</name>
    <nodeFilterEditable>false</nodeFilterEditable>
    <nodefilters>
      <filter>lpfbigdap02*</filter>
    </nodefilters>
    <nodesSelectedByDefault>true</nodesSelectedByDefault>
    <scheduleEnabled>true</scheduleEnabled>
    <sequence keepgoing='false' strategy='node-first'>
      <command>
        <description>PATHWAY_CUSTOMIZED_NOTIFY</description>
        <script><![CDATA[cd $SCRIPTS_DIR/ingestions/

sh ingestion-new.sh --env millennium --sourcetable $1 --all 1

# full_sqoop(){
# echo "INGESTION_SQOOP_DIR: $INGESTION_SQOOP_DIR"
# cd $INGESTION_SQOOP_DIR
# echo "INICIANDO CARGA DA TABELA $1"
# sh sqoop_import.sh --env millennium --sourcetable $1 --extraoptions "--map-column-java NOTIFICATION_DT_TM=String,UPDT_DT_TM=String"
# #impala-shell -i lpfda05.domhiae.einstein.br:21000 -q "invalidate metadata stg_millennium.$1"
# }
# full_tz(){
# echo "INICIANDO MUDANCA DE TZ DA FULL TABELA $1"
# cd $SCRIPTS_DIR/work-hiae
# sh pyspark_submit_fromUTCtoTZ_Full.sh $1-Full stg_millennium.$1
# }
# delta_sqoop(){
# echo "INGESTION_SQOOP_DIR: $INGESTION_SQOOP_DIR"
# cd $INGESTION_SQOOP_DIR
# echo "INICIANDO CARGA DELTA DA TABELA $1"
# sh sqoop_import.sh --env millennium --sourcetable $1 --dias 1 --mode DELTA --splitby PATHWAY_CUSTOMIZED_NOTIFY_ID --updtcol UPDT_DT_TM --cols "*" --extraoptions "--map-column-java NOTIFICATION_DT_TM=String,UPDT_DT_TM=String"
# }
# delta_tz(){
# cd $SCRIPTS_DIR/work-hiae
# sh pyspark_submit_fromUTCtoTZ_delta.sh stage-$1-delta UPDT_DT_TM stg_millennium.$1
# }
# drop_tmp(){
# #hive -e "drop table stg_millennium.$1_tmp"
# #hive -e "drop table stg_millennium.$1_delta"
# beeline -u "jdbc:hive2://lpfbigdap01.einstein.br:10000/default;principal=hive/lpfbigdap01.einstein.br@DOMHIAE.EINSTEIN.BR" -e "drop table stg_millennium.$1_tmp"
# beeline -u "jdbc:hive2://lpfbigdap01.einstein.br:10000/default;principal=hive/lpfbigdap01.einstein.br@DOMHIAE.EINSTEIN.BR" -e "drop table stg_millennium.$1_delta"
# }

# drop_table(){
# #hive -e "drop table stg_millennium.$1"
# beeline -u "jdbc:hive2://lpfbigdap01.einstein.br:10000/default;principal=hive/lpfbigdap01.einstein.br@DOMHIAE.EINSTEIN.BR" -e "drop table stg_millennium.$1"  
# }

# drop_table $1 && full_sqoop $1 && full_tz $1 && drop_tmp $1 && echo "carga full finalizada com sucesso" || exit 1
# #delta_sqoop $1 && delta_tz $1 && drop_tmp $1 && echo "carga delta finalizada com sucesso" || exit 1

#cd $SCRIPTS_DIR/ingestions/
#sh ingestion.sh --env millennium --sourcetable $1]]></script>
        <scriptargs>PATHWAY_CUSTOMIZED_NOTIFY</scriptargs>
      </command>
    </sequence>
    <uuid>33b75f96-e61f-4fca-947e-9dcfcb3fbedf</uuid>
  </job>
</joblist>