<joblist>
  <job>
    <defaultTab>nodes</defaultTab>
    <description>Ingest�o da Tabela SURGICAL_CASE</description>
    <dispatch>
      <excludePrecedence>true</excludePrecedence>
      <keepgoing>false</keepgoing>
      <rankOrder>ascending</rankOrder>
      <successOnEmptyNodeFilter>false</successOnEmptyNodeFilter>
      <threadcount>1</threadcount>
    </dispatch>
    <executionEnabled>true</executionEnabled>
    <group>STG_MILLENNIUM - Modularizado/STAGE 10</group>
    <id>92638130-b40e-4833-b486-f5309de8d7d5</id>
    <loglevel>INFO</loglevel>
    <name>005 - SURGICAL_CASE</name>
    <nodeFilterEditable>false</nodeFilterEditable>
    <nodefilters>
      <filter>lpfbigdap02*</filter>
    </nodefilters>
    <nodesSelectedByDefault>true</nodesSelectedByDefault>
    <scheduleEnabled>true</scheduleEnabled>
    <sequence keepgoing='false' strategy='node-first'>
      <command>
        <description>SURGICAL_CASE</description>
        <script><![CDATA[cd $SCRIPTS_DIR/ingestions/

sh ingestion-new.sh --env millennium --sourcetable $1 --all 1

#cd $SCRIPTS_DIR/ingestions/
#sh ingestion.sh --env millennium --sourcetable $1

# # echo "INICIANDO MUDANCA DE TZ DA FULL TABELA $1"
# # cd $INGESTION_SQOOP_DIR
# # echo "INICIANDO CARGA DA TABELA $1"
# # sh sqoop_import.sh --env millennium --sourcetable $1  --query " \
# # 'SELECT \
# # SCHED_START_DT_TM, \
# # SURG_START_DT_TM, \
# # SURG_STOP_DT_TM, \
# # CURR_CASE_STATUS_DT_TM, \
# # CHECKIN_DT_TM, \
# # CREATE_DT_TM, \
# # UPDT_DT_TM, \
# # ACTIVE_STATUS_DT_TM, \
# # CANCEL_DT_TM, \
# # POSTOP_DIAG_TEXT_ID, \
# # SURG_CASE_NBR_YR, \
# # SURG_CASE_NBR_CNT, \
# # ADDL_SUPPLIES_IND, \
# # ADD_ON_IND, \
# # SCH_EVENT_ID, \
# # SCHED_SURG_AREA_CD, \
# # SCHED_START_DAY, \
# # SCHED_START_HOUR, \
# # SCHED_START_MONTH, \
# # SCHED_SETUP_DUR, \
# # SCHED_DUR, \
# # SCHED_CASE_TYPE_CD, \
# # SCHED_TYPE_CD, \
# # SCHED_OP_LOC_CD, \
# # SCHED_PAT_TYPE_CD, \
# # SCHED_OR_SHIFT_CD, \
# # SCHED_ANESTH_PRSNL_ID, \
# # SCHED_QTY, \
# # SURG_STOP_TZ, \
# # UPDT_TZ, \
# # CHECKIN_TZ, \
# # SCHED_CLEANUP_DUR, \
# # SURG_CASE_ID, \
# # PERSON_ID, \
# # ENCNTR_ID, \
# # INST_CD, \
# # DEPT_CD, \
# # SURG_AREA_CD, \
# # SURGEON_PRSNL_ID, \
# # ANESTH_PRSNL_ID, \
# # SURG_OP_LOC_CD, \
# # SURG_SPECIALTY_ID, \
# # WOUND_CLASS_CD, \
# # SURG_START_DAY, \
# # SURG_START_HOUR, \
# # SURG_START_MONTH, \
# # SURG_COMPLETE_QTY, \
# # SURG_DUR_MIN, \
# # CURR_CASE_STATUS_CD, \
# # ANESTH_TYPE_CD, \
# # ASA_CLASS_CD, \
# # CASE_LEVEL_CD, \
# # OR_SHIFT_CD, \
# # PAT_TYPE_CD, \
# # PREOP_DIAG_TEXT_ID, \
# # CANCEL_REASON_CD, \
# # CANCEL_REQ_BY_ID, \
# # CREATE_PRSNL_ID, \
# # CREATE_TASK, \
# # CREATE_APPLCTX, \
# # UPDT_CNT, \
# # UPDT_ID, \
# # UPDT_TASK, \
# # UPDT_APPLCTX, \
# # SURG_CASE_NBR_LOCN_CD, \
# # SCHED_CASE_NBR_LOCN_CD, \
# # APPT_ID, \
# # TURNOVER_DUR, \
# # ACTIVE_IND, \
# # ACTIVE_STATUS_CD, \
# # ACTIVE_STATUS_PRSNL_ID, \
# # CHECKIN_BY_ID, \
# # SCHED_SURG_SPECIALTY_ID, \
# # CANCEL_TZ, \
# # SCHED_START_TZ, \
# # SURG_START_TZ, \
# # CANCEL_REQ_BY_TEXT, \
# # SURG_CASE_NBR_FORMATTED \
# # FROM SURGICAL_CASE where \$CONDITIONS'" --splitby SURG_CASE_ID --extraoptions "--map-column-java SURG_CASE_ID=Long,PERSON_ID=Long,ENCNTR_ID=Long,INST_CD=Long,DEPT_CD=Long,SURG_AREA_CD=Long,SURGEON_PRSNL_ID=Long,ANESTH_PRSNL_ID=Long,SURG_OP_LOC_CD=Long,SURG_SPECIALTY_ID=Long,WOUND_CLASS_CD=Long,SURG_START_DT_TM=String,SURG_STOP_DT_TM=String,SURG_START_DAY=Integer,SURG_START_HOUR=Integer,SURG_START_MONTH=Integer,SURG_COMPLETE_QTY=Integer,SURG_DUR_MIN=Integer,CURR_CASE_STATUS_CD=Long,CURR_CASE_STATUS_DT_TM=String,ANESTH_TYPE_CD=Long,ASA_CLASS_CD=Long,CASE_LEVEL_CD=Long,OR_SHIFT_CD=Long,PAT_TYPE_CD=Long,PREOP_DIAG_TEXT_ID=Long,POSTOP_DIAG_TEXT_ID=Long,SURG_CASE_NBR_YR=Long,SURG_CASE_NBR_CNT=Long,ADDL_SUPPLIES_IND=Long,ADD_ON_IND=Long,SCH_EVENT_ID=Long,SCHED_SURG_AREA_CD=Long,SCHED_START_DT_TM=String,SCHED_START_DAY=Integer,SCHED_START_HOUR=Integer,SCHED_START_MONTH=Integer,SCHED_SETUP_DUR=Integer,SCHED_DUR=Integer,SCHED_CASE_TYPE_CD=Long,SCHED_TYPE_CD=Long,SCHED_OP_LOC_CD=Long,SCHED_PAT_TYPE_CD=Long,SCHED_OR_SHIFT_CD=Long,SCHED_ANESTH_PRSNL_ID=Long,SCHED_QTY=Integer,CANCEL_DT_TM=String,CANCEL_REASON_CD=Long,CANCEL_REQ_BY_ID=Long,CREATE_DT_TM=String,CREATE_PRSNL_ID=Long,CREATE_TASK=Long,CREATE_APPLCTX=Long,UPDT_CNT=Integer,UPDT_DT_TM=String,UPDT_ID=Long,UPDT_TASK=Long,UPDT_APPLCTX=Long,SURG_CASE_NBR_LOCN_CD=Long,SCHED_CASE_NBR_LOCN_CD=Long,APPT_ID=Long,TURNOVER_DUR=Integer,ACTIVE_IND=Integer,ACTIVE_STATUS_CD=Long,ACTIVE_STATUS_DT_TM=String,ACTIVE_STATUS_PRSNL_ID=Long,CHECKIN_BY_ID=Long,CHECKIN_DT_TM=String,SCHED_SURG_SPECIALTY_ID=Long,CANCEL_TZ=Integer,SCHED_START_TZ=Integer,SURG_START_TZ=Integer,SURG_STOP_TZ=Integer,UPDT_TZ=Integer,CHECKIN_TZ=Integer,SCHED_CLEANUP_DUR=Integer"
# # cd $SCRIPTS_DIR/work-hiae
# # sh pyspark_submit_fromUTCtoTZ_Full.sh $1-Full stg_millennium.$1

# # echo "INGESTION_SQOOP_DIR: $INGESTION_SQOOP_DIR"
# # cd $INGESTION_SQOOP_DIR
# # echo "INICIANDO CARGA DELTA DA TABELA $1"
# # sh sqoop_import.sh --env millennium --sourcetable $1 --dias 1 --mode DELTA --splitby SURG_CASE_ID  --updtcol UPDT_DT_TM --cols "SCHED_START_DT_TM, \
# # SURG_START_DT_TM, \
# # SURG_STOP_DT_TM, \
# # CURR_CASE_STATUS_DT_TM, \
# # CHECKIN_DT_TM, \
# # CREATE_DT_TM, \
# # UPDT_DT_TM, \
# # ACTIVE_STATUS_DT_TM, \
# # CANCEL_DT_TM, \
# # POSTOP_DIAG_TEXT_ID, \
# # SURG_CASE_NBR_YR, \
# # SURG_CASE_NBR_CNT, \
# # ADDL_SUPPLIES_IND, \
# # ADD_ON_IND, \
# # SCH_EVENT_ID, \
# # SCHED_SURG_AREA_CD, \
# # SCHED_START_DAY, \
# # SCHED_START_HOUR, \
# # SCHED_START_MONTH, \
# # SCHED_SETUP_DUR, \
# # SCHED_DUR, \
# # SCHED_CASE_TYPE_CD, \
# # SCHED_TYPE_CD, \
# # SCHED_OP_LOC_CD, \
# # SCHED_PAT_TYPE_CD, \
# # SCHED_OR_SHIFT_CD, \
# # SCHED_ANESTH_PRSNL_ID, \
# # SCHED_QTY, \
# # SURG_STOP_TZ, \
# # UPDT_TZ, \
# # CHECKIN_TZ, \
# # SCHED_CLEANUP_DUR, \
# # SURG_CASE_ID, \
# # PERSON_ID, \
# # ENCNTR_ID, \
# # INST_CD, \
# # DEPT_CD, \
# # SURG_AREA_CD, \
# # SURGEON_PRSNL_ID, \
# # ANESTH_PRSNL_ID, \
# # SURG_OP_LOC_CD, \
# # SURG_SPECIALTY_ID, \
# # WOUND_CLASS_CD, \
# # SURG_START_DAY, \
# # SURG_START_HOUR, \
# # SURG_START_MONTH, \
# # SURG_COMPLETE_QTY, \
# # SURG_DUR_MIN, \
# # CURR_CASE_STATUS_CD, \
# # ANESTH_TYPE_CD, \
# # ASA_CLASS_CD, \
# # CASE_LEVEL_CD, \
# # OR_SHIFT_CD, \
# # PAT_TYPE_CD, \
# # PREOP_DIAG_TEXT_ID, \
# # CANCEL_REASON_CD, \
# # CANCEL_REQ_BY_ID, \
# # CREATE_PRSNL_ID, \
# # CREATE_TASK, \
# # CREATE_APPLCTX, \
# # UPDT_CNT, \
# # UPDT_ID, \
# # UPDT_TASK, \
# # UPDT_APPLCTX, \
# # SURG_CASE_NBR_LOCN_CD, \
# # SCHED_CASE_NBR_LOCN_CD, \
# # APPT_ID, \
# # TURNOVER_DUR, \
# # ACTIVE_IND, \
# # ACTIVE_STATUS_CD, \
# # ACTIVE_STATUS_PRSNL_ID, \
# # CHECKIN_BY_ID, \
# # SCHED_SURG_SPECIALTY_ID, \
# # CANCEL_TZ, \
# # SCHED_START_TZ, \
# # SURG_START_TZ, \
# # CANCEL_REQ_BY_TEXT, \
# # SURG_CASE_NBR_FORMATTED" --extraoptions "--map-column-java SURG_CASE_ID=Long,PERSON_ID=Long,ENCNTR_ID=Long,INST_CD=Long,DEPT_CD=Long,SURG_AREA_CD=Long,SURGEON_PRSNL_ID=Long,ANESTH_PRSNL_ID=Long,SURG_OP_LOC_CD=Long,SURG_SPECIALTY_ID=Long,WOUND_CLASS_CD=Long,SURG_START_DT_TM=String,SURG_STOP_DT_TM=String,SURG_START_DAY=Integer,SURG_START_HOUR=Integer,SURG_START_MONTH=Integer,SURG_COMPLETE_QTY=Integer,SURG_DUR_MIN=Integer,CURR_CASE_STATUS_CD=Long,CURR_CASE_STATUS_DT_TM=String,ANESTH_TYPE_CD=Long,ASA_CLASS_CD=Long,CASE_LEVEL_CD=Long,OR_SHIFT_CD=Long,PAT_TYPE_CD=Long,PREOP_DIAG_TEXT_ID=Long,POSTOP_DIAG_TEXT_ID=Long,SURG_CASE_NBR_YR=Long,SURG_CASE_NBR_CNT=Long,ADDL_SUPPLIES_IND=Long,ADD_ON_IND=Long,SCH_EVENT_ID=Long,SCHED_SURG_AREA_CD=Long,SCHED_START_DT_TM=String,SCHED_START_DAY=Integer,SCHED_START_HOUR=Integer,SCHED_START_MONTH=Integer,SCHED_SETUP_DUR=Integer,SCHED_DUR=Integer,SCHED_CASE_TYPE_CD=Long,SCHED_TYPE_CD=Long,SCHED_OP_LOC_CD=Long,SCHED_PAT_TYPE_CD=Long,SCHED_OR_SHIFT_CD=Long,SCHED_ANESTH_PRSNL_ID=Long,SCHED_QTY=Integer,CANCEL_DT_TM=String,CANCEL_REASON_CD=Long,CANCEL_REQ_BY_ID=Long,CREATE_DT_TM=String,CREATE_PRSNL_ID=Long,CREATE_TASK=Long,CREATE_APPLCTX=Long,UPDT_CNT=Integer,UPDT_DT_TM=String,UPDT_ID=Long,UPDT_TASK=Long,UPDT_APPLCTX=Long,SURG_CASE_NBR_LOCN_CD=Long,SCHED_CASE_NBR_LOCN_CD=Long,APPT_ID=Long,TURNOVER_DUR=Integer,ACTIVE_IND=Integer,ACTIVE_STATUS_CD=Long,ACTIVE_STATUS_DT_TM=String,ACTIVE_STATUS_PRSNL_ID=Long,CHECKIN_BY_ID=Long,CHECKIN_DT_TM=String,SCHED_SURG_SPECIALTY_ID=Long,CANCEL_TZ=Integer,SCHED_START_TZ=Integer,SURG_START_TZ=Integer,SURG_STOP_TZ=Integer,UPDT_TZ=Integer,CHECKIN_TZ=Integer,SCHED_CLEANUP_DUR=Integer"
# # cd $SCRIPTS_DIR/work-hiae
# # sh pyspark_submit_fromUTCtoTZ_delta.sh stage-$1-delta SURG_CASE_ID UPDT_DT_TM stg_millennium.$1
# # hive -e "drop table stg_millennium.$1_tmp"
# # hive -e "drop table stg_millennium.$1_delta"


# full_sqoop(){
# echo "INICIANDO MUDANCA DE TZ DA FULL TABELA $1"
# cd $INGESTION_SQOOP_DIR
# echo "INICIANDO CARGA DA TABELA $1"
# sh sqoop_import.sh --env millennium --sourcetable $1  --query " \
# 'SELECT \
# SCHED_START_DT_TM, \
# SURG_START_DT_TM, \
# SURG_STOP_DT_TM, \
# CURR_CASE_STATUS_DT_TM, \
# CHECKIN_DT_TM, \
# CREATE_DT_TM, \
# UPDT_DT_TM, \
# ACTIVE_STATUS_DT_TM, \
# CANCEL_DT_TM, \
# POSTOP_DIAG_TEXT_ID, \
# SURG_CASE_NBR_YR, \
# SURG_CASE_NBR_CNT, \
# ADDL_SUPPLIES_IND, \
# ADD_ON_IND, \
# SCH_EVENT_ID, \
# SCHED_SURG_AREA_CD, \
# SCHED_START_DAY, \
# SCHED_START_HOUR, \
# SCHED_START_MONTH, \
# SCHED_SETUP_DUR, \
# SCHED_DUR, \
# SCHED_CASE_TYPE_CD, \
# SCHED_TYPE_CD, \
# SCHED_OP_LOC_CD, \
# SCHED_PAT_TYPE_CD, \
# SCHED_OR_SHIFT_CD, \
# SCHED_ANESTH_PRSNL_ID, \
# SCHED_QTY, \
# SURG_STOP_TZ, \
# UPDT_TZ, \
# CHECKIN_TZ, \
# SCHED_CLEANUP_DUR, \
# SURG_CASE_ID, \
# PERSON_ID, \
# ENCNTR_ID, \
# INST_CD, \
# DEPT_CD, \
# SURG_AREA_CD, \
# SURGEON_PRSNL_ID, \
# ANESTH_PRSNL_ID, \
# SURG_OP_LOC_CD, \
# SURG_SPECIALTY_ID, \
# WOUND_CLASS_CD, \
# SURG_START_DAY, \
# SURG_START_HOUR, \
# SURG_START_MONTH, \
# SURG_COMPLETE_QTY, \
# SURG_DUR_MIN, \
# CURR_CASE_STATUS_CD, \
# ANESTH_TYPE_CD, \
# ASA_CLASS_CD, \
# CASE_LEVEL_CD, \
# OR_SHIFT_CD, \
# PAT_TYPE_CD, \
# PREOP_DIAG_TEXT_ID, \
# CANCEL_REASON_CD, \
# CANCEL_REQ_BY_ID, \
# CREATE_PRSNL_ID, \
# CREATE_TASK, \
# CREATE_APPLCTX, \
# UPDT_CNT, \
# UPDT_ID, \
# UPDT_TASK, \
# UPDT_APPLCTX, \
# SURG_CASE_NBR_LOCN_CD, \
# SCHED_CASE_NBR_LOCN_CD, \
# APPT_ID, \
# TURNOVER_DUR, \
# ACTIVE_IND, \
# ACTIVE_STATUS_CD, \
# ACTIVE_STATUS_PRSNL_ID, \
# CHECKIN_BY_ID, \
# SCHED_SURG_SPECIALTY_ID, \
# CANCEL_TZ, \
# SCHED_START_TZ, \
# SURG_START_TZ, \
# CANCEL_REQ_BY_TEXT, \
# SURG_CASE_NBR_FORMATTED \
# FROM SURGICAL_CASE where \$CONDITIONS'" --splitby SURG_CASE_ID --extraoptions "--map-column-java SURG_CASE_ID=Long,PERSON_ID=Long,ENCNTR_ID=Long,INST_CD=Long,DEPT_CD=Long,SURG_AREA_CD=Long,SURGEON_PRSNL_ID=Long,ANESTH_PRSNL_ID=Long,SURG_OP_LOC_CD=Long,SURG_SPECIALTY_ID=Long,WOUND_CLASS_CD=Long,SURG_START_DT_TM=String,SURG_STOP_DT_TM=String,SURG_START_DAY=Integer,SURG_START_HOUR=Integer,SURG_START_MONTH=Integer,SURG_COMPLETE_QTY=Integer,SURG_DUR_MIN=Integer,CURR_CASE_STATUS_CD=Long,CURR_CASE_STATUS_DT_TM=String,ANESTH_TYPE_CD=Long,ASA_CLASS_CD=Long,CASE_LEVEL_CD=Long,OR_SHIFT_CD=Long,PAT_TYPE_CD=Long,PREOP_DIAG_TEXT_ID=Long,POSTOP_DIAG_TEXT_ID=Long,SURG_CASE_NBR_YR=Long,SURG_CASE_NBR_CNT=Long,ADDL_SUPPLIES_IND=Long,ADD_ON_IND=Long,SCH_EVENT_ID=Long,SCHED_SURG_AREA_CD=Long,SCHED_START_DT_TM=String,SCHED_START_DAY=Integer,SCHED_START_HOUR=Integer,SCHED_START_MONTH=Integer,SCHED_SETUP_DUR=Integer,SCHED_DUR=Integer,SCHED_CASE_TYPE_CD=Long,SCHED_TYPE_CD=Long,SCHED_OP_LOC_CD=Long,SCHED_PAT_TYPE_CD=Long,SCHED_OR_SHIFT_CD=Long,SCHED_ANESTH_PRSNL_ID=Long,SCHED_QTY=Integer,CANCEL_DT_TM=String,CANCEL_REASON_CD=Long,CANCEL_REQ_BY_ID=Long,CREATE_DT_TM=String,CREATE_PRSNL_ID=Long,CREATE_TASK=Long,CREATE_APPLCTX=Long,UPDT_CNT=Integer,UPDT_DT_TM=String,UPDT_ID=Long,UPDT_TASK=Long,UPDT_APPLCTX=Long,SURG_CASE_NBR_LOCN_CD=Long,SCHED_CASE_NBR_LOCN_CD=Long,APPT_ID=Long,TURNOVER_DUR=Integer,ACTIVE_IND=Integer,ACTIVE_STATUS_CD=Long,ACTIVE_STATUS_DT_TM=String,ACTIVE_STATUS_PRSNL_ID=Long,CHECKIN_BY_ID=Long,CHECKIN_DT_TM=String,SCHED_SURG_SPECIALTY_ID=Long,CANCEL_TZ=Integer,SCHED_START_TZ=Integer,SURG_START_TZ=Integer,SURG_STOP_TZ=Integer,UPDT_TZ=Integer,CHECKIN_TZ=Integer,SCHED_CLEANUP_DUR=Integer"

# }
# full_tz(){
# echo "INICIANDO MUDANCA DE TZ DA FULL TABELA $1"
# cd $SCRIPTS_DIR/work-hiae
# sh pyspark_submit_fromUTCtoTZ_Full.sh $1-Full stg_millennium.$1
# }
# delta_sqoop(){
# echo "INGESTION_SQOOP_DIR: $INGESTION_SQOOP_DIR"
# cd $INGESTION_SQOOP_DIR
# echo "INICIANDO CARGA DELTA DA TABELA $1"
# sh sqoop_import.sh --env millennium --sourcetable $1 --dias 1 --mode DELTA --splitby SURG_CASE_ID  --updtcol UPDT_DT_TM --cols "SCHED_START_DT_TM, \
# SURG_START_DT_TM, \
# SURG_STOP_DT_TM, \
# CURR_CASE_STATUS_DT_TM, \
# CHECKIN_DT_TM, \
# CREATE_DT_TM, \
# UPDT_DT_TM, \
# ACTIVE_STATUS_DT_TM, \
# CANCEL_DT_TM, \
# POSTOP_DIAG_TEXT_ID, \
# SURG_CASE_NBR_YR, \
# SURG_CASE_NBR_CNT, \
# ADDL_SUPPLIES_IND, \
# ADD_ON_IND, \
# SCH_EVENT_ID, \
# SCHED_SURG_AREA_CD, \
# SCHED_START_DAY, \
# SCHED_START_HOUR, \
# SCHED_START_MONTH, \
# SCHED_SETUP_DUR, \
# SCHED_DUR, \
# SCHED_CASE_TYPE_CD, \
# SCHED_TYPE_CD, \
# SCHED_OP_LOC_CD, \
# SCHED_PAT_TYPE_CD, \
# SCHED_OR_SHIFT_CD, \
# SCHED_ANESTH_PRSNL_ID, \
# SCHED_QTY, \
# SURG_STOP_TZ, \
# UPDT_TZ, \
# CHECKIN_TZ, \
# SCHED_CLEANUP_DUR, \
# SURG_CASE_ID, \
# PERSON_ID, \
# ENCNTR_ID, \
# INST_CD, \
# DEPT_CD, \
# SURG_AREA_CD, \
# SURGEON_PRSNL_ID, \
# ANESTH_PRSNL_ID, \
# SURG_OP_LOC_CD, \
# SURG_SPECIALTY_ID, \
# WOUND_CLASS_CD, \
# SURG_START_DAY, \
# SURG_START_HOUR, \
# SURG_START_MONTH, \
# SURG_COMPLETE_QTY, \
# SURG_DUR_MIN, \
# CURR_CASE_STATUS_CD, \
# ANESTH_TYPE_CD, \
# ASA_CLASS_CD, \
# CASE_LEVEL_CD, \
# OR_SHIFT_CD, \
# PAT_TYPE_CD, \
# PREOP_DIAG_TEXT_ID, \
# CANCEL_REASON_CD, \
# CANCEL_REQ_BY_ID, \
# CREATE_PRSNL_ID, \
# CREATE_TASK, \
# CREATE_APPLCTX, \
# UPDT_CNT, \
# UPDT_ID, \
# UPDT_TASK, \
# UPDT_APPLCTX, \
# SURG_CASE_NBR_LOCN_CD, \
# SCHED_CASE_NBR_LOCN_CD, \
# APPT_ID, \
# TURNOVER_DUR, \
# ACTIVE_IND, \
# ACTIVE_STATUS_CD, \
# ACTIVE_STATUS_PRSNL_ID, \
# CHECKIN_BY_ID, \
# SCHED_SURG_SPECIALTY_ID, \
# CANCEL_TZ, \
# SCHED_START_TZ, \
# SURG_START_TZ, \
# CANCEL_REQ_BY_TEXT, \
# SURG_CASE_NBR_FORMATTED" --extraoptions "--map-column-java SURG_CASE_ID=Long,PERSON_ID=Long,ENCNTR_ID=Long,INST_CD=Long,DEPT_CD=Long,SURG_AREA_CD=Long,SURGEON_PRSNL_ID=Long,ANESTH_PRSNL_ID=Long,SURG_OP_LOC_CD=Long,SURG_SPECIALTY_ID=Long,WOUND_CLASS_CD=Long,SURG_START_DT_TM=String,SURG_STOP_DT_TM=String,SURG_START_DAY=Integer,SURG_START_HOUR=Integer,SURG_START_MONTH=Integer,SURG_COMPLETE_QTY=Integer,SURG_DUR_MIN=Integer,CURR_CASE_STATUS_CD=Long,CURR_CASE_STATUS_DT_TM=String,ANESTH_TYPE_CD=Long,ASA_CLASS_CD=Long,CASE_LEVEL_CD=Long,OR_SHIFT_CD=Long,PAT_TYPE_CD=Long,PREOP_DIAG_TEXT_ID=Long,POSTOP_DIAG_TEXT_ID=Long,SURG_CASE_NBR_YR=Long,SURG_CASE_NBR_CNT=Long,ADDL_SUPPLIES_IND=Long,ADD_ON_IND=Long,SCH_EVENT_ID=Long,SCHED_SURG_AREA_CD=Long,SCHED_START_DT_TM=String,SCHED_START_DAY=Integer,SCHED_START_HOUR=Integer,SCHED_START_MONTH=Integer,SCHED_SETUP_DUR=Integer,SCHED_DUR=Integer,SCHED_CASE_TYPE_CD=Long,SCHED_TYPE_CD=Long,SCHED_OP_LOC_CD=Long,SCHED_PAT_TYPE_CD=Long,SCHED_OR_SHIFT_CD=Long,SCHED_ANESTH_PRSNL_ID=Long,SCHED_QTY=Integer,CANCEL_DT_TM=String,CANCEL_REASON_CD=Long,CANCEL_REQ_BY_ID=Long,CREATE_DT_TM=String,CREATE_PRSNL_ID=Long,CREATE_TASK=Long,CREATE_APPLCTX=Long,UPDT_CNT=Integer,UPDT_DT_TM=String,UPDT_ID=Long,UPDT_TASK=Long,UPDT_APPLCTX=Long,SURG_CASE_NBR_LOCN_CD=Long,SCHED_CASE_NBR_LOCN_CD=Long,APPT_ID=Long,TURNOVER_DUR=Integer,ACTIVE_IND=Integer,ACTIVE_STATUS_CD=Long,ACTIVE_STATUS_DT_TM=String,ACTIVE_STATUS_PRSNL_ID=Long,CHECKIN_BY_ID=Long,CHECKIN_DT_TM=String,SCHED_SURG_SPECIALTY_ID=Long,CANCEL_TZ=Integer,SCHED_START_TZ=Integer,SURG_START_TZ=Integer,SURG_STOP_TZ=Integer,UPDT_TZ=Integer,CHECKIN_TZ=Integer,SCHED_CLEANUP_DUR=Integer"
# }
# delta_tz(){
# cd $SCRIPTS_DIR/work-hiae
# sh pyspark_submit_fromUTCtoTZ_delta.sh stage-$1-delta SURG_CASE_ID UPDT_DT_TM stg_millennium.$1
# }
# drop_tmp(){
# hive -e "drop table stg_millennium.$1_tmp"
# hive -e "drop table stg_millennium.$1_delta"
# }

# drop_table(){
#     hive -e "drop table stg_millennium.$1"
# }

# #drop_table $1 && full_sqoop $1 && full_tz $1 && drop_tmp $1 && echo "carga full finalizada com sucesso" || exit 1

# delta_sqoop $1 && delta_tz $1 && drop_tmp $1 && echo "carga delta finalizada com sucesso" || exit 1
]]></script>
        <scriptargs>SURGICAL_CASE</scriptargs>
      </command>
    </sequence>
    <uuid>92638130-b40e-4833-b486-f5309de8d7d5</uuid>
  </job>
</joblist>