<joblist>
  <job>
    <defaultTab>nodes</defaultTab>
    <description>Ingest�o da Tabela PERSON_PERSON_RELTN</description>
    <dispatch>
      <excludePrecedence>true</excludePrecedence>
      <keepgoing>false</keepgoing>
      <rankOrder>ascending</rankOrder>
      <successOnEmptyNodeFilter>false</successOnEmptyNodeFilter>
      <threadcount>1</threadcount>
    </dispatch>
    <executionEnabled>true</executionEnabled>
    <group>STG_MILLENNIUM - Modularizado/STAGE 10</group>
    <id>da9dbc0c-5f62-44e3-a7fd-abc6cf42bccb</id>
    <loglevel>INFO</loglevel>
    <name>001 - PERSON_PERSON_RELTN</name>
    <nodeFilterEditable>false</nodeFilterEditable>
    <nodefilters>
      <filter>lpfbigdap02*</filter>
    </nodefilters>
    <nodesSelectedByDefault>true</nodesSelectedByDefault>
    <scheduleEnabled>true</scheduleEnabled>
    <sequence keepgoing='false' strategy='node-first'>
      <command>
        <description>PERSON_PERSON_RELTN</description>
        <script><![CDATA[cd $SCRIPTS_DIR/ingestions/

sh ingestion-new.sh --env millennium --sourcetable $1 --all 1

#sh ingestion.sh --env millennium --sourcetable $1

# full_sqoop(){
# echo "INGESTION_SQOOP_DIR: $INGESTION_SQOOP_DIR"
# cd $INGESTION_SQOOP_DIR
# echo "INICIANDO CARGA DA TABELA $1"
# sh sqoop_import.sh --env millennium --sourcetable $1 --extraoptions "--map-column-java ACTIVE_IND=Long,ACTIVE_STATUS_CD=Long,ACTIVE_STATUS_DT_TM=String,ACTIVE_STATUS_PRSNL_ID=Long,BEG_EFFECTIVE_DT_TM=String,CONTACT_ROLE_CD=Long,CONTRIBUTOR_SYSTEM_CD=Long,COPY_CORRESPONDENCE_CD=Long,DATA_STATUS_CD=Long,DATA_STATUS_DT_TM=String,DATA_STATUS_PRSNL_ID=Long,DEFAULT_RELTN_IND=Long,END_EFFECTIVE_DT_TM=String,FAMILY_RELTN_SUB_TYPE_CD=Long,FREE_TEXT_CD=Long,FT_REL_PERSON_NAME=String,GENETIC_RELATIONSHIP_IND=Long,INTERNAL_SEQ=Long,LIVING_WITH_IND=Long,PERSON_ID=Long,PERSON_PERSON_RELTN_ID=Long,PERSON_RELTN_CD=Long,PERSON_RELTN_TYPE_CD=Long,PRIORITY_SEQ=Long,RELATED_PERSON_ID=Long,RELATED_PERSON_RELTN_CD=Long,RELATION_SEQ=Long,SOURCE_IDENTIFIER=String,UPDT_APPLCTX=Long,UPDT_CNT=Long,UPDT_DT_TM=String,UPDT_ID=Long,UPDT_TASK=Long,VISITATION_ALLOWED_CD=Long"
# }
# full_tz()
# {
# echo "INICIANDO MUDANCA DE TZ DA FULL TABELA $1"
# cd $SCRIPTS_DIR/work-hiae
# sh pyspark_submit_fromUTCtoTZ_Full.sh $1-Full stg_millennium.$1 6 3 20g
# }

# delta_sqoop(){
# echo "INGESTION_SQOOP_DIR: $INGESTION_SQOOP_DIR"
# cd $INGESTION_SQOOP_DIR
# echo "INICIANDO CARGA DA TABELA $1"
# sh sqoop_import.sh --env millennium --mode DELTA --dias 1 --sourcetable $1 --splitby PERSON_PERSON_RELTN_ID --updtcol UPDT_DT_TM --cols "active_ind,active_status_cd,active_status_dt_tm,active_status_prsnl_id,beg_effective_dt_tm,contact_role_cd,contributor_system_cd,copy_correspondence_cd,data_status_cd,data_status_dt_tm,data_status_prsnl_id,default_reltn_ind,end_effective_dt_tm,family_reltn_sub_type_cd,free_text_cd,ft_rel_person_name,genetic_relationship_ind,internal_seq,living_with_ind,person_id,person_person_reltn_id,person_reltn_cd,person_reltn_type_cd,priority_seq,related_person_id,related_person_reltn_cd,relation_seq,source_identifier,updt_applctx,updt_cnt,updt_dt_tm,updt_id,updt_task,visitation_allowed_cd" --extraoptions "--map-column-java ACTIVE_IND=Long,ACTIVE_STATUS_CD=Long,ACTIVE_STATUS_DT_TM=String,ACTIVE_STATUS_PRSNL_ID=Long,BEG_EFFECTIVE_DT_TM=String,CONTACT_ROLE_CD=Long,CONTRIBUTOR_SYSTEM_CD=Long,COPY_CORRESPONDENCE_CD=Long,DATA_STATUS_CD=Long,DATA_STATUS_DT_TM=String,DATA_STATUS_PRSNL_ID=Long,DEFAULT_RELTN_IND=Long,END_EFFECTIVE_DT_TM=String,FAMILY_RELTN_SUB_TYPE_CD=Long,FREE_TEXT_CD=Long,FT_REL_PERSON_NAME=String,GENETIC_RELATIONSHIP_IND=Long,INTERNAL_SEQ=Long,LIVING_WITH_IND=Long,PERSON_ID=Long,PERSON_PERSON_RELTN_ID=Long,PERSON_RELTN_CD=Long,PERSON_RELTN_TYPE_CD=Long,PRIORITY_SEQ=Long,RELATED_PERSON_ID=Long,RELATED_PERSON_RELTN_CD=Long,RELATION_SEQ=Long,SOURCE_IDENTIFIER=String,UPDT_APPLCTX=Long,UPDT_CNT=Long,UPDT_DT_TM=String,UPDT_ID=Long,UPDT_TASK=Long,VISITATION_ALLOWED_CD=Long"
# }
# delta_tz(){
# cd $SCRIPTS_DIR/work-hiae
# sh pyspark_submit_fromUTCtoTZ_delta.sh stg-$1-delta PERSON_PERSON_RELTN_ID UPDT_DT_TM stg_millennium.person_person_reltn 4 3 15g
# }
# drop_tmp()
# {
# hive -e "drop table stg_millennium.$1_tmp"
# hive -e "drop table stg_millennium.$1_delta"
# }
# drop_table(){
# hive -e "drop table stg_millennium.$1"  
# }


# #drop_table $1 && full_sqoop $1 && full_tz $1 && drop_tmp $1 && echo "carga full finalizada com sucesso" || exit 1
# delta_sqoop $1 && delta_tz $1 && drop_tmp $1 && echo "carga delta finalizada com sucesso" || exit 1]]></script>
        <scriptargs>PERSON_PERSON_RELTN</scriptargs>
      </command>
    </sequence>
    <uuid>da9dbc0c-5f62-44e3-a7fd-abc6cf42bccb</uuid>
  </job>
</joblist>