<joblist>
  <job>
    <defaultTab>nodes</defaultTab>
    <description>Ingest�o da tabela MIC_MEDIA_ACTIVITY</description>
    <dispatch>
      <excludePrecedence>true</excludePrecedence>
      <keepgoing>false</keepgoing>
      <rankOrder>ascending</rankOrder>
      <successOnEmptyNodeFilter>false</successOnEmptyNodeFilter>
      <threadcount>1</threadcount>
    </dispatch>
    <executionEnabled>true</executionEnabled>
    <group>STG_MILLENNIUM - Modularizado/STAGE 14</group>
    <id>50e358ad-985d-4326-b895-3c0c9ae01d16</id>
    <loglevel>INFO</loglevel>
    <name>009 - MIC_MEDIA_ACTIVITY</name>
    <nodeFilterEditable>false</nodeFilterEditable>
    <nodefilters>
      <filter>lpfbigdap02*</filter>
    </nodefilters>
    <nodesSelectedByDefault>true</nodesSelectedByDefault>
    <scheduleEnabled>true</scheduleEnabled>
    <sequence keepgoing='false' strategy='node-first'>
      <command>
        <description>MIC_MEDIA_ACTIVITY</description>
        <script><![CDATA[cd $SCRIPTS_DIR/ingestions/
sh ingestion-new.sh --env millennium --sourcetable $1 --all 1]]></script>
        <scriptargs>MIC_MEDIA_ACTIVITY</scriptargs>
      </command>
    </sequence>
    <uuid>50e358ad-985d-4326-b895-3c0c9ae01d16</uuid>
  </job>
</joblist>