<joblist>
  <job>
    <defaultTab>nodes</defaultTab>
    <description>Ingest�o da tabela V500_EVENT_SET_CANON</description>
    <dispatch>
      <excludePrecedence>true</excludePrecedence>
      <keepgoing>false</keepgoing>
      <rankOrder>ascending</rankOrder>
      <successOnEmptyNodeFilter>false</successOnEmptyNodeFilter>
      <threadcount>1</threadcount>
    </dispatch>
    <executionEnabled>true</executionEnabled>
    <group>STG_MILLENNIUM - Modularizado/STAGE 14</group>
    <id>686b50e7-7985-471c-a636-2f05abcdb59d</id>
    <loglevel>INFO</loglevel>
    <name>010 - V500_EVENT_SET_CANON</name>
    <nodeFilterEditable>false</nodeFilterEditable>
    <nodefilters>
      <filter>lpfbigdap02*</filter>
    </nodefilters>
    <nodesSelectedByDefault>true</nodesSelectedByDefault>
    <scheduleEnabled>true</scheduleEnabled>
    <sequence keepgoing='false' strategy='node-first'>
      <command>
        <description>V500_EVENT_SET_CANON</description>
        <script><![CDATA[cd $SCRIPTS_DIR/ingestions/
sh ingestion-new.sh --env millennium --sourcetable $1 --all 1]]></script>
        <scriptargs>V500_EVENT_SET_CANON</scriptargs>
      </command>
    </sequence>
    <uuid>686b50e7-7985-471c-a636-2f05abcdb59d</uuid>
  </job>
</joblist>