<joblist>
  <job>
    <defaultTab>nodes</defaultTab>
    <description>Ingest�o da tabela GENERAL_REQ_TYPES</description>
    <dispatch>
      <excludePrecedence>true</excludePrecedence>
      <keepgoing>false</keepgoing>
      <rankOrder>ascending</rankOrder>
      <successOnEmptyNodeFilter>false</successOnEmptyNodeFilter>
      <threadcount>1</threadcount>
    </dispatch>
    <executionEnabled>true</executionEnabled>
    <group>STG_MANUSIS/STAGE 01</group>
    <id>113f029b-bc90-4cbb-9203-6a22171de9b9</id>
    <loglevel>INFO</loglevel>
    <name>043 - GENERAL_REQ_TYPES</name>
    <nodeFilterEditable>false</nodeFilterEditable>
    <nodefilters>
      <filter>lpfbigdap02*</filter>
    </nodefilters>
    <nodesSelectedByDefault>true</nodesSelectedByDefault>
    <scheduleEnabled>true</scheduleEnabled>
    <sequence keepgoing='false' strategy='node-first'>
      <command>
        <description>general_req_types</description>
        <script><![CDATA[cd $SCRIPTS_DIR/ingestions/
#sh ingestion.sh --env manusis --sourcetable $1 --all 1
#sh ingestion-new.sh --env manusis --sourcetable $1 --all 1
sh ingestion-new-mysql.sh --env manusis --sourcetable $1 --all 1]]></script>
        <scriptargs>general_req_types</scriptargs>
      </command>
    </sequence>
    <uuid>113f029b-bc90-4cbb-9203-6a22171de9b9</uuid>
  </job>
</joblist>