<joblist>
  <job>
    <defaultTab>nodes</defaultTab>
    <description>Ingest�o da tabela MAINT_PUNCH_LISTS</description>
    <dispatch>
      <excludePrecedence>true</excludePrecedence>
      <keepgoing>false</keepgoing>
      <rankOrder>ascending</rankOrder>
      <successOnEmptyNodeFilter>false</successOnEmptyNodeFilter>
      <threadcount>1</threadcount>
    </dispatch>
    <executionEnabled>true</executionEnabled>
    <group>STG_MANUSIS/STAGE 01</group>
    <id>2ac7b233-49bc-4228-a2a4-fdd45d83e3bc</id>
    <loglevel>INFO</loglevel>
    <name>023 - MAINT_PUNCH_LISTS</name>
    <nodeFilterEditable>false</nodeFilterEditable>
    <nodefilters>
      <filter>lpfbigdap02*</filter>
    </nodefilters>
    <nodesSelectedByDefault>true</nodesSelectedByDefault>
    <scheduleEnabled>true</scheduleEnabled>
    <sequence keepgoing='false' strategy='node-first'>
      <command>
        <description>maint_punch_lists</description>
        <script><![CDATA[cd $SCRIPTS_DIR/ingestions/
#sh ingestion.sh --env manusis --sourcetable $1 --all 1
#sh ingestion-new.sh --env manusis --sourcetable $1 --all 1
sh ingestion-new-mysql.sh --env manusis --sourcetable $1 --all 1]]></script>
        <scriptargs>maint_punch_lists</scriptargs>
      </command>
    </sequence>
    <uuid>2ac7b233-49bc-4228-a2a4-fdd45d83e3bc</uuid>
  </job>
</joblist>