<joblist>
  <job>
    <defaultTab>nodes</defaultTab>
    <description>Ingest�o da tabela WASTES</description>
    <dispatch>
      <excludePrecedence>true</excludePrecedence>
      <keepgoing>false</keepgoing>
      <rankOrder>ascending</rankOrder>
      <successOnEmptyNodeFilter>false</successOnEmptyNodeFilter>
      <threadcount>1</threadcount>
    </dispatch>
    <executionEnabled>true</executionEnabled>
    <group>STG_MANUSIS/STAGE 01</group>
    <id>45404d6c-aba5-43fa-b658-1b98ac78d19e</id>
    <loglevel>INFO</loglevel>
    <name>030 - WASTES</name>
    <nodeFilterEditable>false</nodeFilterEditable>
    <nodefilters>
      <filter>lpfbigdap02*</filter>
    </nodefilters>
    <nodesSelectedByDefault>true</nodesSelectedByDefault>
    <scheduleEnabled>true</scheduleEnabled>
    <sequence keepgoing='false' strategy='node-first'>
      <command>
        <description>wastes</description>
        <script><![CDATA[cd $SCRIPTS_DIR/ingestions/
#sh ingestion.sh --env manusis --sourcetable $1 --all 1
#sh ingestion-new.sh --env manusis --sourcetable $1 --all 1
sh ingestion-new-mysql.sh --env manusis --sourcetable $1 --all 1]]></script>
        <scriptargs>wastes</scriptargs>
      </command>
    </sequence>
    <uuid>45404d6c-aba5-43fa-b658-1b98ac78d19e</uuid>
  </job>
</joblist>