<joblist>
  <job>
    <defaultTab>nodes</defaultTab>
    <description>Ingest�o da tabela MAINT_ORDER_CANCEL_REASON_TRANSLATIONS</description>
    <dispatch>
      <excludePrecedence>true</excludePrecedence>
      <keepgoing>false</keepgoing>
      <rankOrder>ascending</rankOrder>
      <successOnEmptyNodeFilter>false</successOnEmptyNodeFilter>
      <threadcount>1</threadcount>
    </dispatch>
    <executionEnabled>true</executionEnabled>
    <group>STG_MANUSIS/STAGE 01</group>
    <id>7adfb853-a5f8-494e-a298-b37350082a2b</id>
    <loglevel>INFO</loglevel>
    <name>016 - MAINT_ORDER_CANCEL_REASON_TRANSLATIONS</name>
    <nodeFilterEditable>false</nodeFilterEditable>
    <nodefilters>
      <filter>lpfbigdap02*</filter>
    </nodefilters>
    <nodesSelectedByDefault>true</nodesSelectedByDefault>
    <scheduleEnabled>true</scheduleEnabled>
    <sequence keepgoing='false' strategy='node-first'>
      <command>
        <description>maint_order_cancel_reason_translations</description>
        <script><![CDATA[cd $SCRIPTS_DIR/ingestions/
#sh ingestion.sh --env manusis --sourcetable $1 --all 1
#sh ingestion-new.sh --env manusis --sourcetable $1 --all 1
sh ingestion-new-mysql.sh --env manusis --sourcetable $1 --all 1]]></script>
        <scriptargs>maint_order_cancel_reason_translations</scriptargs>
      </command>
    </sequence>
    <uuid>7adfb853-a5f8-494e-a298-b37350082a2b</uuid>
  </job>
</joblist>