<joblist>
  <job>
    <defaultTab>nodes</defaultTab>
    <description>Ingest�o da tabela MAINT_ORDER_MATERIALS_USAGES</description>
    <dispatch>
      <excludePrecedence>true</excludePrecedence>
      <keepgoing>false</keepgoing>
      <rankOrder>ascending</rankOrder>
      <successOnEmptyNodeFilter>false</successOnEmptyNodeFilter>
      <threadcount>1</threadcount>
    </dispatch>
    <executionEnabled>true</executionEnabled>
    <group>STG_MANUSIS/STAGE 01</group>
    <id>93a4c1e6-7d33-4b2e-ae21-f642db4dea13</id>
    <loglevel>INFO</loglevel>
    <name>029 - MAINT_ORDER_MATERIALS_USAGES</name>
    <nodeFilterEditable>false</nodeFilterEditable>
    <nodefilters>
      <filter>lpfbigdap02*</filter>
    </nodefilters>
    <nodesSelectedByDefault>true</nodesSelectedByDefault>
    <scheduleEnabled>true</scheduleEnabled>
    <sequence keepgoing='false' strategy='node-first'>
      <command>
        <description>maint_order_materials_usages</description>
        <script><![CDATA[cd $SCRIPTS_DIR/ingestions/
#sh ingestion.sh --env manusis --sourcetable $1 --all 1
#sh ingestion-new.sh --env manusis --sourcetable $1 --all 1
sh ingestion-new-mysql.sh --env manusis --sourcetable $1 --all 1]]></script>
        <scriptargs>maint_order_materials_usages</scriptargs>
      </command>
    </sequence>
    <uuid>93a4c1e6-7d33-4b2e-ae21-f642db4dea13</uuid>
  </job>
</joblist>